participant_id,first_name,last_name,email,birth_date,city,federal_state,funding_type,acquisition_channel,created_at,modified_at
10001,Murat,Lange,muratlange@web.de,1973-04-28,Bonn,Nordrhein-Westfalen,Bildungsgutschein,LinkedIn,2024-09-12T13:17:00,2024-09-12T13:17:00
10002,Franziska,Jung,f.jung@gmail.com,1978-09-24,Frankfurt am Main,Hessen,Bildungsgutschein,Messe,2025-02-06T09:29:00,2025-02-06T09:29:00
10003,Sergej,Kowalski,s.kowalski@gmx.de,,Köln,Nordrhein-Westfalen,Bildungsgutschein,Website organisch,2025-04-20T13:17:00,2026-08-25T21:00:00
10004,Mehmet,Petrov,mehmet.petrov84@gmail.com,1997-03-09,Rostock,Mecklenburg-Vorpommern,Bildungsgutschein,Agentur für Arbeit / Jobcenter,2024-10-21T10:47:00,2024-10-21T10:47:00
10005,Emre,Frank,e.frank@posteo.de,1976-09-16,Duisburg,Nordrhein-Westfalen,Firmenkunde,Agentur für Arbeit / Jobcenter,2024-09-02T19:03:00,2026-08-25T10:00:00
10006,Franziska,Aydin,franziska.aydin9@gmx.de,1997-09-09,Mainz,Rheinland-Pfalz,Selbstzahler,Agentur für Arbeit / Jobcenter,2025-12-19T20:00:00,2025-12-19T20:00:00
10007,Niklas,Tran,n.tran@gmail.com,1986-07-06,Leipzig,Sachsen,Firmenkunde,Agentur für Arbeit / Jobcenter,2025-09-08T07:46:00,2025-09-08T07:46:00
10008,Patrick,Haddad,p.haddad@gmail.com,1977-06-25,Hannover,Niedersachsen,Firmenkunde,Website organisch,2024-11-13T15:49:00,2024-11-13T15:49:00
10009,Ahmed,Fuchs,a.fuchs@gmx.de,1983-01-08,Münster,Nordrhein-Westfalen,Selbstzahler,LinkedIn,2026-01-02T08:05:00,2026-01-02T08:05:00
10010,Niklas,Khalil,niklas.khalil85@gmail.com,1984-09-28,Bremen,Bremen,Firmenkunde,Empfehlung,2026-02-12T13:13:00,2026-08-26T20:00:00
10011,Sören,Schmitt,s.schmitt@web.de,2001-08-04,Erfurt,Thüringen,Bildungsgutschein,Google Ads,2025-02-09T10:04:00,2025-02-09T10:04:00
10012,Svetlana,Otto,svetlana.otto@gmail.com,1972-01-28,Duisburg,Nordrhein-Westfalen,Bildungsgutschein,Empfehlung,2025-05-05T08:32:00,2025-05-05T08:32:00
10013,Zeynep,Martin,zeynep.martin74@gmail.com,1998-07-07,Bochum,Nordrhein-Westfalen,Bildungsgutschein,Agentur für Arbeit / Jobcenter,2024-09-05T08:42:00,2024-09-05T08:42:00
10014,Thomas,Rossi,thomas.rossi@gmail.com,1993-12-11,Köln,Nordrhein-Westfalen,Bildungsgutschein,Agentur für Arbeit / Jobcenter,2024-09-20T10:12:00,2024-09-20T10:12:00
10015,Sebastian,Hartmann,sebastian.hartmann@gmail.com,2003-02-02,Erfurt,Thüringen,Bildungsgutschein,Agentur für Arbeit / Jobcenter,2026-03-30T15:53:00,2026-03-30T15:53:00
10016,Irina,Krüger,irinakrueger@gmx.de,1971-03-13,Rostock,Mecklenburg-Vorpommern,Firmenkunde,LinkedIn,2024-06-03T13:16:00,2024-06-03T13:16:00
10017,Chiara,Frank,chiara.frank94@web.de,1980-05-07,Essen,Nordrhein-Westfalen,Bildungsgutschein,Empfehlung,2024-07-30T16:47:00,2026-08-29T05:00:00
10018,Maria,Wagner,mariawagner@gmx.de,2000-02-28,Köln,Nordrhein-Westfalen,Bildungsgutschein,LinkedIn,2024-12-08T08:38:00,2024-12-08T08:38:00
10019,Simon,Wolf,simonwolf@icloud.com,1973-07-22,München,Bayern,Bildungsgutschein,Agentur für Arbeit / Jobcenter,2026-01-19T16:33:00,2026-01-19T16:33:00
10020,Luca,Petrov,luca.petrov34@gmail.com,1987-08-11,Dortmund,Nordrhein-Westfalen,Bildungsgutschein,Messe,2026-07-10T08:00:00,2026-07-11T08:00:00
10021,Jana,Hoffmann,j.hoffmann@gmx.de,1990-02-08,Dortmund,Nordrhein-Westfalen,Bildungsgutschein,Google Ads,2025-06-14T11:10:00,2025-06-14T11:10:00
10022,Yasmin,Seidel,yasmin.seidel@yahoo.de,1974-03-09,Münster,Nordrhein-Westfalen,Bildungsgutschein,Agentur für Arbeit / Jobcenter,2024-09-27T08:47:00,2024-09-27T08:47:00
10023,Omar,Werner,o.werner@web.de,1984-01-03,Freiburg im Breisgau,Baden-Württemberg,Bildungsgutschein,Agentur für Arbeit / Jobcenter,2026-03-12T13:53:00,2026-03-12T13:53:00
10024,Melanie,Yilmaz,melanie.yilmaz21@yahoo.de,,Magdeburg,Sachsen-Anhalt,Bildungsgutschein,Agentur für Arbeit / Jobcenter,2024-08-17T18:57:00,2025-03-08T18:57:00
10025,Jan,Jäger,janjaeger@gmx.de,1987-06-26,München,Bayern,Selbstzahler,Empfehlung,2024-07-11T12:13:00,2025-03-27T12:13:00
10026,Felix,Krämer,felixkraemer@posteo.de,1978-03-14,Bochum,Nordrhein-Westfalen,Firmenkunde,LinkedIn,2024-06-26T09:47:00,2024-11-29T09:47:00
10027,Philipp,Çelik,p.celik@posteo.de,1974-07-28,Bremen,Bremen,Bildungsgutschein,LinkedIn,2024-07-10T20:30:00,2024-07-10T20:30:00
10028,Andreas,Scholz,andreasscholz@gmail.com,1980-07-11,Hamburg,Hamburg,Firmenkunde,Agentur für Arbeit / Jobcenter,2025-03-13T20:04:00,2025-03-13T20:04:00
10029,Piotr,Ludwig,p.ludwig@gmail.com,1975-05-06,Hamburg,Hamburg,Bildungsgutschein,Agentur für Arbeit / Jobcenter,2026-01-16T11:02:00,2026-01-16T11:02:00
10030,Max,Berger,max.berger@web.de,1980-05-02,Mainz,Rheinland-Pfalz,Bildungsgutschein,LinkedIn,2026-05-27T13:00:00,2026-05-27T13:00:00
10031,Nikolaus,Ivanova,nikolausivanova@icloud.com,1995-02-22,Wiesbaden,Hessen,Bildungsgutschein,Agentur für Arbeit / Jobcenter,2025-05-05T16:20:00,2025-05-05T16:20:00
10032,Yasmin,Simon,y.simon@gmail.com,1986-09-05,Rostock,Mecklenburg-Vorpommern,Firmenkunde,Empfehlung,2024-12-14T13:42:00,2026-08-27T13:00:00
10033,Amelie,Seidel,amelie.seidel@gmx.de,1986-04-14,Münster,Nordrhein-Westfalen,Bildungsgutschein,Agentur für Arbeit / Jobcenter,2026-01-15T16:41:00,2026-01-15T16:41:00
10034,Marco,Schmitz,marcoschmitz@gmx.de,1986-09-22,Stuttgart,Baden-Württemberg,Bildungsgutschein,Website organisch,2026-03-11T16:21:00,2026-03-11T16:21:00
10035,Irina,Öztürk,irinaoeztuerk@gmail.com,1970-04-16,Hamburg,Hamburg,Bildungsgutschein,Agentur für Arbeit / Jobcenter,2026-02-16T20:49:00,2026-02-16T20:49:00
10036,Dmitri,Stein,dmitri.stein90@gmail.com,1993-04-05,Freiburg im Breisgau,Baden-Württemberg,Firmenkunde,LinkedIn,2026-04-03T18:00:00,2026-04-03T18:00:00
10037,Sina,Frank,sina.frank90@gmail.com,2003-04-28,Köln,Nordrhein-Westfalen,Selbstzahler,Empfehlung,2024-10-03T14:08:00,2024-10-03T14:08:00
10038,Ali,Sommer,ali.sommer97@gmail.com,2003-08-06,Magdeburg,Sachsen-Anhalt,Bildungsgutschein,Empfehlung,2026-07-02T20:30:00,2026-07-02T20:30:00
10039,Sergej,Herrmann,sergej.herrmann67@outlook.de,1985-08-03,Bochum,Nordrhein-Westfalen,Bildungsgutschein,Agentur für Arbeit / Jobcenter,2026-06-01T11:15:00,2026-06-01T11:15:00
10040,Moritz,Schäfer,moritz.schaefer30@gmail.com,1981-02-14,Essen,Nordrhein-Westfalen,Bildungsgutschein,Agentur für Arbeit / Jobcenter,2025-07-23T12:34:00,2025-07-23T12:34:00
10041,Florian,Schubert,florian.schubert@icloud.com,1998-01-12,Mainz,Rheinland-Pfalz,Firmenkunde,Website organisch,2025-04-02T19:24:00,2025-04-02T19:24:00
10042,Florian,Kraus,floriankraus@web.de,1982-05-14,Freiburg im Breisgau,Baden-Württemberg,Bildungsgutschein,Empfehlung,2025-10-11T07:24:00,2025-10-11T07:24:00
10043,Simon,Ivanova,simonivanova@gmail.com,1993-10-19,Hamburg,Hamburg,Bildungsgutschein,Agentur für Arbeit / Jobcenter,2026-04-10T07:05:00,2026-04-10T07:05:00
10044,Thomas,Hartmann,t.hartmann@gmail.com,1997-06-11,Nürnberg,Bayern,Selbstzahler,LinkedIn,2026-07-20T13:17:00,2026-07-20T13:17:00
10045,Ewa,Schäfer,ewa.schaefer@gmx.de,1982-11-03,Augsburg,Bayern,Selbstzahler,Website organisch,2026-08-09T17:02:00,2026-08-09T17:02:00
10046,Elif,Schneider,elifschneider@web.de,1975-10-07,Saarbrücken,Saarland,Selbstzahler,Agentur für Arbeit / Jobcenter,2025-09-20T18:16:00,2025-11-10T18:16:00
10047,Omar,Nguyen,o.nguyen@web.de,1969-05-19,Düsseldorf,Nordrhein-Westfalen,Firmenkunde,Agentur für Arbeit / Jobcenter,2026-04-25T13:25:00,2026-08-30T18:00:00
10048,Can,Kowalski,can.kowalski@outlook.de,1975-10-26,Münster,Nordrhein-Westfalen,Bildungsgutschein,Agentur für Arbeit / Jobcenter,2024-07-13T12:34:00,2024-07-13T12:34:00
10049,Patrick,Kaya,patrick.kaya54@gmail.com,1995-06-21,Düsseldorf,Nordrhein-Westfalen,Bildungsgutschein,Empfehlung,2025-09-14T18:09:00,2025-09-14T18:09:00
10050,Marek,Köhler,marek.koehler69@web.de,1995-12-19,Potsdam,Brandenburg,Bildungsgutschein,Website organisch,2025-03-02T12:54:00,2025-04-17T12:54:00
10051,Giulia,Roth,giulia.roth60@gmail.com,1969-08-28,Mannheim,Baden-Württemberg,Bildungsgutschein,LinkedIn,2025-04-29T09:31:00,2025-04-29T09:31:00
10052,Jonas,Herrmann,j.herrmann@posteo.de,2001-04-03,Berlin,Berlin,Bildungsgutschein,Empfehlung,2025-02-03T18:26:00,2025-02-03T18:26:00
10053,Sören,Baumann,soeren.baumann63@web.de,1973-05-08,Hamburg,Hamburg,Bildungsgutschein,Google Ads,2025-07-20T18:15:00,2025-07-20T18:15:00
10054,Markus,Schumacher,m.schumacher@gmx.de,,Augsburg,Bayern,Selbstzahler,Agentur für Arbeit / Jobcenter,2025-02-13T10:07:00,2025-02-13T10:07:00
10055,Niklas,Haddad,niklashaddad@web.de,1985-12-19,Saarbrücken,Saarland,Bildungsgutschein,Agentur für Arbeit / Jobcenter,2026-07-19T15:38:00,2026-08-30T18:00:00
10056,Ayşe,Walter,a.walter@gmail.com,2002-03-09,Berlin,Berlin,Bildungsgutschein,Website organisch,2024-07-17T07:35:00,2024-07-17T07:35:00
10057,Sergej,Tran,s.tran@gmx.de,1998-08-11,Saarbrücken,Saarland,Firmenkunde,Google Ads,2024-12-06T07:16:00,2024-12-06T07:16:00
10058,Sophie,Friedrich,sophie.friedrich@gmx.de,1977-10-10,Essen,Nordrhein-Westfalen,Bildungsgutschein,Agentur für Arbeit / Jobcenter,2024-08-27T10:07:00,2024-08-27T10:07:00
10059,Ahmed,Heinrich,ahmed.heinrich67@gmail.com,1996-05-28,Erfurt,Thüringen,Bildungsgutschein,Agentur für Arbeit / Jobcenter,2026-01-24T13:19:00,2026-01-24T13:19:00
10060,Jana,Haddad,j.haddad@gmail.com,1978-04-06,Stuttgart,Baden-Württemberg,Bildungsgutschein,Google Ads,2025-12-18T08:10:00,2025-12-18T08:10:00
10061,Ahmed,Baumann,a.baumann@gmail.com,1997-02-22,Bonn,Nordrhein-Westfalen,Selbstzahler,Google Ads,2025-01-26T11:50:00,2025-01-26T11:50:00
10062,Elif,Frank,eliffrank@gmail.com,1977-02-02,Bielefeld,Nordrhein-Westfalen,Bildungsgutschein,LinkedIn,2024-11-17T19:19:00,2024-11-17T19:19:00
10063,Chiara,Winkler,c.winkler@gmail.com,1985-09-18,Rostock,Mecklenburg-Vorpommern,Bildungsgutschein,Website organisch,2025-10-19T14:05:00,2025-10-19T14:05:00
10064,Paul,Groß,paulgross@gmail.com,1985-10-02,Hamburg,Hamburg,Bildungsgutschein,Empfehlung,2026-07-22T19:11:00,2026-07-22T19:11:00
10065,Giulia,Hartmann,giulia.hartmann56@yahoo.de,1998-06-14,Stuttgart,Baden-Württemberg,Bildungsgutschein,Agentur für Arbeit / Jobcenter,2025-05-08T12:42:00,2025-05-08T12:42:00
10066,Philipp,Kowalski,philipp.kowalski85@gmx.de,1997-02-11,München,Bayern,Firmenkunde,Agentur für Arbeit / Jobcenter,2025-02-14T12:07:00,2025-02-14T12:07:00
10067,Dennis,Müller,dennis.mueller70@web.de,,Kiel,Schleswig-Holstein,Bildungsgutschein,Agentur für Arbeit / Jobcenter,2025-06-06T16:48:00,2025-06-06T16:48:00
10068,Katharina,Werner,k.werner@gmail.com,1999-02-01,Erfurt,Thüringen,Bildungsgutschein,Agentur für Arbeit / Jobcenter,2026-03-08T16:51:00,2026-03-08T16:51:00
10069,Jannik,Schmidt,jannikschmidt@gmx.de,1997-02-21,Leipzig,Sachsen,Selbstzahler,Google Ads,2024-11-05T14:59:00,2024-11-05T14:59:00
10070,Magdalena,Günther,magdalenaguenther@outlook.de,2003-03-13,Potsdam,Brandenburg,Selbstzahler,Agentur für Arbeit / Jobcenter,2024-12-13T16:32:00,2025-07-01T16:32:00
10071,Sophie,Herrmann,s.herrmann@outlook.de,1968-05-24,Bielefeld,Nordrhein-Westfalen,Bildungsgutschein,Empfehlung,2025-04-02T20:37:00,2025-04-02T20:37:00
10072,Claudia,Roth,c.roth@gmx.de,1997-06-28,Mainz,Rheinland-Pfalz,Bildungsgutschein,Agentur für Arbeit / Jobcenter,2024-12-11T18:15:00,2024-12-11T18:15:00
10073,Philipp,Meyer,philipp.meyer61@gmail.com,1977-08-02,Mainz,Rheinland-Pfalz,Bildungsgutschein,Agentur für Arbeit / Jobcenter,2024-10-08T15:37:00,2024-10-08T15:37:00
10074,Stefan,Bauer,stefan.bauer@gmx.de,1994-11-05,Essen,Nordrhein-Westfalen,Firmenkunde,Agentur für Arbeit / Jobcenter,2024-08-16T14:50:00,2024-08-16T14:50:00
10075,Sören,Vogel,soeren.vogel43@web.de,1999-09-02,Karlsruhe,Baden-Württemberg,Bildungsgutschein,Website organisch,2026-02-23T08:15:00,2026-02-23T08:15:00
10076,Svetlana,Nguyen,svetlana.nguyen@gmail.com,1978-12-10,Erfurt,Thüringen,Selbstzahler,Agentur für Arbeit / Jobcenter,2024-06-30T07:20:00,2024-06-30T07:20:00
10077,Jan,Berger,jan.berger68@gmail.com,1978-03-03,Dresden,Sachsen,Bildungsgutschein,Agentur für Arbeit / Jobcenter,2026-02-15T20:24:00,2026-02-15T20:24:00
10078,Emre,Schwarz,e.schwarz@gmail.com,1984-11-01,Potsdam,Brandenburg,Bildungsgutschein,Agentur für Arbeit / Jobcenter,2025-09-20T11:43:00,2025-09-20T11:43:00
10079,Leon,Otto,l.otto@gmail.com,1987-04-13,Potsdam,Brandenburg,Bildungsgutschein,Agentur für Arbeit / Jobcenter,2025-10-08T08:15:00,2025-10-08T08:15:00
10080,Ines,Nowak,ines.nowak85@gmail.com,1968-10-28,Bielefeld,Nordrhein-Westfalen,Firmenkunde,Website organisch,2026-05-04T19:47:00,2026-08-31T21:00:00
10081,Matthias,König,m.koenig@outlook.de,1980-10-09,Duisburg,Nordrhein-Westfalen,Selbstzahler,Empfehlung,2026-04-26T19:46:00,2026-04-26T19:46:00
10082,Stefanie,Brandt,stefanie.brandt@gmail.com,1996-01-19,Münster,Nordrhein-Westfalen,Bildungsgutschein,Agentur für Arbeit / Jobcenter,2025-06-09T18:08:00,2025-06-09T18:08:00
10083,Florian,Hofmann,f.hofmann@gmail.com,1978-05-27,Bielefeld,Nordrhein-Westfalen,Selbstzahler,Agentur für Arbeit / Jobcenter,2025-10-07T19:18:00,2025-10-07T19:18:00
10084,Nadine,Lorenz,nadinelorenz@yahoo.de,2003-06-03,Rostock,Mecklenburg-Vorpommern,Bildungsgutschein,Google Ads,2025-07-10T07:16:00,2026-08-30T17:00:00
10085,Marco,Nguyen,marco.nguyen75@web.de,1974-11-08,Wiesbaden,Hessen,Firmenkunde,Google Ads,2025-09-26T07:39:00,2025-09-26T07:39:00
10086,Hassan,Krause,hassan.krause82@web.de,1994-02-05,Münster,Nordrhein-Westfalen,Firmenkunde,Agentur für Arbeit / Jobcenter,2024-07-17T07:19:00,2024-07-17T07:19:00
10087,Irina,Kraus,i.kraus@gmail.com,1977-07-21,Kiel,Schleswig-Holstein,Bildungsgutschein,Website organisch,2024-09-10T20:31:00,2024-10-04T20:31:00
10088,Giulia,Weber,giulia.weber28@web.de,1983-06-04,Erfurt,Thüringen,Firmenkunde,Google Ads,2026-05-04T12:34:00,2026-07-16T12:34:00
10089,Maria,Vogel,maria.vogel16@gmail.com,1981-11-21,Stuttgart,Baden-Württemberg,Selbstzahler,Agentur für Arbeit / Jobcenter,2026-02-02T07:03:00,2026-02-02T07:03:00
10090,Melanie,Vogt,melanievogt@gmail.com,1982-06-25,Nürnberg,Bayern,Bildungsgutschein,Agentur für Arbeit / Jobcenter,2024-10-30T19:57:00,2024-10-30T19:57:00
10091,Sabine,Schröder,sabine.schroeder@gmx.de,1976-01-12,Hamburg,Hamburg,Bildungsgutschein,Agentur für Arbeit / Jobcenter,2025-01-30T16:20:00,2025-11-11T16:20:00
10092,Melanie,Ferrari,melanie.ferrari@gmx.de,1996-06-17,Saarbrücken,Saarland,Bildungsgutschein,Website organisch,2026-01-29T08:28:00,2026-08-31T03:00:00
10093,Lisa,Rossi,l.rossi@outlook.de,1969-01-16,Potsdam,Brandenburg,Bildungsgutschein,Empfehlung,2025-07-17T13:43:00,2025-07-17T13:43:00
10094,Stefan,Hoffmann,stefanhoffmann@posteo.de,1976-05-20,Frankfurt am Main,Hessen,Selbstzahler,Agentur für Arbeit / Jobcenter,2026-03-11T16:35:00,2026-07-29T16:35:00
10095,Ahmed,Winter,ahmed.winter65@gmail.com,1975-11-21,Düsseldorf,Nordrhein-Westfalen,Firmenkunde,Agentur für Arbeit / Jobcenter,2026-07-28T15:46:00,2026-07-28T15:46:00
10096,Svetlana,Keller,svetlana.keller59@gmail.com,1974-06-14,Kiel,Schleswig-Holstein,Bildungsgutschein,Agentur für Arbeit / Jobcenter,2025-04-17T17:16:00,2025-04-17T17:16:00
10097,Markus,Schulz,markus.schulz@gmail.com,1974-12-24,Magdeburg,Sachsen-Anhalt,Bildungsgutschein,Google Ads,2025-06-17T19:08:00,2025-06-17T19:08:00
10098,Ali,Krämer,ali.kraemer16@gmail.com,1995-12-02,Augsburg,Bayern,Bildungsgutschein,Google Ads,2025-03-22T16:19:00,2025-03-22T16:19:00
10099,Zeynep,Zimmermann,zeynep.zimmermann@web.de,2003-06-04,Augsburg,Bayern,Bildungsgutschein,Agentur für Arbeit / Jobcenter,2026-07-21T11:36:00,2026-07-21T11:36:00
10100,Ali,Khalil,ali.khalil@outlook.de,1969-03-09,Bielefeld,Nordrhein-Westfalen,Firmenkunde,Agentur für Arbeit / Jobcenter,2026-05-21T19:19:00,2026-05-21T19:19:00
10101,Merve,Schwarz,merve.schwarz@gmx.de,1969-02-24,Essen,Nordrhein-Westfalen,Bildungsgutschein,Agentur für Arbeit / Jobcenter,2025-11-26T10:24:00,2025-11-26T10:24:00
10102,Jan,Huber,jan.huber@web.de,1977-03-25,Köln,Nordrhein-Westfalen,Bildungsgutschein,Agentur für Arbeit / Jobcenter,2026-02-23T07:43:00,2026-08-07T07:43:00
10103,Sebastian,Albrecht,s.albrecht@web.de,2000-02-12,Nürnberg,Bayern,Bildungsgutschein,Google Ads,2025-08-15T08:18:00,2025-08-15T08:18:00
10104,Marcel,Çelik,marcel.celik29@gmail.com,1968-04-10,Köln,Nordrhein-Westfalen,Selbstzahler,Agentur für Arbeit / Jobcenter,2025-01-03T19:08:00,2025-01-03T19:08:00
10105,Christina,Müller,christinamueller@gmx.de,1992-09-23,Dortmund,Nordrhein-Westfalen,Firmenkunde,LinkedIn,2025-01-22T15:35:00,2025-01-22T15:35:00
10106,Nina,Vogel,nina.vogel6@posteo.de,1997-02-28,Hamburg,Hamburg,Bildungsgutschein,Empfehlung,2025-04-17T16:27:00,2025-04-17T16:27:00
10107,Florian,Walter,f.walter@gmail.com,1997-12-12,Bremen,Bremen,Bildungsgutschein,Agentur für Arbeit / Jobcenter,2024-08-30T13:54:00,2024-08-30T13:54:00
10108,Simon,Winter,s.winter@gmail.com,1989-03-03,Duisburg,Nordrhein-Westfalen,Bildungsgutschein,Agentur für Arbeit / Jobcenter,2025-11-05T17:07:00,2025-11-05T17:07:00
10109,Leon,Scholz,leonscholz@web.de,1974-03-09,Bochum,Nordrhein-Westfalen,Bildungsgutschein,Empfehlung,2024-12-20T09:38:00,2024-12-20T09:38:00
10110,Nina,Hofmann,nina.hofmann81@yahoo.de,1996-11-19,Potsdam,Brandenburg,Bildungsgutschein,Messe,2026-03-21T17:39:00,2026-03-21T17:39:00
10111,Max,Zimmermann,max.zimmermann61@gmx.de,1985-10-02,Münster,Nordrhein-Westfalen,Bildungsgutschein,Google Ads,2025-05-27T15:04:00,2025-05-27T15:04:00
10112,Maria,Jung,maria.jung@outlook.de,1997-10-18,Mainz,Rheinland-Pfalz,Firmenkunde,Google Ads,2026-06-27T07:28:00,2026-06-27T07:28:00
10113,Ayşe,Fuchs,aysefuchs@web.de,1996-02-26,Köln,Nordrhein-Westfalen,Bildungsgutschein,Agentur für Arbeit / Jobcenter,2025-05-18T18:05:00,2025-05-18T18:05:00
10114,Tatjana,Wojcik,tatjanawojcik@gmx.de,1991-05-13,Wiesbaden,Hessen,Bildungsgutschein,Agentur für Arbeit / Jobcenter,2025-07-24T19:21:00,2025-07-24T19:21:00
10115,Dmitri,Kaya,dmitri.kaya@gmail.com,1986-05-24,Mainz,Rheinland-Pfalz,Bildungsgutschein,Agentur für Arbeit / Jobcenter,2026-04-04T16:55:00,2026-04-04T16:55:00
10116,Tomasz,Schwarz,tomasz.schwarz40@icloud.com,1973-05-18,Dortmund,Nordrhein-Westfalen,Bildungsgutschein,Agentur für Arbeit / Jobcenter,2025-06-21T17:50:00,2025-06-21T17:50:00
10117,Björn,Ferrari,bjoern.ferrari@yahoo.de,2000-06-01,Magdeburg,Sachsen-Anhalt,Firmenkunde,Agentur für Arbeit / Jobcenter,2025-06-07T11:11:00,2025-06-07T11:11:00
10118,Alexander,Lange,alexanderlange@gmail.com,1986-02-17,Frankfurt am Main,Hessen,Selbstzahler,Google Ads,2026-07-30T15:53:00,2026-08-30T11:00:00
10119,Tomasz,Lang,tomaszlang@posteo.de,1977-03-06,Mainz,Rheinland-Pfalz,Selbstzahler,Agentur für Arbeit / Jobcenter,2026-05-11T19:39:00,2026-05-11T19:39:00
10120,Stefan,Meyer,stefanmeyer@gmx.de,1986-12-26,Erfurt,Thüringen,Bildungsgutschein,Website organisch,2025-09-03T10:34:00,2025-09-03T10:34:00
10121,Markus,Lange,markus.lange74@gmail.com,1986-07-17,Potsdam,Brandenburg,Selbstzahler,LinkedIn,2025-11-23T13:10:00,2025-11-23T13:10:00
10122,Stefanie,Schulze,s.schulze@gmail.com,2001-02-10,Düsseldorf,Nordrhein-Westfalen,Bildungsgutschein,Website organisch,2024-08-25T19:10:00,2024-08-25T19:10:00
10123,Sabine,Berger,sabine.berger29@gmail.com,1969-07-02,Augsburg,Bayern,Bildungsgutschein,Messe,2025-07-11T15:23:00,2025-07-11T15:23:00
10124,Jan,Krause,j.krause@gmail.com,1976-01-10,Essen,Nordrhein-Westfalen,Bildungsgutschein,Empfehlung,2025-09-27T18:53:00,2025-10-28T18:53:00
10125,Christian,Seidel,christian.seidel@gmail.com,1981-03-18,Wuppertal,Nordrhein-Westfalen,Bildungsgutschein,LinkedIn,2026-06-15T16:33:00,2026-06-15T16:33:00
10126,Irina,Mayer,irina.mayer31@gmail.com,1972-02-27,Potsdam,Brandenburg,Bildungsgutschein,Google Ads,2025-10-25T16:34:00,2025-11-08T16:34:00
10127,Irina,Petrov,irina.petrov@gmail.com,1983-10-14,Augsburg,Bayern,Bildungsgutschein,Messe,2024-12-09T17:42:00,2026-08-27T23:00:00
10128,Sophie,Winter,sophie.winter@gmx.de,1998-01-21,Mainz,Rheinland-Pfalz,Selbstzahler,Agentur für Arbeit / Jobcenter,2025-07-02T12:16:00,2025-07-02T12:16:00
10129,Sophie,Scholz,sophie.scholz@gmail.com,1976-01-12,Mannheim,Baden-Württemberg,Bildungsgutschein,LinkedIn,2025-12-12T12:52:00,2025-12-12T12:52:00
10130,Nikolaus,Lorenz,nikolauslorenz@yahoo.de,1972-12-25,Dortmund,Nordrhein-Westfalen,Bildungsgutschein,LinkedIn,2025-09-12T07:18:00,2025-09-12T07:18:00
10131,Lisa,Kaiser,lisa.kaiser66@icloud.com,,Saarbrücken,Saarland,Bildungsgutschein,LinkedIn,2026-03-25T10:18:00,2026-03-25T10:18:00
10132,Marek,Peters,marek.peters48@gmail.com,,Rostock,Mecklenburg-Vorpommern,Bildungsgutschein,Website organisch,2024-12-09T14:44:00,2024-12-09T14:44:00
10133,Kevin,Köhler,kevin.koehler94@outlook.de,1995-10-27,Stuttgart,Baden-Württemberg,Bildungsgutschein,Agentur für Arbeit / Jobcenter,2024-12-02T15:18:00,2024-12-02T15:18:00
10134,Tomasz,Walter,tomasz.walter78@gmail.com,1996-06-15,Bremen,Bremen,Firmenkunde,Google Ads,2024-07-14T18:55:00,2024-07-14T18:55:00
10135,Michael,Herrmann,michael.herrmann@web.de,1991-09-26,Rostock,Mecklenburg-Vorpommern,Firmenkunde,Agentur für Arbeit / Jobcenter,2026-07-08T17:10:00,2026-07-08T17:10:00
10136,Omar,Öztürk,omaroeztuerk@outlook.de,1983-11-12,Frankfurt am Main,Hessen,Bildungsgutschein,Agentur für Arbeit / Jobcenter,2025-06-06T13:36:00,2026-02-14T13:36:00
10137,Christian,Jung,christian.jung@gmail.com,2001-06-13,Dortmund,Nordrhein-Westfalen,Bildungsgutschein,Agentur für Arbeit / Jobcenter,2025-04-18T17:17:00,2026-08-31T05:00:00
10138,Merve,Schuster,merve.schuster@gmx.de,1984-12-15,Wuppertal,Nordrhein-Westfalen,Selbstzahler,Messe,2025-01-06T16:18:00,2025-01-06T16:18:00
10139,Elif,Wolf,elif.wolf10@gmail.com,1996-02-26,Dresden,Sachsen,Bildungsgutschein,Empfehlung,2026-04-30T20:20:00,2026-04-30T20:20:00
10140,Jannik,Martin,jannikmartin@gmail.com,1991-09-08,Dresden,Sachsen,Bildungsgutschein,LinkedIn,2024-10-03T10:50:00,2024-10-03T10:50:00
10141,Julia,Weiß,julia.weiss48@gmx.de,1973-02-10,Dortmund,Nordrhein-Westfalen,Bildungsgutschein,Agentur für Arbeit / Jobcenter,2025-07-13T18:46:00,2025-07-13T18:46:00
10142,Philipp,Stein,philipp.stein@gmail.com,1997-11-17,Erfurt,Thüringen,Firmenkunde,Google Ads,2025-05-19T09:56:00,2026-02-04T09:56:00
10143,Can,Hartmann,can.hartmann17@outlook.de,1975-09-05,Köln,Nordrhein-Westfalen,Bildungsgutschein,Empfehlung,2025-04-08T09:10:00,2025-04-08T09:10:00
10144,Leon,Böhm,l.boehm@posteo.de,2003-05-05,Hannover,Niedersachsen,Bildungsgutschein,Google Ads,2026-03-03T11:39:00,2026-03-03T11:39:00
10145,Leonie,Otto,leonieotto@icloud.com,1970-01-03,Mannheim,Baden-Württemberg,Bildungsgutschein,Empfehlung,2024-07-17T17:49:00,2024-07-17T17:49:00
10146,Murat,Günther,murat.guenther4@web.de,1987-08-08,Bonn,Nordrhein-Westfalen,Bildungsgutschein,Empfehlung,2026-05-03T13:19:00,2026-08-31T20:00:00
10147,Franziska,Winkler,franziskawinkler@gmx.de,1977-06-28,Mannheim,Baden-Württemberg,Firmenkunde,Agentur für Arbeit / Jobcenter,2026-06-06T12:46:00,2026-08-31T19:00:00
10148,Simon,Schröder,simon.schroeder@outlook.de,1983-08-04,Karlsruhe,Baden-Württemberg,Bildungsgutschein,Agentur für Arbeit / Jobcenter,2025-03-01T14:15:00,2025-03-01T14:15:00
10149,Daniel,Seidel,d.seidel@gmx.de,1980-03-16,Karlsruhe,Baden-Württemberg,Firmenkunde,Google Ads,2025-11-10T14:31:00,2025-11-10T14:31:00
10150,Miriam,Vogel,miriamvogel@gmx.de,1971-01-10,Augsburg,Bayern,Firmenkunde,Empfehlung,2025-10-20T16:56:00,2025-10-20T16:56:00
10151,Chiara,Kraus,chiara.kraus14@gmail.com,1984-12-12,Dortmund,Nordrhein-Westfalen,Bildungsgutschein,Agentur für Arbeit / Jobcenter,2026-07-23T13:23:00,2026-07-23T13:23:00
10152,Ali,Lange,ali.lange@gmail.com,2000-08-25,Mainz,Rheinland-Pfalz,Firmenkunde,Empfehlung,2025-12-16T11:52:00,2025-12-16T11:52:00
10153,Christina,Schröder,c.schroeder@yahoo.de,2003-06-25,Mannheim,Baden-Württemberg,Bildungsgutschein,Google Ads,2024-10-26T10:38:00,2025-04-07T10:38:00
10154,Lisa,Weber,lisa.weber43@gmail.com,1977-10-17,Potsdam,Brandenburg,Bildungsgutschein,Agentur für Arbeit / Jobcenter,2024-10-22T12:59:00,2024-10-22T12:59:00
10155,Hassan,Ferrari,h.ferrari@outlook.de,1987-08-27,Freiburg im Breisgau,Baden-Württemberg,Bildungsgutschein,Messe,2024-06-18T12:21:00,2024-06-18T12:21:00
10156,Emre,Huber,emre.huber@outlook.de,1984-11-26,Saarbrücken,Saarland,Bildungsgutschein,Agentur für Arbeit / Jobcenter,2026-08-04T16:36:00,2026-08-04T16:36:00
10157,Martin,Krüger,martin.krueger93@gmx.de,1983-01-19,Essen,Nordrhein-Westfalen,Bildungsgutschein,Agentur für Arbeit / Jobcenter,2026-05-19T08:12:00,2026-05-19T08:12:00
10158,Claudia,Keller,claudia.keller53@web.de,1976-09-07,Köln,Nordrhein-Westfalen,Bildungsgutschein,Agentur für Arbeit / Jobcenter,2025-12-27T12:42:00,2025-12-27T12:42:00
10159,Amelie,Beck,a.beck@icloud.com,1998-04-08,Wuppertal,Nordrhein-Westfalen,Bildungsgutschein,Messe,2025-03-13T15:19:00,2025-03-13T15:19:00
10160,Yasmin,Khalil,yasmin.khalil27@gmail.com,1998-06-18,Karlsruhe,Baden-Württemberg,Bildungsgutschein,Empfehlung,2026-06-09T11:18:00,2026-06-09T11:18:00
10161,Tobias,Vogel,tobiasvogel@outlook.de,1970-05-23,Bonn,Nordrhein-Westfalen,Bildungsgutschein,Agentur für Arbeit / Jobcenter,2024-08-20T12:59:00,2024-08-20T12:59:00
10162,Martin,Schmitz,m.schmitz@gmail.com,1976-02-20,Bielefeld,Nordrhein-Westfalen,Bildungsgutschein,Empfehlung,2026-06-29T16:15:00,2026-06-29T16:15:00
10163,Marcel,Krause,marcel.krause@web.de,1989-12-16,Kiel,Schleswig-Holstein,Bildungsgutschein,Website organisch,2024-09-11T17:49:00,2024-09-11T17:49:00
10164,Franziska,Keller,franziska.keller61@web.de,1986-06-10,Hannover,Niedersachsen,Selbstzahler,Empfehlung,2026-03-24T07:58:00,2026-03-24T07:58:00
10165,Svetlana,Kraus,svetlanakraus@web.de,1979-01-27,Kiel,Schleswig-Holstein,Bildungsgutschein,Empfehlung,2025-07-12T19:31:00,2025-07-12T19:31:00
10166,Ines,Weber,ines.weber@gmail.com,1986-08-21,Mannheim,Baden-Württemberg,Firmenkunde,Agentur für Arbeit / Jobcenter,2025-12-09T15:31:00,2025-12-09T15:31:00
10167,Patrick,Lorenz,p.lorenz@gmail.com,1997-11-09,Bremen,Bremen,Selbstzahler,LinkedIn,2026-06-06T09:00:00,2026-06-06T09:00:00
10168,Mehmet,Öztürk,mehmet.oeztuerk23@outlook.de,2000-06-03,Magdeburg,Sachsen-Anhalt,Bildungsgutschein,Agentur für Arbeit / Jobcenter,2025-07-16T17:06:00,2025-07-16T17:06:00
10169,Paul,Schmid,paulschmid@gmail.com,1985-06-10,Erfurt,Thüringen,Bildungsgutschein,Empfehlung,2026-01-18T18:36:00,2026-01-18T18:36:00
10170,Sören,Lehmann,soeren.lehmann16@gmail.com,1978-07-22,Münster,Nordrhein-Westfalen,Bildungsgutschein,Agentur für Arbeit / Jobcenter,2025-10-28T18:49:00,2026-01-01T18:49:00
10171,Ines,Jung,inesjung@web.de,1977-08-24,Saarbrücken,Saarland,Selbstzahler,Website organisch,2026-02-11T12:26:00,2026-02-11T12:26:00
10172,Niklas,Çelik,niklascelik@outlook.de,2001-08-17,Stuttgart,Baden-Württemberg,Firmenkunde,Agentur für Arbeit / Jobcenter,2026-05-22T12:04:00,2026-05-22T12:04:00
10173,Jannik,Simon,janniksimon@gmail.com,1988-09-15,Bremen,Bremen,Selbstzahler,Google Ads,2024-09-28T17:13:00,2024-09-28T17:13:00
10174,Dennis,Roth,dennisroth@outlook.de,1997-10-02,Kiel,Schleswig-Holstein,Selbstzahler,Empfehlung,2025-12-25T14:43:00,2025-12-25T14:43:00
10175,David,Schulze,davidschulze@outlook.de,1970-07-12,Frankfurt am Main,Hessen,Firmenkunde,Website organisch,2026-05-19T08:34:00,2026-05-19T08:34:00
10176,Sophie,Baumann,sophiebaumann@gmail.com,1994-06-13,Dortmund,Nordrhein-Westfalen,Firmenkunde,Agentur für Arbeit / Jobcenter,2025-09-03T20:58:00,2025-09-03T20:58:00
10177,Nikolaus,Şahin,n.sahin@posteo.de,1979-09-13,Leipzig,Sachsen,Firmenkunde,LinkedIn,2025-11-24T09:46:00,2025-11-24T09:46:00
10178,Laura,Mayer,laura.mayer93@gmx.de,1982-04-15,Mainz,Rheinland-Pfalz,Bildungsgutschein,Website organisch,2025-05-21T09:17:00,2026-08-25T22:00:00
10179,Nadine,Weber,nadine.weber@outlook.de,1981-02-04,Bochum,Nordrhein-Westfalen,Bildungsgutschein,Empfehlung,2026-01-30T07:28:00,2026-01-30T07:28:00
10180,Katharina,Schmid,katharina.schmid52@web.de,,Duisburg,Nordrhein-Westfalen,Bildungsgutschein,Agentur für Arbeit / Jobcenter,2026-08-04T07:08:00,2026-08-04T07:08:00
10181,Murat,Kaiser,m.kaiser@gmx.de,1987-03-22,Bochum,Nordrhein-Westfalen,Bildungsgutschein,Agentur für Arbeit / Jobcenter,2025-11-16T10:26:00,2025-11-16T10:26:00
10182,Can,Ferrari,can.ferrari81@icloud.com,1971-06-21,Freiburg im Breisgau,Baden-Württemberg,Bildungsgutschein,Empfehlung,2026-04-19T13:50:00,2026-04-19T13:50:00
10183,Philipp,Zimmermann,philipp.zimmermann24@gmail.com,1982-05-28,Bochum,Nordrhein-Westfalen,Bildungsgutschein,Agentur für Arbeit / Jobcenter,2026-05-26T09:51:00,2026-05-26T09:51:00
10184,Philipp,Günther,philipp.guenther18@gmx.de,1984-04-11,Bochum,Nordrhein-Westfalen,Bildungsgutschein,Agentur für Arbeit / Jobcenter,2026-03-25T08:59:00,2026-03-25T08:59:00
10185,Niklas,Ivanova,n.ivanova@outlook.de,1970-02-07,Mainz,Rheinland-Pfalz,Bildungsgutschein,Agentur für Arbeit / Jobcenter,2026-07-20T16:46:00,2026-08-30T10:00:00
10186,Fatma,Peters,fatmapeters@gmail.com,1975-12-25,Hannover,Niedersachsen,Bildungsgutschein,Agentur für Arbeit / Jobcenter,2025-10-04T10:44:00,2025-10-04T10:44:00
10187,Irina,Schumacher,irina.schumacher37@gmail.com,2002-11-12,Potsdam,Brandenburg,Bildungsgutschein,Google Ads,2025-04-12T11:23:00,2025-04-12T11:23:00
10188,Jana,Ivanova,janaivanova@gmx.de,1988-07-02,Wiesbaden,Hessen,Selbstzahler,Agentur für Arbeit / Jobcenter,2025-12-29T20:14:00,2026-01-29T20:14:00
10189,Jannik,Jäger,j.jaeger@gmx.de,1980-06-08,Essen,Nordrhein-Westfalen,Bildungsgutschein,Google Ads,2025-06-24T16:53:00,2025-06-24T16:53:00
10190,Nikolaus,Lang,nikolaus.lang63@gmail.com,1978-12-26,Potsdam,Brandenburg,Selbstzahler,Google Ads,2025-05-27T09:08:00,2025-05-27T09:08:00
10191,Moritz,Kaya,moritz.kaya@yahoo.de,1971-01-14,Frankfurt am Main,Hessen,Bildungsgutschein,Empfehlung,2024-10-19T20:40:00,2024-10-19T20:40:00
10192,Lena,Schmitz,lena.schmitz@gmx.de,1999-01-01,Saarbrücken,Saarland,Bildungsgutschein,Google Ads,2025-11-27T15:26:00,2025-11-27T15:26:00
10193,Giulia,Kraus,giulia.kraus3@yahoo.de,1974-02-17,Dresden,Sachsen,Bildungsgutschein,Agentur für Arbeit / Jobcenter,2024-10-31T10:12:00,2024-10-31T10:12:00
10194,Felix,Köhler,f.koehler@outlook.de,1997-10-08,Rostock,Mecklenburg-Vorpommern,Selbstzahler,LinkedIn,2026-05-15T10:19:00,2026-08-30T14:00:00
10195,Marek,Demir,marek.demir12@outlook.de,1992-09-16,Mainz,Rheinland-Pfalz,Selbstzahler,Agentur für Arbeit / Jobcenter,2024-07-28T17:00:00,2024-07-28T17:00:00
10196,Michael,Kaya,michael.kaya@outlook.de,1982-04-28,München,Bayern,Bildungsgutschein,Website organisch,2026-05-10T16:30:00,2026-05-10T16:30:00
10197,Nikolaus,Herrmann,nikolaus.herrmann@posteo.de,,Dresden,Sachsen,Firmenkunde,LinkedIn,2026-01-23T09:48:00,2026-01-23T09:48:00
10198,Nina,Mayer,nina.mayer31@gmail.com,1992-12-05,Mannheim,Baden-Württemberg,Bildungsgutschein,Messe,2026-05-07T18:05:00,2026-08-30T19:00:00
10199,Katharina,Bauer,k.bauer@gmx.de,1988-01-21,Rostock,Mecklenburg-Vorpommern,Bildungsgutschein,Agentur für Arbeit / Jobcenter,2025-03-07T19:28:00,2025-03-07T19:28:00
10200,Tobias,Berger,tobias.berger75@gmail.com,1986-04-23,Stuttgart,Baden-Württemberg,Bildungsgutschein,Empfehlung,2024-08-15T08:17:00,2024-08-15T08:17:00
10201,Sergej,Zimmermann,s.zimmermann@web.de,1973-01-10,Düsseldorf,Nordrhein-Westfalen,Bildungsgutschein,Agentur für Arbeit / Jobcenter,2025-08-30T12:48:00,2025-08-30T12:48:00
10202,Merve,Berger,merve.berger72@gmx.de,1969-02-12,Düsseldorf,Nordrhein-Westfalen,Bildungsgutschein,Agentur für Arbeit / Jobcenter,2025-12-20T08:38:00,2025-12-20T08:38:00
10203,Daniel,Schmidt,daniel.schmidt@gmail.com,2001-03-22,Bochum,Nordrhein-Westfalen,Bildungsgutschein,Agentur für Arbeit / Jobcenter,2025-06-25T09:08:00,2025-06-25T09:08:00
10204,Sabine,Schulz,sabine.schulz36@gmail.com,1998-02-12,Münster,Nordrhein-Westfalen,Bildungsgutschein,Google Ads,2025-02-13T10:46:00,2025-02-13T10:46:00
10205,Elif,Beck,elif.beck@gmail.com,1989-10-13,Rostock,Mecklenburg-Vorpommern,Bildungsgutschein,LinkedIn,2025-05-04T14:21:00,2025-05-04T14:21:00
10206,Marek,Sommer,mareksommer@gmail.com,1988-03-13,Saarbrücken,Saarland,Selbstzahler,Google Ads,2025-04-23T11:47:00,2025-04-23T11:47:00
10207,Murat,Schmid,murat.schmid36@gmail.com,1975-10-07,Wiesbaden,Hessen,Selbstzahler,Google Ads,2026-01-28T15:11:00,2026-01-28T15:11:00
10208,Thomas,Wojcik,thomas.wojcik@gmail.com,1999-03-21,Kiel,Schleswig-Holstein,Bildungsgutschein,Empfehlung,2025-04-07T10:16:00,2025-04-07T10:16:00
10209,Tobias,Hoffmann,tobias.hoffmann77@gmx.de,2002-09-28,Rostock,Mecklenburg-Vorpommern,Bildungsgutschein,Website organisch,2026-05-10T13:34:00,2026-05-10T13:34:00
10210,Björn,Kraus,bjoern.kraus@gmx.de,1990-03-21,Bochum,Nordrhein-Westfalen,Firmenkunde,Empfehlung,2026-02-18T07:36:00,2026-02-18T07:36:00
10211,Simon,Tran,simon.tran@gmail.com,1974-05-08,Berlin,Berlin,Bildungsgutschein,Empfehlung,2025-11-05T18:33:00,2026-02-22T18:33:00
10212,Olga,Roth,olgaroth@gmail.com,1969-08-04,Augsburg,Bayern,Firmenkunde,Agentur für Arbeit / Jobcenter,2025-03-30T13:58:00,2025-03-30T13:58:00
10213,Sabine,Scholz,sabinescholz@gmail.com,1990-08-04,Saarbrücken,Saarland,Bildungsgutschein,Agentur für Arbeit / Jobcenter,2025-08-23T18:44:00,2025-08-23T18:44:00
10214,Lisa,Wojcik,lisa.wojcik@gmail.com,1983-09-06,Bremen,Bremen,Bildungsgutschein,Website organisch,2025-12-18T09:21:00,2025-12-18T09:21:00
10215,Svetlana,Friedrich,svetlana.friedrich24@web.de,1969-12-20,Rostock,Mecklenburg-Vorpommern,Bildungsgutschein,Agentur für Arbeit / Jobcenter,2024-12-20T14:37:00,2024-12-20T14:37:00
10216,Zeynep,Werner,zeynep.werner@gmail.com,2002-03-12,Düsseldorf,Nordrhein-Westfalen,Bildungsgutschein,Empfehlung,2025-04-30T10:29:00,2026-08-29T17:00:00
10217,Alexander,Winter,alexander.winter41@yahoo.de,1975-06-12,Rostock,Mecklenburg-Vorpommern,Selbstzahler,Empfehlung,2025-09-12T16:11:00,2025-09-12T16:11:00
10218,Yasmin,Seidel,yasminseidel@gmx.de,1975-04-10,Karlsruhe,Baden-Württemberg,Selbstzahler,Google Ads,2024-09-28T09:23:00,2024-09-28T09:23:00
10219,Florian,Sommer,florian.sommer50@gmail.com,1999-11-18,Dresden,Sachsen,Firmenkunde,Google Ads,2026-05-12T17:59:00,2026-05-12T17:59:00
10220,Alexander,König,alexander.koenig41@gmail.com,1990-01-16,Köln,Nordrhein-Westfalen,Bildungsgutschein,Google Ads,2024-10-18T10:52:00,2024-10-18T10:52:00
10221,Marek,Schuster,marek.schuster63@gmx.de,1999-03-03,Erfurt,Thüringen,Selbstzahler,Agentur für Arbeit / Jobcenter,2025-12-31T07:50:00,2026-03-28T07:50:00
10222,Giulia,Krause,giulia.krause22@gmx.de,2003-09-04,Freiburg im Breisgau,Baden-Württemberg,Selbstzahler,LinkedIn,2026-01-08T08:17:00,2026-01-08T08:17:00
10223,Tim,Martin,tim.martin6@outlook.de,1995-02-24,Nürnberg,Bayern,Bildungsgutschein,Messe,2026-04-01T19:15:00,2026-04-01T19:15:00
10224,Christian,Maier,christian.maier12@gmail.com,1983-04-26,Leipzig,Sachsen,Bildungsgutschein,Empfehlung,2026-06-26T16:44:00,2026-06-26T16:44:00
10225,Dmitri,Frank,dmitrifrank@gmail.com,1971-10-12,Nürnberg,Bayern,Bildungsgutschein,Agentur für Arbeit / Jobcenter,2025-11-28T11:38:00,2025-11-28T11:38:00
10226,Jürgen,Walter,juergen.walter@gmail.com,1994-01-09,Dortmund,Nordrhein-Westfalen,Firmenkunde,Agentur für Arbeit / Jobcenter,2026-04-03T09:44:00,2026-04-03T09:44:00
10227,Rüdiger,Fuchs,ruediger.fuchs98@outlook.de,1977-10-21,Freiburg im Breisgau,Baden-Württemberg,Bildungsgutschein,Agentur für Arbeit / Jobcenter,2025-03-03T17:26:00,2025-03-03T17:26:00
10228,Miriam,Friedrich,m.friedrich@gmx.de,1999-06-19,Potsdam,Brandenburg,Firmenkunde,Agentur für Arbeit / Jobcenter,2024-06-03T20:49:00,2024-06-03T20:49:00
10229,Andreas,Yilmaz,andreas.yilmaz@web.de,1981-07-27,Rostock,Mecklenburg-Vorpommern,Bildungsgutschein,Agentur für Arbeit / Jobcenter,2025-01-03T14:17:00,2025-01-03T14:17:00
10230,Jannik,Stein,j.stein@gmail.com,1970-02-21,Köln,Nordrhein-Westfalen,Firmenkunde,Agentur für Arbeit / Jobcenter,2025-09-14T07:07:00,2025-09-14T07:07:00
10231,Andreas,Müller,andreasmueller@yahoo.de,1987-03-28,Dortmund,Nordrhein-Westfalen,Bildungsgutschein,Agentur für Arbeit / Jobcenter,2025-03-08T08:41:00,2025-03-08T08:41:00
10232,Luca,Demir,l.demir@gmail.com,1995-11-03,Duisburg,Nordrhein-Westfalen,Bildungsgutschein,Agentur für Arbeit / Jobcenter,2026-05-22T08:00:00,2026-05-22T08:00:00
10233,Can,Krause,can.krause@gmx.de,1989-02-28,Berlin,Berlin,Bildungsgutschein,Agentur für Arbeit / Jobcenter,2025-08-07T18:08:00,2025-08-07T18:08:00
10234,Miriam,Rossi,m.rossi@outlook.de,,Wiesbaden,Hessen,Firmenkunde,Google Ads,2026-08-02T20:48:00,2026-08-02T20:48:00
10235,Marco,Schwarz,marco.schwarz@gmail.com,1996-06-24,Bremen,Bremen,Bildungsgutschein,Agentur für Arbeit / Jobcenter,2025-01-05T17:47:00,2025-01-05T17:47:00
10236,Nikolaus,Winkler,nikolaus.winkler@posteo.de,1975-10-24,Dortmund,Nordrhein-Westfalen,Bildungsgutschein,Agentur für Arbeit / Jobcenter,2025-06-29T12:27:00,2025-06-29T12:27:00
10237,Giulia,Kaya,g.kaya@gmail.com,1987-04-17,Hamburg,Hamburg,Selbstzahler,Agentur für Arbeit / Jobcenter,2026-02-12T15:12:00,2026-02-12T15:12:00
10238,Katharina,Lehmann,katharinalehmann@gmx.de,1972-09-01,Freiburg im Breisgau,Baden-Württemberg,Bildungsgutschein,LinkedIn,2025-06-05T12:08:00,2025-06-05T12:08:00
10239,Florian,Weiß,florian.weiss23@gmx.de,1969-10-03,Frankfurt am Main,Hessen,Bildungsgutschein,Agentur für Arbeit / Jobcenter,2024-06-15T11:13:00,2024-06-30T11:13:00
10240,David,Simon,david.simon92@gmail.com,1993-02-21,Magdeburg,Sachsen-Anhalt,Bildungsgutschein,Agentur für Arbeit / Jobcenter,2025-12-02T15:39:00,2025-12-02T15:39:00
10241,Hannah,Ludwig,h.ludwig@icloud.com,1972-05-23,Rostock,Mecklenburg-Vorpommern,Bildungsgutschein,Agentur für Arbeit / Jobcenter,2025-08-22T18:54:00,2025-08-22T18:54:00
10242,Michael,Klein,michael.klein@gmx.de,1979-02-01,Münster,Nordrhein-Westfalen,Bildungsgutschein,Google Ads,2026-05-26T09:44:00,2026-05-26T09:44:00
10243,Leon,Böhm,l.boehm@gmx.de,1991-03-24,Bremen,Bremen,Selbstzahler,Agentur für Arbeit / Jobcenter,2026-08-09T20:17:00,2026-08-09T20:17:00
10244,Julia,Peters,julia.peters@outlook.de,1972-08-15,Wuppertal,Nordrhein-Westfalen,Bildungsgutschein,Google Ads,2025-11-06T12:03:00,2025-11-06T12:03:00
10245,Jan,Braun,jan.braun@gmail.com,2000-01-02,Duisburg,Nordrhein-Westfalen,Bildungsgutschein,Agentur für Arbeit / Jobcenter,2024-06-13T10:02:00,2024-06-13T10:02:00
10246,Claudia,Hofmann,claudia.hofmann5@icloud.com,1988-04-14,Duisburg,Nordrhein-Westfalen,Firmenkunde,Google Ads,2026-06-08T12:17:00,2026-06-08T12:17:00
10247,Christina,Simon,christinasimon@web.de,2001-01-13,Duisburg,Nordrhein-Westfalen,Bildungsgutschein,LinkedIn,2024-08-10T14:55:00,2024-08-10T14:55:00
10248,Paul,Koch,p.koch@gmx.de,1986-10-26,Hannover,Niedersachsen,Bildungsgutschein,Agentur für Arbeit / Jobcenter,2025-04-08T18:39:00,2025-04-08T18:39:00
10249,Matthias,Khalil,matthiaskhalil@outlook.de,1968-07-01,Essen,Nordrhein-Westfalen,Bildungsgutschein,Empfehlung,2025-01-25T15:22:00,2025-01-25T15:22:00
10250,Lena,Peters,lena.peters85@gmail.com,1974-04-17,Münster,Nordrhein-Westfalen,Firmenkunde,Messe,2025-01-30T13:31:00,2025-01-30T13:31:00
10251,Sabine,Petrov,sabinepetrov@gmail.com,1991-08-24,Kiel,Schleswig-Holstein,Bildungsgutschein,Google Ads,2024-08-26T16:06:00,2024-08-26T16:06:00
10252,David,Hoffmann,david.hoffmann8@gmx.de,1983-05-09,Dortmund,Nordrhein-Westfalen,Selbstzahler,Empfehlung,2025-04-19T19:25:00,2026-02-13T19:25:00
10253,Max,Roth,maxroth@gmail.com,1974-03-04,Dortmund,Nordrhein-Westfalen,Bildungsgutschein,Agentur für Arbeit / Jobcenter,2024-11-16T14:29:00,2024-11-16T14:29:00
10254,Felix,Khalil,felix.khalil40@gmail.com,1975-02-06,Wuppertal,Nordrhein-Westfalen,Selbstzahler,Google Ads,2026-05-04T11:52:00,2026-05-04T11:52:00
10255,Zeynep,Fuchs,zeynepfuchs@gmail.com,1993-09-02,Augsburg,Bayern,Firmenkunde,Agentur für Arbeit / Jobcenter,2026-04-25T11:16:00,2026-04-25T11:16:00
10256,Simon,Roth,simonroth@gmx.de,1997-02-26,Düsseldorf,Nordrhein-Westfalen,Bildungsgutschein,LinkedIn,2024-10-22T08:00:00,2024-10-22T08:00:00
10257,Olga,Schröder,o.schroeder@gmail.com,1984-02-01,Stuttgart,Baden-Württemberg,Bildungsgutschein,LinkedIn,2024-08-06T10:57:00,2024-08-06T10:57:00
10258,Miriam,Peters,miriam.peters@gmail.com,1995-12-13,Bremen,Bremen,Selbstzahler,Agentur für Arbeit / Jobcenter,2025-10-22T07:24:00,2025-10-22T07:24:00
10259,Zeynep,Hartmann,zeynephartmann@gmail.com,,München,Bayern,Bildungsgutschein,Agentur für Arbeit / Jobcenter,2025-10-24T13:56:00,2025-10-24T13:56:00
10260,Giulia,Schubert,giuliaschubert@gmail.com,1992-12-12,Hamburg,Hamburg,Bildungsgutschein,Website organisch,2025-10-05T15:50:00,2025-10-05T15:50:00
10261,Patrick,Fuchs,patrick.fuchs@gmail.com,1982-01-26,Karlsruhe,Baden-Württemberg,Selbstzahler,Google Ads,2026-08-07T11:03:00,2026-08-07T11:03:00
10262,Felix,Khalil,felixkhalil@gmx.de,1983-11-08,Düsseldorf,Nordrhein-Westfalen,Selbstzahler,Empfehlung,2025-02-28T15:52:00,2025-02-28T15:52:00
10263,Olga,Stein,o.stein@outlook.de,1979-04-19,Dresden,Sachsen,Selbstzahler,Website organisch,2025-04-22T19:47:00,2025-04-22T19:47:00
10264,Julia,Wojcik,juliawojcik@web.de,1999-09-10,Hannover,Niedersachsen,Bildungsgutschein,Agentur für Arbeit / Jobcenter,2024-11-27T14:02:00,2025-07-17T14:02:00
10265,Olga,Schneider,o.schneider@gmx.de,1976-06-23,Hannover,Niedersachsen,Firmenkunde,Agentur für Arbeit / Jobcenter,2024-11-29T19:54:00,2024-11-29T19:54:00
10266,Sabine,Otto,sabine.otto@web.de,,Wiesbaden,Hessen,Bildungsgutschein,Agentur für Arbeit / Jobcenter,2026-04-10T13:37:00,2026-04-10T13:37:00
10267,Stefanie,Braun,stefanie.braun56@web.de,1979-12-18,Karlsruhe,Baden-Württemberg,Bildungsgutschein,Empfehlung,2026-05-12T16:50:00,2026-05-12T16:50:00
10268,Amelie,Hahn,a.hahn@gmail.com,1979-12-01,Dortmund,Nordrhein-Westfalen,Firmenkunde,LinkedIn,2026-05-20T16:25:00,2026-05-20T16:25:00
10269,Mehmet,Weber,mehmetweber@gmail.com,1999-03-11,Düsseldorf,Nordrhein-Westfalen,Bildungsgutschein,Agentur für Arbeit / Jobcenter,2026-07-04T08:15:00,2026-07-04T08:15:00
10270,Sergej,Koch,s.koch@outlook.de,1968-05-07,Erfurt,Thüringen,Bildungsgutschein,LinkedIn,2025-02-11T18:04:00,2025-02-11T18:04:00
10271,Anna,Wagner,anna.wagner94@gmail.com,1994-08-13,Bremen,Bremen,Bildungsgutschein,Google Ads,2025-05-26T15:24:00,2025-05-26T15:24:00
10272,Murat,Demir,muratdemir@outlook.de,1972-01-10,Erfurt,Thüringen,Firmenkunde,Agentur für Arbeit / Jobcenter,2024-06-21T12:16:00,2024-06-21T12:16:00
10273,Leonie,Hahn,leonie.hahn@gmail.com,1998-12-01,Mannheim,Baden-Württemberg,Bildungsgutschein,Agentur für Arbeit / Jobcenter,2025-08-16T17:10:00,2025-08-16T17:10:00
10274,Katharina,Bauer,katharina.bauer25@gmail.com,1986-05-08,Wuppertal,Nordrhein-Westfalen,Bildungsgutschein,LinkedIn,2024-09-07T07:25:00,2024-09-07T07:25:00
10275,Claudia,Wagner,claudia.wagner@gmail.com,1998-04-04,Bonn,Nordrhein-Westfalen,Bildungsgutschein,Messe,2024-06-27T10:10:00,2024-06-27T10:10:00
10276,Markus,Klein,markus.klein51@gmail.com,1984-02-21,Freiburg im Breisgau,Baden-Württemberg,Bildungsgutschein,Agentur für Arbeit / Jobcenter,2025-12-10T13:11:00,2025-12-10T13:11:00
10277,Merve,Roth,merve.roth57@gmail.com,1982-05-19,Wuppertal,Nordrhein-Westfalen,Selbstzahler,Agentur für Arbeit / Jobcenter,2024-08-03T09:48:00,2024-08-03T09:48:00
10278,Luca,Scholz,lucascholz@outlook.de,1992-09-14,Köln,Nordrhein-Westfalen,Firmenkunde,Google Ads,2025-12-01T17:55:00,2025-12-01T17:55:00
10279,Irina,Baumann,irina.baumann@gmail.com,1975-08-06,Essen,Nordrhein-Westfalen,Bildungsgutschein,Agentur für Arbeit / Jobcenter,2024-11-19T10:51:00,2024-11-19T10:51:00
10280,Hannah,Aydin,hannahaydin@gmx.de,1988-12-26,Wuppertal,Nordrhein-Westfalen,Bildungsgutschein,Google Ads,2024-08-08T08:24:00,2024-08-08T08:24:00
10281,Giulia,Böhm,giulia.boehm2@gmx.de,,Leipzig,Sachsen,Selbstzahler,Website organisch,2026-01-02T16:37:00,2026-01-02T16:37:00
10282,Sina,Vogt,s.vogt@outlook.de,1984-07-21,Kiel,Schleswig-Holstein,Bildungsgutschein,Agentur für Arbeit / Jobcenter,2025-10-11T16:38:00,2026-04-09T16:38:00
10283,Simon,Schwarz,simon.schwarz88@web.de,1993-06-23,München,Bayern,Bildungsgutschein,Agentur für Arbeit / Jobcenter,2025-01-30T07:47:00,2025-01-30T07:47:00
10284,Jan,Schneider,j.schneider@gmail.com,1999-12-22,Bielefeld,Nordrhein-Westfalen,Bildungsgutschein,Messe,2024-09-09T20:14:00,2024-09-09T20:14:00
10285,Stefan,Fuchs,stefan.fuchs@gmail.com,1996-04-27,Hannover,Niedersachsen,Selbstzahler,LinkedIn,2025-07-22T18:31:00,2025-11-26T18:31:00
10286,Maria,Ludwig,m.ludwig@outlook.de,1976-09-19,Rostock,Mecklenburg-Vorpommern,Firmenkunde,Agentur für Arbeit / Jobcenter,2024-06-30T09:12:00,2024-06-30T09:12:00
10287,Maria,Schmid,m.schmid@gmail.com,1985-06-27,Hannover,Niedersachsen,Bildungsgutschein,Agentur für Arbeit / Jobcenter,2025-09-19T15:25:00,2025-09-19T15:25:00
10288,Julia,Lehmann,julia.lehmann77@gmail.com,1998-10-18,Dresden,Sachsen,Firmenkunde,Agentur für Arbeit / Jobcenter,2025-05-25T12:10:00,2025-05-25T12:10:00
10289,Sören,Koch,soeren.koch@gmail.com,1981-04-21,Bremen,Bremen,Bildungsgutschein,Agentur für Arbeit / Jobcenter,2025-01-17T17:13:00,2025-01-17T17:13:00
10290,Laura,Khalil,laurakhalil@web.de,1968-04-09,Dresden,Sachsen,Selbstzahler,Empfehlung,2026-02-13T19:19:00,2026-02-13T19:19:00
10291,Giulia,Frank,giulia.frank45@posteo.de,1981-08-10,Wuppertal,Nordrhein-Westfalen,Bildungsgutschein,Google Ads,2026-04-25T15:52:00,2026-08-30T10:00:00
10292,Anna,Ludwig,a.ludwig@yahoo.de,1974-08-03,Münster,Nordrhein-Westfalen,Bildungsgutschein,Agentur für Arbeit / Jobcenter,2025-05-11T11:40:00,2025-05-11T11:40:00
10293,Marek,Petrov,m.petrov@yahoo.de,1977-09-25,Hannover,Niedersachsen,Firmenkunde,LinkedIn,2025-02-02T07:51:00,2025-02-02T07:51:00
10294,Simon,Şahin,simon.sahin@gmail.com,1986-05-14,Freiburg im Breisgau,Baden-Württemberg,Bildungsgutschein,Empfehlung,2025-07-20T13:47:00,2025-07-20T13:47:00
10295,Murat,Lange,muratlange@gmail.com,1990-09-10,Saarbrücken,Saarland,Firmenkunde,Agentur für Arbeit / Jobcenter,2024-11-22T20:42:00,2024-11-22T20:42:00
10296,Jana,Baumann,janabaumann@gmail.com,1973-04-12,Mannheim,Baden-Württemberg,Bildungsgutschein,LinkedIn,2025-01-15T18:55:00,2025-01-15T18:55:00
10297,Lukas,Jung,lukas.jung38@gmail.com,1998-01-28,Leipzig,Sachsen,Firmenkunde,Agentur für Arbeit / Jobcenter,2026-03-12T16:37:00,2026-03-12T16:37:00
10298,Ayşe,Simon,ayse.simon88@gmail.com,1994-01-28,Münster,Nordrhein-Westfalen,Bildungsgutschein,Messe,2024-11-02T09:12:00,2024-11-02T09:12:00
10299,Andreas,Schwarz,andreasschwarz@gmail.com,1999-06-21,Stuttgart,Baden-Württemberg,Bildungsgutschein,Google Ads,2024-11-29T12:40:00,2024-11-29T12:40:00
10300,Fatma,Haddad,fatmahaddad@outlook.de,1973-03-20,Freiburg im Breisgau,Baden-Württemberg,Bildungsgutschein,Website organisch,2025-08-19T17:27:00,2025-08-19T17:27:00
10301,Daniel,Müller,d.mueller@gmail.com,1988-09-07,Berlin,Berlin,Bildungsgutschein,Agentur für Arbeit / Jobcenter,2024-06-19T17:00:00,2024-06-19T17:00:00
10302,Sören,Scholz,soeren.scholz14@gmail.com,1978-02-27,Münster,Nordrhein-Westfalen,Bildungsgutschein,Google Ads,2024-07-17T11:18:00,2024-07-17T11:18:00
10303,Marcel,Lang,marcellang@gmx.de,1999-06-25,Mannheim,Baden-Württemberg,Firmenkunde,Agentur für Arbeit / Jobcenter,2024-12-10T09:58:00,2024-12-10T09:58:00
10304,Svetlana,Krause,svetlanakrause@web.de,2000-03-04,Hamburg,Hamburg,Selbstzahler,Agentur für Arbeit / Jobcenter,2025-06-11T18:41:00,2025-06-11T18:41:00
10305,Sergej,Schulze,sergej.schulze@outlook.de,1974-11-27,Köln,Nordrhein-Westfalen,Bildungsgutschein,Agentur für Arbeit / Jobcenter,2024-06-21T07:44:00,2024-06-21T07:44:00
10306,Christina,Schumacher,christinaschumacher@gmail.com,1968-05-14,Nürnberg,Bayern,Bildungsgutschein,Google Ads,2026-04-09T08:42:00,2026-04-09T08:42:00
10307,Björn,Neumann,bjoern.neumann@gmx.de,1975-02-16,Bonn,Nordrhein-Westfalen,Selbstzahler,LinkedIn,2024-12-21T16:12:00,2024-12-21T16:12:00
10308,Elif,Möller,elifmoeller@web.de,2003-08-07,München,Bayern,Bildungsgutschein,Agentur für Arbeit / Jobcenter,2026-05-06T14:21:00,2026-05-06T14:21:00
10309,Miriam,Klein,miriam.klein86@outlook.de,1973-09-03,Essen,Nordrhein-Westfalen,Firmenkunde,Google Ads,2026-06-11T18:06:00,2026-06-11T18:06:00
10310,Andreas,Walter,andreas.walter@gmail.com,1970-05-12,Dresden,Sachsen,Selbstzahler,Agentur für Arbeit / Jobcenter,2026-04-25T12:27:00,2026-04-25T12:27:00
10311,Lisa,Schmidt,lisaschmidt@posteo.de,1990-08-20,Mannheim,Baden-Württemberg,Bildungsgutschein,Agentur für Arbeit / Jobcenter,2025-03-02T18:05:00,2025-03-02T18:05:00
10312,Nadine,Friedrich,n.friedrich@gmx.de,1998-07-21,Mainz,Rheinland-Pfalz,Selbstzahler,Agentur für Arbeit / Jobcenter,2024-11-18T08:08:00,2024-11-18T08:08:00
10313,Franziska,Richter,franziska.richter76@gmx.de,1979-10-13,Erfurt,Thüringen,Bildungsgutschein,Empfehlung,2026-08-07T12:39:00,2026-08-31T10:00:00
10314,Melanie,Franke,melanie.franke15@icloud.com,1970-02-09,Erfurt,Thüringen,Selbstzahler,Empfehlung,2026-04-02T12:00:00,2026-04-02T12:00:00
10315,Murat,Ivanova,m.ivanova@gmx.de,1995-11-24,Düsseldorf,Nordrhein-Westfalen,Bildungsgutschein,Google Ads,2025-02-10T14:22:00,2025-02-10T14:22:00
10316,Claudia,Krämer,claudia.kraemer@posteo.de,1978-09-28,Berlin,Berlin,Firmenkunde,Agentur für Arbeit / Jobcenter,2025-09-24T20:31:00,2025-09-24T20:31:00
10317,Alexander,Fuchs,alexander.fuchs@gmail.com,2003-11-13,Duisburg,Nordrhein-Westfalen,Bildungsgutschein,Agentur für Arbeit / Jobcenter,2025-07-18T20:15:00,2026-03-04T20:15:00
10318,Murat,Roth,murat.roth64@gmail.com,1975-08-24,Karlsruhe,Baden-Württemberg,Bildungsgutschein,Agentur für Arbeit / Jobcenter,2026-04-01T07:06:00,2026-08-12T07:06:00
10319,Jannik,Müller,j.mueller@outlook.de,1997-06-12,Nürnberg,Bayern,Firmenkunde,Agentur für Arbeit / Jobcenter,2024-07-26T20:14:00,2024-07-26T20:14:00
10320,Ivan,Sommer,i.sommer@gmx.de,1975-02-25,Erfurt,Thüringen,Bildungsgutschein,LinkedIn,2026-04-06T10:00:00,2026-04-06T10:00:00
10321,Ines,Schumacher,ines.schumacher@gmx.de,1978-08-05,München,Bayern,Bildungsgutschein,Agentur für Arbeit / Jobcenter,2026-06-05T18:46:00,2026-06-05T18:46:00
10322,Elif,Lange,eliflange@gmail.com,1980-12-11,Potsdam,Brandenburg,Bildungsgutschein,Google Ads,2024-09-19T19:26:00,2024-09-19T19:26:00
10323,Marco,Otto,marco.otto58@gmail.com,1999-01-17,Dortmund,Nordrhein-Westfalen,Firmenkunde,LinkedIn,2026-06-24T07:35:00,2026-06-24T07:35:00
10324,Martin,Ludwig,martinludwig@outlook.de,1974-07-22,Dortmund,Nordrhein-Westfalen,Bildungsgutschein,Website organisch,2026-02-05T16:56:00,2026-02-05T16:56:00
10325,Florian,Groß,floriangross@icloud.com,1993-06-10,Bielefeld,Nordrhein-Westfalen,Bildungsgutschein,Google Ads,2025-09-07T19:08:00,2026-03-02T19:08:00
10326,Dennis,Mayer,d.mayer@outlook.de,1980-04-20,Nürnberg,Bayern,Bildungsgutschein,Empfehlung,2026-06-02T11:43:00,2026-06-02T11:43:00
10327,Jürgen,Demir,j.demir@yahoo.de,1990-09-16,Leipzig,Sachsen,Selbstzahler,Empfehlung,2026-01-18T16:42:00,2026-01-18T16:42:00
10328,Niklas,König,niklas.koenig@posteo.de,1969-07-05,Düsseldorf,Nordrhein-Westfalen,Bildungsgutschein,Empfehlung,2024-07-25T17:03:00,2024-07-25T17:03:00
10329,Franziska,König,franziska.koenig@web.de,1981-09-02,Bonn,Nordrhein-Westfalen,Bildungsgutschein,LinkedIn,2025-06-03T20:28:00,2026-03-04T20:28:00
10330,Ali,Krause,ali.krause72@web.de,2000-12-10,Bochum,Nordrhein-Westfalen,Firmenkunde,Agentur für Arbeit / Jobcenter,2026-05-11T17:03:00,2026-05-11T17:03:00
10331,Nikolaus,Kaiser,nikolaus.kaiser@yahoo.de,1980-10-28,Wuppertal,Nordrhein-Westfalen,Bildungsgutschein,Agentur für Arbeit / Jobcenter,2026-08-09T20:55:00,2026-08-09T20:55:00
10332,Sergej,Wojcik,sergejwojcik@web.de,1986-08-06,Hannover,Niedersachsen,Firmenkunde,Empfehlung,2026-05-01T08:11:00,2026-05-01T08:11:00
10333,Christina,Hahn,c.hahn@gmail.com,1978-10-28,Dortmund,Nordrhein-Westfalen,Bildungsgutschein,Website organisch,2025-02-17T07:21:00,2025-02-17T07:21:00
10334,Lisa,Zimmermann,lisa.zimmermann@icloud.com,1999-10-18,Münster,Nordrhein-Westfalen,Selbstzahler,Google Ads,2025-06-02T08:50:00,2026-01-26T08:50:00
10335,Merve,Böhm,merveboehm@gmail.com,2002-09-13,Kiel,Schleswig-Holstein,Firmenkunde,Empfehlung,2024-09-03T12:14:00,2024-09-03T12:14:00
10336,Lukas,Weiß,lukas.weiss97@gmail.com,1975-11-12,Berlin,Berlin,Bildungsgutschein,Website organisch,2025-08-31T10:57:00,2025-08-31T10:57:00
10337,Tatjana,Meyer,tatjana.meyer42@web.de,1992-05-18,Leipzig,Sachsen,Firmenkunde,LinkedIn,2026-06-12T11:01:00,2026-08-29T23:00:00
10338,Jan,Ludwig,jan.ludwig58@outlook.de,1986-11-07,München,Bayern,Firmenkunde,Agentur für Arbeit / Jobcenter,2025-04-25T15:05:00,2025-04-25T15:05:00
10339,Niklas,Kraus,niklaskraus@gmail.com,1995-02-07,Nürnberg,Bayern,Firmenkunde,Empfehlung,2025-12-03T20:44:00,2025-12-03T20:44:00
10340,Michael,Kaya,michaelkaya@outlook.de,1997-12-11,Hamburg,Hamburg,Bildungsgutschein,LinkedIn,2024-07-09T08:04:00,2024-07-09T08:04:00
10341,Ali,Hoffmann,a.hoffmann@gmx.de,1992-08-21,Kiel,Schleswig-Holstein,Bildungsgutschein,Empfehlung,2025-07-20T13:20:00,2025-07-20T13:20:00
10342,Niklas,Müller,niklas.mueller@web.de,1972-06-17,München,Bayern,Selbstzahler,Google Ads,2024-09-17T11:50:00,2024-09-17T11:50:00
10343,Chiara,Haddad,chiara.haddad49@icloud.com,1998-03-18,Hamburg,Hamburg,Bildungsgutschein,LinkedIn,2025-01-12T09:47:00,2025-01-12T09:47:00
10344,Moritz,Walter,m.walter@yahoo.de,1968-09-28,Wiesbaden,Hessen,Bildungsgutschein,Google Ads,2025-12-21T09:07:00,2025-12-21T09:07:00
10345,David,Kraus,d.kraus@gmx.de,1990-04-14,Nürnberg,Bayern,Bildungsgutschein,Agentur für Arbeit / Jobcenter,2026-03-24T20:32:00,2026-03-24T20:32:00
10346,Hassan,Schulze,hassan.schulze@gmail.com,2003-02-10,Potsdam,Brandenburg,Bildungsgutschein,Empfehlung,2026-04-19T08:16:00,2026-05-16T08:16:00
10347,Alexander,Peters,alexanderpeters@gmail.com,1986-10-03,Düsseldorf,Nordrhein-Westfalen,Bildungsgutschein,Google Ads,2024-12-16T12:31:00,2024-12-16T12:31:00
10348,Aylin,Kowalski,a.kowalski@gmx.de,1995-03-01,Karlsruhe,Baden-Württemberg,Bildungsgutschein,Empfehlung,2025-04-17T10:50:00,2025-08-15T10:50:00
10349,Michael,Herrmann,m.herrmann@outlook.de,1997-08-12,Saarbrücken,Saarland,Bildungsgutschein,Agentur für Arbeit / Jobcenter,2026-08-03T11:31:00,2026-08-31T21:00:00
10350,Omar,Schäfer,omarschaefer@outlook.de,1972-12-03,Wuppertal,Nordrhein-Westfalen,Bildungsgutschein,LinkedIn,2024-06-20T20:32:00,2026-08-25T10:00:00
10351,Emre,Friedrich,emre.friedrich@outlook.de,2002-09-16,Wuppertal,Nordrhein-Westfalen,Bildungsgutschein,Agentur für Arbeit / Jobcenter,2026-04-01T19:09:00,2026-04-01T19:09:00
10352,Can,Rossi,can.rossi18@posteo.de,1993-06-17,Stuttgart,Baden-Württemberg,Firmenkunde,LinkedIn,2024-06-11T17:15:00,2024-06-11T17:15:00
10353,Hassan,Aydin,hassanaydin@gmail.com,1978-03-19,Erfurt,Thüringen,Firmenkunde,Empfehlung,2026-01-01T17:55:00,2026-01-01T17:55:00
10354,Martin,Möller,martin.moeller98@gmail.com,1972-05-12,Duisburg,Nordrhein-Westfalen,Bildungsgutschein,Website organisch,2025-01-26T07:42:00,2025-01-26T07:42:00
10355,Tim,Schubert,tim.schubert@gmx.de,1988-02-23,München,Bayern,Bildungsgutschein,Empfehlung,2025-11-16T17:53:00,2025-11-16T17:53:00
10356,Emre,Martin,emre.martin49@gmx.de,1972-09-09,Wiesbaden,Hessen,Bildungsgutschein,LinkedIn,2025-06-21T10:33:00,2025-06-21T10:33:00
10357,Leon,Albrecht,leon.albrecht@outlook.de,1996-03-08,Dortmund,Nordrhein-Westfalen,Bildungsgutschein,Agentur für Arbeit / Jobcenter,2024-08-18T15:41:00,2024-08-18T15:41:00
10358,Franziska,Weiß,franziskaweiss@web.de,1989-12-04,Kiel,Schleswig-Holstein,Bildungsgutschein,Google Ads,2025-10-07T17:30:00,2026-03-09T17:30:00
10359,Piotr,Keller,piotrkeller@gmail.com,1976-11-17,Bremen,Bremen,Bildungsgutschein,Agentur für Arbeit / Jobcenter,2024-07-11T16:09:00,2024-07-11T16:09:00
10360,Merve,Böhm,merve.boehm@yahoo.de,1973-04-15,Bonn,Nordrhein-Westfalen,Bildungsgutschein,Agentur für Arbeit / Jobcenter,2026-02-12T14:55:00,2026-02-12T14:55:00
10361,Philipp,Sommer,philippsommer@gmail.com,1978-12-22,Wuppertal,Nordrhein-Westfalen,Bildungsgutschein,Agentur für Arbeit / Jobcenter,2025-05-17T14:38:00,2025-05-17T14:38:00
10362,Daniel,Schröder,daniel.schroeder26@gmail.com,1974-03-16,Essen,Nordrhein-Westfalen,Firmenkunde,Google Ads,2026-02-20T16:02:00,2026-08-26T11:00:00
10363,Christina,Koch,christina.koch@gmx.de,2001-07-12,Magdeburg,Sachsen-Anhalt,Bildungsgutschein,Website organisch,2024-07-15T18:33:00,2024-07-15T18:33:00
10364,Martin,Khalil,martin.khalil@gmail.com,1976-05-16,Magdeburg,Sachsen-Anhalt,Firmenkunde,Agentur für Arbeit / Jobcenter,2026-07-25T10:58:00,2026-07-25T10:58:00
10365,Moritz,Keller,moritz.keller@gmail.com,2001-01-13,Leipzig,Sachsen,Selbstzahler,Agentur für Arbeit / Jobcenter,2026-04-02T10:44:00,2026-04-02T10:44:00
10366,Sina,Zimmermann,s.zimmermann@gmx.de,2002-07-19,Wuppertal,Nordrhein-Westfalen,Firmenkunde,Agentur für Arbeit / Jobcenter,2025-06-10T16:17:00,2025-06-10T16:17:00
10367,Fatma,Keller,fatma.keller72@gmx.de,1991-09-18,Dresden,Sachsen,Bildungsgutschein,LinkedIn,2025-10-09T11:19:00,2025-10-09T11:19:00
10368,David,Ferrari,david.ferrari@gmail.com,1996-12-06,Duisburg,Nordrhein-Westfalen,Bildungsgutschein,Agentur für Arbeit / Jobcenter,2024-09-11T10:32:00,2024-09-11T10:32:00
10369,Jannik,Seidel,jannik.seidel@web.de,1992-11-01,Bremen,Bremen,Bildungsgutschein,Google Ads,2024-09-02T20:09:00,2024-09-02T20:09:00
10370,Miriam,Schulz,miriam.schulz@gmail.com,1992-07-20,München,Bayern,Selbstzahler,Google Ads,2026-04-03T15:18:00,2026-04-03T15:18:00
10371,Amelie,Yilmaz,amelieyilmaz@gmx.de,1980-01-26,Bonn,Nordrhein-Westfalen,Selbstzahler,Google Ads,2026-02-04T15:33:00,2026-02-04T15:33:00
10372,Marco,Weber,marco.weber@gmail.com,1973-05-25,Bremen,Bremen,Bildungsgutschein,Google Ads,2025-07-15T12:42:00,2025-07-15T12:42:00
10373,Kevin,Schmidt,kevin.schmidt@web.de,2003-10-12,Bonn,Nordrhein-Westfalen,Bildungsgutschein,Website organisch,2025-05-22T20:17:00,2025-05-22T20:17:00
10374,Andreas,Friedrich,andreasfriedrich@gmx.de,2000-02-18,Kiel,Schleswig-Holstein,Bildungsgutschein,Agentur für Arbeit / Jobcenter,2024-08-14T15:18:00,2024-08-14T15:18:00
10375,Dennis,Schulze,d.schulze@posteo.de,1992-10-16,Erfurt,Thüringen,Bildungsgutschein,LinkedIn,2026-07-29T10:48:00,2026-07-29T10:48:00
10376,Nikolaus,Beck,nikolaus.beck4@posteo.de,1984-02-13,Leipzig,Sachsen,Bildungsgutschein,Agentur für Arbeit / Jobcenter,2026-03-11T19:14:00,2026-03-11T19:14:00
10377,Max,Keller,max.keller@yahoo.de,1983-05-03,Wuppertal,Nordrhein-Westfalen,Firmenkunde,Agentur für Arbeit / Jobcenter,2025-07-14T17:47:00,2025-07-14T17:47:00
10378,Amelie,Baumann,ameliebaumann@gmail.com,1980-04-24,Freiburg im Breisgau,Baden-Württemberg,Bildungsgutschein,Agentur für Arbeit / Jobcenter,2025-02-03T20:16:00,2025-02-03T20:16:00
10379,Tatjana,Heinrich,tatjana.heinrich@gmail.com,1999-10-01,Stuttgart,Baden-Württemberg,Firmenkunde,LinkedIn,2026-07-23T20:34:00,2026-07-23T20:34:00
10380,Jan,Heinrich,j.heinrich@gmail.com,1979-09-09,Freiburg im Breisgau,Baden-Württemberg,Bildungsgutschein,Agentur für Arbeit / Jobcenter,2025-07-13T10:48:00,2025-07-13T10:48:00
10381,Sebastian,Franke,s.franke@icloud.com,1979-08-04,Rostock,Mecklenburg-Vorpommern,Bildungsgutschein,Agentur für Arbeit / Jobcenter,2026-05-17T15:29:00,2026-05-17T15:29:00
10382,Marco,Werner,m.werner@gmail.com,1984-03-18,Wiesbaden,Hessen,Bildungsgutschein,Google Ads,2025-02-25T10:17:00,2025-02-25T10:17:00
10383,Tim,Hartmann,tim.hartmann27@gmx.de,1991-07-09,Wiesbaden,Hessen,Bildungsgutschein,Google Ads,2025-09-05T09:36:00,2025-09-05T09:36:00
10384,Svetlana,Bauer,svetlana.bauer31@web.de,1980-03-26,Mainz,Rheinland-Pfalz,Selbstzahler,Agentur für Arbeit / Jobcenter,2026-06-27T09:30:00,2026-06-27T09:30:00
10385,Matthias,Neumann,m.neumann@yahoo.de,1987-05-18,Freiburg im Breisgau,Baden-Württemberg,Bildungsgutschein,Agentur für Arbeit / Jobcenter,2026-01-03T07:25:00,2026-01-03T07:25:00
10386,Zeynep,Schulze,zeynep.schulze@gmx.de,1989-05-12,Erfurt,Thüringen,Firmenkunde,Agentur für Arbeit / Jobcenter,2025-06-04T15:35:00,2026-08-26T10:00:00
10387,Laura,Keller,laurakeller@gmail.com,1986-06-11,Dresden,Sachsen,Selbstzahler,Agentur für Arbeit / Jobcenter,2026-04-21T15:31:00,2026-08-03T15:31:00
10388,Hannah,Hahn,hannahhahn@web.de,1989-07-21,Bremen,Bremen,Firmenkunde,Agentur für Arbeit / Jobcenter,2026-02-18T16:25:00,2026-02-18T16:25:00
10389,Franziska,Lang,f.lang@gmail.com,1993-05-15,Bielefeld,Nordrhein-Westfalen,Selbstzahler,Google Ads,2026-08-09T20:23:00,2026-08-09T20:23:00
10390,Christian,Keller,christiankeller@gmail.com,1984-12-23,Bochum,Nordrhein-Westfalen,Bildungsgutschein,Agentur für Arbeit / Jobcenter,2026-07-08T08:13:00,2026-07-08T08:13:00
10391,Sophie,Baumann,sophie.baumann4@gmx.de,1974-05-20,Stuttgart,Baden-Württemberg,Firmenkunde,Agentur für Arbeit / Jobcenter,2024-11-07T08:41:00,2024-11-07T08:41:00
10392,Svetlana,Schmid,svetlanaschmid@web.de,2001-03-01,Dortmund,Nordrhein-Westfalen,Firmenkunde,Agentur für Arbeit / Jobcenter,2024-07-06T17:22:00,2024-11-17T17:22:00
10393,Markus,Lorenz,m.lorenz@yahoo.de,1976-12-18,Erfurt,Thüringen,Bildungsgutschein,Empfehlung,2024-11-29T16:38:00,2024-11-29T16:38:00
10394,Mehmet,Berger,m.berger@gmx.de,1998-09-08,Augsburg,Bayern,Bildungsgutschein,Agentur für Arbeit / Jobcenter,2024-08-31T14:19:00,2024-08-31T14:19:00
10395,Yasmin,Schmidt,yasminschmidt@gmail.com,1986-08-18,Augsburg,Bayern,Bildungsgutschein,Empfehlung,2024-06-09T18:59:00,2024-06-09T18:59:00
10396,Yasmin,Schmidt,yasminschmidt@outlook.de,2003-06-07,Berlin,Berlin,Bildungsgutschein,Agentur für Arbeit / Jobcenter,2025-07-27T15:27:00,2025-07-27T15:27:00
10397,Piotr,Schubert,p.schubert@outlook.de,1995-11-08,Stuttgart,Baden-Württemberg,Firmenkunde,LinkedIn,2025-11-12T19:51:00,2026-07-18T19:51:00
10398,Nikolaus,Köhler,n.koehler@gmail.com,1980-02-06,Kiel,Schleswig-Holstein,Bildungsgutschein,Google Ads,2024-10-18T11:07:00,2024-10-18T11:07:00
10399,Magdalena,Nowak,m.nowak@web.de,1977-01-18,Hamburg,Hamburg,Bildungsgutschein,Agentur für Arbeit / Jobcenter,2024-06-23T09:06:00,2024-06-23T09:06:00
10400,Stefan,Rossi,stefanrossi@gmail.com,1999-04-11,Berlin,Berlin,Selbstzahler,Messe,2025-08-05T11:50:00,2025-08-05T11:50:00
10401,Thomas,Nowak,thomas.nowak@outlook.de,1971-05-25,Essen,Nordrhein-Westfalen,Bildungsgutschein,Agentur für Arbeit / Jobcenter,2025-07-07T08:34:00,2025-07-07T08:34:00
10402,Ewa,Hahn,ewahahn@outlook.de,1996-04-24,Mainz,Rheinland-Pfalz,Selbstzahler,Agentur für Arbeit / Jobcenter,2024-07-05T10:29:00,2024-07-05T10:29:00
10403,Luca,Werner,l.werner@gmx.de,1978-11-24,Karlsruhe,Baden-Württemberg,Bildungsgutschein,Agentur für Arbeit / Jobcenter,2024-07-14T18:59:00,2026-08-26T10:00:00
10404,Martin,Yilmaz,martin.yilmaz@gmail.com,1975-04-21,Nürnberg,Bayern,Bildungsgutschein,Agentur für Arbeit / Jobcenter,2025-08-19T12:00:00,2025-08-19T12:00:00
10405,Christina,Vogel,christina.vogel@outlook.de,1977-06-25,Saarbrücken,Saarland,Bildungsgutschein,Empfehlung,2024-08-31T10:10:00,2025-03-28T10:10:00
10406,Jonas,Haddad,j.haddad@web.de,2002-02-05,Essen,Nordrhein-Westfalen,Firmenkunde,LinkedIn,2025-10-13T10:20:00,2025-10-13T10:20:00
10407,Leon,Winkler,leon.winkler3@web.de,1976-05-02,Augsburg,Bayern,Bildungsgutschein,Google Ads,2025-10-10T18:28:00,2025-10-10T18:28:00
10408,Alexander,Lange,a.lange@gmx.de,1997-05-28,Karlsruhe,Baden-Württemberg,Bildungsgutschein,Google Ads,2026-02-04T20:35:00,2026-02-04T20:35:00
10409,Christian,Walter,c.walter@outlook.de,1968-11-17,Potsdam,Brandenburg,Firmenkunde,Google Ads,2025-06-24T18:11:00,2025-06-24T18:11:00
10410,Tim,Heinrich,tim.heinrich@gmail.com,1980-09-22,Mainz,Rheinland-Pfalz,Bildungsgutschein,Agentur für Arbeit / Jobcenter,2025-10-23T19:35:00,2025-10-23T19:35:00
10411,Philipp,Kaya,philipp.kaya@gmail.com,1976-03-28,München,Bayern,Bildungsgutschein,Agentur für Arbeit / Jobcenter,2024-07-03T10:06:00,2024-07-03T10:06:00
10412,Murat,Kaya,murat.kaya85@outlook.de,1971-06-08,Wuppertal,Nordrhein-Westfalen,Bildungsgutschein,Website organisch,2026-02-11T18:04:00,2026-09-01T01:00:00
10413,Marek,Albrecht,marek.albrecht11@icloud.com,1991-09-24,Köln,Nordrhein-Westfalen,Selbstzahler,Agentur für Arbeit / Jobcenter,2025-07-31T20:23:00,2025-07-31T20:23:00
10414,Hassan,Köhler,hassan.koehler@gmx.de,1972-04-17,Münster,Nordrhein-Westfalen,Bildungsgutschein,Agentur für Arbeit / Jobcenter,2024-09-08T08:46:00,2024-09-08T08:46:00
10415,Ayşe,Winter,aysewinter@web.de,1974-11-19,Kiel,Schleswig-Holstein,Selbstzahler,Agentur für Arbeit / Jobcenter,2025-06-02T17:29:00,2025-06-02T17:29:00
10416,Sina,Krüger,sina.krueger71@outlook.de,1978-09-20,Mannheim,Baden-Württemberg,Bildungsgutschein,Messe,2025-08-28T12:57:00,2025-08-28T12:57:00
10417,Paul,Jung,paul.jung82@gmx.de,1983-10-18,Karlsruhe,Baden-Württemberg,Bildungsgutschein,Empfehlung,2025-01-06T13:49:00,2025-01-06T13:49:00
10418,Tim,Roth,tim.roth@gmx.de,1986-10-01,München,Bayern,Bildungsgutschein,Agentur für Arbeit / Jobcenter,2025-11-13T09:56:00,2025-11-13T09:56:00
10419,Olga,Schmitz,o.schmitz@posteo.de,1974-01-15,Essen,Nordrhein-Westfalen,Bildungsgutschein,Website organisch,2025-05-31T09:08:00,2025-05-31T09:08:00
10420,Tatjana,Meier,tatjana.meier@gmail.com,1981-12-03,Rostock,Mecklenburg-Vorpommern,Bildungsgutschein,Google Ads,2026-06-11T12:50:00,2026-07-15T12:50:00
10421,Sören,Nowak,s.nowak@gmx.de,1992-02-25,München,Bayern,Bildungsgutschein,LinkedIn,2024-07-28T19:21:00,2024-07-28T19:21:00
10422,Florian,Wolf,florian.wolf@posteo.de,1971-05-17,Mainz,Rheinland-Pfalz,Bildungsgutschein,Agentur für Arbeit / Jobcenter,2024-07-13T12:34:00,2024-07-13T12:34:00
10423,Björn,Krause,bjoern.krause87@gmail.com,2000-02-08,Erfurt,Thüringen,Bildungsgutschein,Agentur für Arbeit / Jobcenter,2025-08-17T11:50:00,2025-08-17T11:50:00
10424,Hannah,Baumann,hannah.baumann7@gmx.de,1973-07-17,Wuppertal,Nordrhein-Westfalen,Bildungsgutschein,Agentur für Arbeit / Jobcenter,2025-08-19T19:44:00,2026-08-30T14:00:00
10425,Ali,Schmitt,alischmitt@gmx.de,1983-02-09,Bochum,Nordrhein-Westfalen,Selbstzahler,Google Ads,2026-08-05T13:20:00,2026-08-30T14:00:00
10426,Nadine,Çelik,n.celik@gmx.de,1988-06-20,Hannover,Niedersachsen,Bildungsgutschein,Messe,2026-04-03T07:49:00,2026-04-03T07:49:00
10427,Hassan,Winkler,hassan.winkler@web.de,1980-11-12,Duisburg,Nordrhein-Westfalen,Firmenkunde,Agentur für Arbeit / Jobcenter,2024-11-07T19:46:00,2024-11-07T19:46:00
10428,Katharina,Schmid,k.schmid@icloud.com,1989-12-26,Berlin,Berlin,Bildungsgutschein,Agentur für Arbeit / Jobcenter,2024-09-22T11:28:00,2025-03-05T11:28:00
10429,Niklas,Schmitz,n.schmitz@gmail.com,1977-12-23,Saarbrücken,Saarland,Bildungsgutschein,Empfehlung,2026-04-16T07:24:00,2026-04-16T07:24:00
10430,Lisa,Schulze,lisaschulze@gmail.com,1971-08-21,Bielefeld,Nordrhein-Westfalen,Bildungsgutschein,Empfehlung,2024-06-09T08:24:00,2024-06-09T08:24:00
10431,Tomasz,Weiß,t.weiss@posteo.de,1982-07-17,Mainz,Rheinland-Pfalz,Bildungsgutschein,LinkedIn,2026-05-28T08:57:00,2026-05-28T08:57:00
10432,Niklas,Koch,niklas.koch65@gmail.com,1970-04-17,Hamburg,Hamburg,Bildungsgutschein,Agentur für Arbeit / Jobcenter,2025-04-09T12:31:00,2025-08-18T12:31:00
10433,Leon,Aydin,l.aydin@gmail.com,2000-05-26,Bochum,Nordrhein-Westfalen,Firmenkunde,Website organisch,2024-08-03T17:16:00,2024-08-03T17:16:00
10434,Julia,Krämer,juliakraemer@icloud.com,1993-11-05,Mannheim,Baden-Württemberg,Bildungsgutschein,Empfehlung,2024-08-29T18:24:00,2024-08-29T18:24:00
10435,Dmitri,Aydin,dmitriaydin@gmail.com,1987-10-11,Magdeburg,Sachsen-Anhalt,Bildungsgutschein,Agentur für Arbeit / Jobcenter,2025-09-03T15:08:00,2025-09-03T15:08:00
10436,Moritz,Aydin,m.aydin@outlook.de,1995-03-21,Dortmund,Nordrhein-Westfalen,Bildungsgutschein,Google Ads,2025-12-31T09:20:00,2025-12-31T09:20:00
10437,Christina,Hartmann,christina.hartmann@gmail.com,1994-07-10,Karlsruhe,Baden-Württemberg,Firmenkunde,Google Ads,2025-08-28T18:59:00,2025-08-28T18:59:00
10438,Giulia,Zimmermann,giuliazimmermann@outlook.de,,Dresden,Sachsen,Bildungsgutschein,Google Ads,2025-03-01T16:36:00,2025-03-01T16:36:00
10439,Svetlana,Aydin,svetlana.aydin11@gmail.com,2000-10-16,Dortmund,Nordrhein-Westfalen,Bildungsgutschein,Agentur für Arbeit / Jobcenter,2026-05-31T17:23:00,2026-05-31T17:23:00
10440,Markus,Neumann,markus.neumann@gmail.com,1968-05-14,Kiel,Schleswig-Holstein,Firmenkunde,Empfehlung,2025-01-14T18:42:00,2025-01-14T18:42:00
10441,Sophie,Hofmann,sophie.hofmann57@icloud.com,1997-04-14,Karlsruhe,Baden-Württemberg,Bildungsgutschein,LinkedIn,2025-07-20T19:02:00,2025-07-20T19:02:00
10442,Max,Vogel,max.vogel@web.de,1996-08-27,Düsseldorf,Nordrhein-Westfalen,Bildungsgutschein,Messe,2024-07-14T10:33:00,2024-07-14T10:33:00
10443,Lisa,Krämer,lisa.kraemer@gmail.com,1986-08-13,Hannover,Niedersachsen,Bildungsgutschein,Agentur für Arbeit / Jobcenter,2025-04-08T19:52:00,2025-04-08T19:52:00
10444,Ines,Seidel,inesseidel@icloud.com,1996-02-24,Potsdam,Brandenburg,Selbstzahler,Website organisch,2025-10-26T08:11:00,2025-10-26T08:11:00
10445,Björn,Martin,b.martin@gmail.com,1969-03-15,Erfurt,Thüringen,Bildungsgutschein,Google Ads,2026-01-26T18:57:00,2026-01-26T18:57:00
10446,Ewa,Fuchs,ewafuchs@web.de,1973-02-23,Leipzig,Sachsen,Bildungsgutschein,Empfehlung,2025-09-04T17:23:00,2025-09-04T17:23:00
10447,Dennis,Seidel,dennis.seidel49@icloud.com,1978-06-19,München,Bayern,Bildungsgutschein,Agentur für Arbeit / Jobcenter,2026-04-07T20:09:00,2026-04-07T20:09:00
10448,Rüdiger,Wagner,ruediger.wagner40@gmx.de,1979-02-05,Bonn,Nordrhein-Westfalen,Selbstzahler,Agentur für Arbeit / Jobcenter,2024-12-25T07:39:00,2025-10-06T07:39:00
10449,Matthias,Schuster,matthias.schuster1@gmx.de,1981-10-22,Bochum,Nordrhein-Westfalen,Bildungsgutschein,Google Ads,2025-10-01T14:26:00,2025-10-01T14:26:00
10450,Anna,Schmid,annaschmid@posteo.de,1979-03-02,Köln,Nordrhein-Westfalen,Bildungsgutschein,Agentur für Arbeit / Jobcenter,2026-03-31T12:02:00,2026-03-31T12:02:00
10451,Murat,Groß,murat.gross@gmail.com,1994-03-06,Düsseldorf,Nordrhein-Westfalen,Bildungsgutschein,Empfehlung,2026-04-20T11:39:00,2026-04-20T11:39:00
10452,Murat,Krämer,m.kraemer@gmail.com,1973-05-11,München,Bayern,Bildungsgutschein,Agentur für Arbeit / Jobcenter,2025-06-13T13:52:00,2025-06-13T13:52:00
10453,Jannik,Schulz,jannik.schulz@gmail.com,1989-09-14,Bielefeld,Nordrhein-Westfalen,Bildungsgutschein,Agentur für Arbeit / Jobcenter,2025-11-20T10:44:00,2025-11-20T10:44:00
10454,Murat,Rossi,murat.rossi@yahoo.de,1986-07-20,Saarbrücken,Saarland,Bildungsgutschein,Google Ads,2025-04-21T11:33:00,2025-06-12T11:33:00
10455,Melanie,Seidel,melanie.seidel67@gmx.de,1979-10-08,Freiburg im Breisgau,Baden-Württemberg,Bildungsgutschein,Agentur für Arbeit / Jobcenter,2026-05-27T11:12:00,2026-08-31T11:00:00
10456,Dmitri,Wolf,dmitri.wolf27@web.de,1970-06-12,Kiel,Schleswig-Holstein,Bildungsgutschein,Google Ads,2025-12-26T19:40:00,2026-08-29T00:00:00
10457,Sören,König,s.koenig@gmail.com,2000-09-11,Münster,Nordrhein-Westfalen,Selbstzahler,Agentur für Arbeit / Jobcenter,2026-07-26T07:07:00,2026-07-26T07:07:00
10458,Mehmet,Seidel,mehmetseidel@yahoo.de,1989-11-16,Mannheim,Baden-Württemberg,Bildungsgutschein,Google Ads,2025-09-29T19:02:00,2025-09-29T19:02:00
10459,Dmitri,Beck,d.beck@posteo.de,1994-12-02,Potsdam,Brandenburg,Selbstzahler,Agentur für Arbeit / Jobcenter,2025-11-16T11:36:00,2025-11-16T11:36:00
10460,Niklas,Schneider,n.schneider@gmail.com,1972-03-09,Augsburg,Bayern,Bildungsgutschein,LinkedIn,2024-07-02T12:24:00,2024-08-03T12:24:00
10461,Murat,Groß,m.gross@posteo.de,1970-05-14,Karlsruhe,Baden-Württemberg,Bildungsgutschein,Google Ads,2024-08-28T14:56:00,2025-01-13T14:56:00
10462,Yasmin,Schmitz,yasmin.schmitz@gmx.de,1970-04-03,Wiesbaden,Hessen,Selbstzahler,Website organisch,2025-08-29T15:01:00,2025-08-29T15:01:00
10463,Claudia,Lange,c.lange@gmail.com,1977-02-27,Karlsruhe,Baden-Württemberg,Bildungsgutschein,Agentur für Arbeit / Jobcenter,2025-11-11T17:08:00,2025-11-11T17:08:00
10464,Daniel,Petrov,daniel.petrov@posteo.de,1970-11-28,Münster,Nordrhein-Westfalen,Bildungsgutschein,Website organisch,2026-01-30T20:05:00,2026-04-02T20:05:00
10465,Sina,Böhm,s.boehm@outlook.de,,Hamburg,Hamburg,Bildungsgutschein,Google Ads,2025-04-25T10:12:00,2025-04-25T10:12:00
10466,Stefan,Çelik,stefancelik@gmail.com,1975-01-20,Bielefeld,Nordrhein-Westfalen,Bildungsgutschein,Agentur für Arbeit / Jobcenter,2025-12-26T15:06:00,2025-12-26T15:06:00
10467,Max,Köhler,m.koehler@gmail.com,1978-02-10,Bochum,Nordrhein-Westfalen,Bildungsgutschein,Agentur für Arbeit / Jobcenter,2026-02-18T12:34:00,2026-02-18T12:34:00
10468,Markus,Öztürk,markus.oeztuerk@gmail.com,1995-07-06,Stuttgart,Baden-Württemberg,Bildungsgutschein,LinkedIn,2026-05-23T16:57:00,2026-05-23T16:57:00
10469,Björn,Roth,b.roth@web.de,2002-02-25,Hannover,Niedersachsen,Bildungsgutschein,LinkedIn,2026-07-23T14:36:00,2026-07-23T14:36:00
10470,Björn,Lorenz,bjoern.lorenz40@gmail.com,1982-04-05,Saarbrücken,Saarland,Bildungsgutschein,Agentur für Arbeit / Jobcenter,2026-02-22T11:58:00,2026-02-22T11:58:00
10471,Luca,Peters,luca.peters42@outlook.de,1969-02-16,Freiburg im Breisgau,Baden-Württemberg,Bildungsgutschein,Agentur für Arbeit / Jobcenter,2024-09-24T12:30:00,2026-08-31T05:00:00
10472,Leon,Groß,leon.gross@gmx.de,1974-06-18,Rostock,Mecklenburg-Vorpommern,Bildungsgutschein,Google Ads,2026-03-28T08:50:00,2026-08-31T22:00:00
10473,Can,Keller,cankeller@gmail.com,1992-02-11,Saarbrücken,Saarland,Bildungsgutschein,LinkedIn,2024-12-31T20:44:00,2024-12-31T20:44:00
10474,Michael,Vogt,michaelvogt@outlook.de,1972-12-23,Dresden,Sachsen,Bildungsgutschein,Google Ads,2026-01-09T20:31:00,2026-01-09T20:31:00
10475,Paul,Krämer,paulkraemer@gmail.com,1993-02-20,Münster,Nordrhein-Westfalen,Bildungsgutschein,LinkedIn,2024-09-20T17:52:00,2024-09-20T17:52:00
10476,Paul,Schuster,paul.schuster@web.de,1976-10-25,Nürnberg,Bayern,Selbstzahler,Empfehlung,2026-03-14T19:00:00,2026-03-14T19:00:00
10477,Christian,Kraus,christian.kraus79@gmail.com,1981-11-11,Hannover,Niedersachsen,Firmenkunde,Agentur für Arbeit / Jobcenter,2025-04-03T16:50:00,2025-04-03T16:50:00
10478,Michael,Petrov,michael.petrov@yahoo.de,2000-07-28,Berlin,Berlin,Bildungsgutschein,Website organisch,2024-10-09T20:18:00,2024-10-09T20:18:00
10479,Katharina,Müller,katharina.mueller@web.de,1969-04-14,Bonn,Nordrhein-Westfalen,Bildungsgutschein,Empfehlung,2026-05-21T16:25:00,2026-05-21T16:25:00
10480,Simon,Hahn,simonhahn@gmx.de,1976-04-18,Saarbrücken,Saarland,Bildungsgutschein,Agentur für Arbeit / Jobcenter,2025-06-29T20:59:00,2025-06-29T20:59:00
10481,Chiara,Çelik,chiara.celik@gmail.com,1977-12-16,Hamburg,Hamburg,Bildungsgutschein,Google Ads,2026-04-05T13:08:00,2026-04-05T13:08:00
10482,Florian,Beck,florian.beck90@posteo.de,1997-09-14,Dresden,Sachsen,Bildungsgutschein,Agentur für Arbeit / Jobcenter,2025-12-18T20:28:00,2025-12-18T20:28:00
10483,Sebastian,Groß,sebastiangross@gmail.com,1994-09-19,Bielefeld,Nordrhein-Westfalen,Bildungsgutschein,Empfehlung,2025-06-11T07:02:00,2025-06-11T07:02:00
10484,Nadine,Jäger,nadine.jaeger@gmx.de,2001-05-15,Essen,Nordrhein-Westfalen,Firmenkunde,Agentur für Arbeit / Jobcenter,2025-11-12T08:33:00,2025-11-12T08:33:00
10485,Markus,Brandt,markus.brandt@web.de,1971-06-18,Münster,Nordrhein-Westfalen,Bildungsgutschein,Website organisch,2026-08-07T07:30:00,2026-08-07T07:30:00
10486,Murat,Rossi,m.rossi@gmail.com,1978-01-23,Bonn,Nordrhein-Westfalen,Selbstzahler,Google Ads,2026-02-02T18:19:00,2026-02-02T18:19:00
10487,Maria,Brandt,maria.brandt@gmx.de,1969-05-16,Bonn,Nordrhein-Westfalen,Bildungsgutschein,LinkedIn,2024-08-24T09:32:00,2024-12-25T09:32:00
10488,Ewa,Schröder,e.schroeder@web.de,1975-10-06,Berlin,Berlin,Bildungsgutschein,Agentur für Arbeit / Jobcenter,2026-01-27T18:09:00,2026-08-31T03:00:00
10489,Amelie,Maier,amelie.maier31@outlook.de,2001-01-11,Dresden,Sachsen,Firmenkunde,Agentur für Arbeit / Jobcenter,2024-08-26T09:38:00,2024-08-26T09:38:00
10490,Matthias,Tran,matthias.tran99@yahoo.de,1996-12-21,Bochum,Nordrhein-Westfalen,Selbstzahler,Agentur für Arbeit / Jobcenter,2024-11-19T10:36:00,2024-11-19T10:36:00
10491,Piotr,Maier,piotr.maier@outlook.de,1997-07-16,Bremen,Bremen,Firmenkunde,Website organisch,2025-04-05T14:47:00,2025-04-05T14:47:00
10492,Svetlana,Hahn,svetlana.hahn50@web.de,1977-09-28,Wuppertal,Nordrhein-Westfalen,Firmenkunde,Agentur für Arbeit / Jobcenter,2025-08-20T07:18:00,2025-08-20T07:18:00
10493,Marco,Kaiser,marco.kaiser@yahoo.de,2002-11-12,Düsseldorf,Nordrhein-Westfalen,Bildungsgutschein,Agentur für Arbeit / Jobcenter,2025-08-17T16:58:00,2025-10-29T16:58:00
10494,Magdalena,Köhler,magdalena.koehler33@outlook.de,1983-12-22,Potsdam,Brandenburg,Bildungsgutschein,Empfehlung,2026-01-24T19:12:00,2026-01-24T19:12:00
10495,Merve,Kaiser,merve.kaiser@gmx.de,1968-07-04,Frankfurt am Main,Hessen,Bildungsgutschein,Agentur für Arbeit / Jobcenter,2025-11-20T08:43:00,2025-11-20T08:43:00
10496,Chiara,Schulze,chiara.schulze@gmail.com,1981-10-21,Köln,Nordrhein-Westfalen,Bildungsgutschein,Google Ads,2024-10-03T18:07:00,2024-10-03T18:07:00
10497,Tobias,Şahin,tobiassahin@outlook.de,1979-05-10,Leipzig,Sachsen,Bildungsgutschein,Google Ads,2025-09-22T17:59:00,2025-09-22T17:59:00
10498,Giulia,Khalil,g.khalil@gmx.de,1978-02-09,Wuppertal,Nordrhein-Westfalen,Bildungsgutschein,Messe,2026-08-05T07:24:00,2026-08-05T07:24:00
10499,Agnieszka,Maier,agnieszka.maier9@gmail.com,1993-03-21,Hannover,Niedersachsen,Bildungsgutschein,Agentur für Arbeit / Jobcenter,2025-10-17T08:09:00,2025-10-17T08:09:00
10500,Hassan,Kaya,h.kaya@gmail.com,1970-02-03,Düsseldorf,Nordrhein-Westfalen,Selbstzahler,Agentur für Arbeit / Jobcenter,2026-01-07T18:16:00,2026-01-07T18:16:00
10501,Matthias,Zimmermann,matthias.zimmermann@web.de,1985-03-23,Mainz,Rheinland-Pfalz,Bildungsgutschein,Empfehlung,2025-05-04T13:36:00,2026-08-29T14:00:00
10502,Alexander,Franke,alexander.franke@gmx.de,1968-07-23,Duisburg,Nordrhein-Westfalen,Bildungsgutschein,Website organisch,2026-08-08T14:07:00,2026-08-08T14:07:00
10503,Felix,Peters,felix.peters@web.de,1991-09-28,Stuttgart,Baden-Württemberg,Bildungsgutschein,Empfehlung,2025-05-15T08:53:00,2025-05-15T08:53:00
10504,Piotr,Schmitt,piotr.schmitt6@gmail.com,1987-12-13,Hannover,Niedersachsen,Bildungsgutschein,Agentur für Arbeit / Jobcenter,2024-09-18T17:44:00,2024-11-03T17:44:00
10505,Dmitri,Winkler,dmitri.winkler@web.de,1969-12-19,Hannover,Niedersachsen,Bildungsgutschein,Google Ads,2025-01-31T14:24:00,2025-01-31T14:24:00
10506,Aylin,Schuster,aylin.schuster@gmx.de,1989-01-11,München,Bayern,Bildungsgutschein,LinkedIn,2026-06-09T07:25:00,2026-06-09T07:25:00
10507,Luca,Böhm,lucaboehm@gmx.de,1972-01-24,Duisburg,Nordrhein-Westfalen,Bildungsgutschein,Website organisch,2024-10-23T14:41:00,2024-10-23T14:41:00
10508,Ivan,Meyer,ivanmeyer@gmail.com,1979-11-02,Berlin,Berlin,Bildungsgutschein,Google Ads,2025-04-11T20:50:00,2025-04-11T20:50:00
10509,Can,Schulz,can.schulz@outlook.de,1982-02-26,Freiburg im Breisgau,Baden-Württemberg,Selbstzahler,Messe,2024-12-25T13:21:00,2024-12-25T13:21:00
10510,Marco,Friedrich,marcofriedrich@gmail.com,1981-01-19,Karlsruhe,Baden-Württemberg,Bildungsgutschein,Agentur für Arbeit / Jobcenter,2024-11-25T12:04:00,2024-11-25T12:04:00
10511,Florian,Krüger,floriankrueger@web.de,1983-10-02,Erfurt,Thüringen,Firmenkunde,Google Ads,2024-10-15T08:50:00,2024-10-15T08:50:00
10512,Franziska,Schneider,franziska.schneider@posteo.de,1979-02-23,Berlin,Berlin,Bildungsgutschein,Empfehlung,2026-03-30T16:56:00,2026-03-30T16:56:00
10513,Markus,Kowalski,m.kowalski@gmail.com,1994-04-06,Erfurt,Thüringen,Bildungsgutschein,Empfehlung,2026-02-16T18:02:00,2026-02-16T18:02:00
10514,Hassan,Koch,h.koch@web.de,1968-09-08,Kiel,Schleswig-Holstein,Firmenkunde,Google Ads,2024-12-14T08:33:00,2024-12-14T08:33:00
10515,Moritz,Simon,moritzsimon@gmail.com,1971-04-04,Bielefeld,Nordrhein-Westfalen,Firmenkunde,Google Ads,2024-10-31T17:54:00,2025-01-25T17:54:00
10516,Amelie,Braun,amelie.braun@web.de,1986-04-14,Wiesbaden,Hessen,Selbstzahler,Empfehlung,2025-02-13T12:39:00,2025-02-13T12:39:00
10517,Lisa,Richter,lisarichter@web.de,1969-08-17,Bremen,Bremen,Bildungsgutschein,Agentur für Arbeit / Jobcenter,2024-09-27T08:57:00,2025-06-13T08:57:00
10518,Emre,Fuchs,e.fuchs@gmx.de,1975-06-08,Duisburg,Nordrhein-Westfalen,Bildungsgutschein,Agentur für Arbeit / Jobcenter,2024-09-09T10:47:00,2024-09-09T10:47:00
10519,Olga,Hoffmann,olga.hoffmann@gmx.de,1977-04-20,Magdeburg,Sachsen-Anhalt,Bildungsgutschein,Google Ads,2025-09-09T09:24:00,2025-09-09T09:24:00
10520,Ayşe,Brandt,aysebrandt@gmail.com,1976-01-23,Mannheim,Baden-Württemberg,Bildungsgutschein,LinkedIn,2026-01-04T07:17:00,2026-01-04T07:17:00
10521,Andreas,Günther,andreasguenther@gmail.com,1978-11-20,Bonn,Nordrhein-Westfalen,Firmenkunde,Agentur für Arbeit / Jobcenter,2024-11-22T16:35:00,2024-11-22T16:35:00
10522,Kevin,Albrecht,kevin.albrecht28@posteo.de,1985-01-24,Potsdam,Brandenburg,Bildungsgutschein,Agentur für Arbeit / Jobcenter,2025-08-13T18:55:00,2025-08-13T18:55:00
10523,Emre,Krause,emrekrause@posteo.de,1994-01-02,Berlin,Berlin,Bildungsgutschein,Agentur für Arbeit / Jobcenter,2025-09-25T18:49:00,2025-09-25T18:49:00
10524,David,Franke,david.franke@outlook.de,1999-04-03,Erfurt,Thüringen,Selbstzahler,Agentur für Arbeit / Jobcenter,2025-12-24T19:00:00,2025-12-24T19:00:00
10525,Zeynep,Schröder,zeynep.schroeder@gmail.com,1998-11-10,Hamburg,Hamburg,Firmenkunde,Empfehlung,2024-11-13T18:29:00,2024-11-13T18:29:00
10526,Julia,Beck,julia.beck18@gmx.de,1991-11-15,Dresden,Sachsen,Firmenkunde,Agentur für Arbeit / Jobcenter,2026-05-22T17:00:00,2026-05-22T17:00:00
10527,Sören,Peters,soeren.peters38@gmx.de,2002-10-26,Bielefeld,Nordrhein-Westfalen,Bildungsgutschein,Website organisch,2024-12-30T19:43:00,2024-12-30T19:43:00
10528,Maria,Ludwig,m.ludwig@icloud.com,1975-07-12,Köln,Nordrhein-Westfalen,Bildungsgutschein,Agentur für Arbeit / Jobcenter,2025-09-20T16:02:00,2025-09-20T16:02:00
10529,Ali,Wojcik,aliwojcik@gmail.com,1989-04-18,Dortmund,Nordrhein-Westfalen,Selbstzahler,Empfehlung,2024-09-25T17:30:00,2024-09-25T17:30:00
10530,Björn,Werner,bjoernwerner@outlook.de,1990-05-17,Karlsruhe,Baden-Württemberg,Bildungsgutschein,Agentur für Arbeit / Jobcenter,2026-04-28T13:17:00,2026-04-28T13:17:00
10531,Christian,Albrecht,christian.albrecht16@gmx.de,1996-10-12,Bonn,Nordrhein-Westfalen,Firmenkunde,Website organisch,2026-04-21T18:51:00,2026-04-21T18:51:00
10532,Ayşe,Beck,aysebeck@gmail.com,1972-02-06,Bonn,Nordrhein-Westfalen,Bildungsgutschein,Agentur für Arbeit / Jobcenter,2025-03-10T08:44:00,2025-03-10T08:44:00
10533,Fatma,Böhm,f.boehm@yahoo.de,2002-03-16,Kiel,Schleswig-Holstein,Selbstzahler,Agentur für Arbeit / Jobcenter,2025-05-22T13:28:00,2025-05-22T13:28:00
10534,Ayşe,Schulz,a.schulz@gmail.com,1989-11-21,Kiel,Schleswig-Holstein,Bildungsgutschein,Google Ads,2025-05-01T14:37:00,2025-05-01T14:37:00
10535,Jannik,Winkler,jannikwinkler@gmx.de,1978-05-08,Münster,Nordrhein-Westfalen,Selbstzahler,Agentur für Arbeit / Jobcenter,2025-10-09T12:18:00,2025-10-10T12:18:00
10536,Felix,König,felixkoenig@gmx.de,,Bonn,Nordrhein-Westfalen,Bildungsgutschein,Agentur für Arbeit / Jobcenter,2026-05-27T18:57:00,2026-05-27T18:57:00
10537,Irina,Klein,irinaklein@gmail.com,1984-06-06,Erfurt,Thüringen,Bildungsgutschein,Agentur für Arbeit / Jobcenter,2024-12-28T15:45:00,2024-12-28T15:45:00
10538,Leon,Schwarz,leonschwarz@gmail.com,1975-01-13,Münster,Nordrhein-Westfalen,Firmenkunde,Website organisch,2025-10-25T19:09:00,2025-10-25T19:09:00
10539,Claudia,Müller,c.mueller@yahoo.de,1998-05-25,Bonn,Nordrhein-Westfalen,Selbstzahler,Empfehlung,2026-01-09T17:09:00,2026-01-09T17:09:00
10540,Stefan,Lang,stefan.lang94@web.de,1976-11-18,München,Bayern,Bildungsgutschein,LinkedIn,2024-09-28T11:01:00,2024-09-28T11:01:00
10541,Christian,Möller,christianmoeller@gmail.com,1985-04-01,Duisburg,Nordrhein-Westfalen,Bildungsgutschein,Empfehlung,2024-08-25T15:54:00,2025-02-04T15:54:00
10542,Miriam,Ludwig,m.ludwig@gmail.com,1991-07-05,Köln,Nordrhein-Westfalen,Bildungsgutschein,Agentur für Arbeit / Jobcenter,2026-06-04T20:27:00,2026-06-04T20:27:00
10543,Chiara,Scholz,chiara.scholz@gmail.com,1996-12-14,Nürnberg,Bayern,Selbstzahler,Messe,2025-08-28T11:10:00,2025-08-28T11:10:00
10544,Sebastian,Rossi,sebastian.rossi@posteo.de,1981-05-16,Essen,Nordrhein-Westfalen,Firmenkunde,Google Ads,2025-11-20T12:04:00,2025-11-20T12:04:00
10545,Tobias,Koch,t.koch@gmail.com,1979-09-15,Kiel,Schleswig-Holstein,Firmenkunde,Agentur für Arbeit / Jobcenter,2026-05-29T16:48:00,2026-08-31T12:00:00
10546,Tobias,Walter,t.walter@gmx.de,,Münster,Nordrhein-Westfalen,Selbstzahler,Agentur für Arbeit / Jobcenter,2025-09-18T10:01:00,2025-09-18T10:01:00
10547,Yasmin,Yilmaz,yasmin.yilmaz@outlook.de,1994-03-16,Bonn,Nordrhein-Westfalen,Bildungsgutschein,Empfehlung,2026-05-06T17:15:00,2026-07-28T17:15:00
10548,Matthias,Schulz,matthias.schulz47@gmx.de,1984-11-22,Magdeburg,Sachsen-Anhalt,Bildungsgutschein,Google Ads,2025-10-01T18:52:00,2025-10-01T18:52:00
10549,Murat,Schneider,murat.schneider@outlook.de,1988-08-23,Essen,Nordrhein-Westfalen,Bildungsgutschein,Agentur für Arbeit / Jobcenter,2024-10-17T12:10:00,2024-10-17T12:10:00
10550,Sergej,Möller,sergej.moeller@gmail.com,1979-02-20,Hannover,Niedersachsen,Bildungsgutschein,Agentur für Arbeit / Jobcenter,2026-07-11T09:34:00,2026-07-11T09:34:00
10551,Nikolaus,Mayer,n.mayer@gmail.com,2002-10-12,Düsseldorf,Nordrhein-Westfalen,Bildungsgutschein,Agentur für Arbeit / Jobcenter,2024-10-26T07:08:00,2024-10-26T07:08:00
10552,Alexander,Keller,alexander.keller@gmail.com,1977-09-08,Nürnberg,Bayern,Bildungsgutschein,Empfehlung,2024-12-10T19:57:00,2026-08-31T05:00:00
10553,Marcel,Kraus,marcel.kraus@web.de,1997-02-04,Kiel,Schleswig-Holstein,Bildungsgutschein,Empfehlung,2024-10-13T07:30:00,2024-10-13T07:30:00
10554,Stefanie,Winkler,s.winkler@posteo.de,1987-01-24,Dresden,Sachsen,Firmenkunde,Agentur für Arbeit / Jobcenter,2024-09-30T10:08:00,2024-10-10T10:08:00
10555,Svetlana,Huber,svetlana.huber@gmail.com,1975-02-01,Magdeburg,Sachsen-Anhalt,Bildungsgutschein,Agentur für Arbeit / Jobcenter,2026-08-03T14:48:00,2026-08-31T14:00:00
10556,Sarah,Şahin,sarah.sahin8@gmx.de,1984-01-03,Leipzig,Sachsen,Selbstzahler,LinkedIn,2025-04-05T17:00:00,2025-04-05T17:00:00
10557,Omar,Werner,omarwerner@gmx.de,1969-02-05,Augsburg,Bayern,Bildungsgutschein,Agentur für Arbeit / Jobcenter,2026-07-05T11:37:00,2026-07-05T11:37:00
10558,Patrick,Rossi,patrick.rossi@web.de,1968-09-07,Düsseldorf,Nordrhein-Westfalen,Bildungsgutschein,Empfehlung,2026-06-03T10:18:00,2026-06-03T10:18:00
10559,Anna,Ivanova,anna.ivanova28@gmail.com,1979-08-22,Wiesbaden,Hessen,Bildungsgutschein,Agentur für Arbeit / Jobcenter,2024-09-18T09:53:00,2024-09-18T09:53:00
10560,Zeynep,Ludwig,z.ludwig@gmail.com,1997-02-17,Leipzig,Sachsen,Bildungsgutschein,Agentur für Arbeit / Jobcenter,2024-10-18T14:48:00,2024-10-18T14:48:00
10561,Lisa,Schäfer,lisa.schaefer15@gmail.com,1997-10-24,Bonn,Nordrhein-Westfalen,Bildungsgutschein,Google Ads,2025-04-16T17:53:00,2025-05-16T17:53:00
10562,Ines,Frank,ines.frank9@gmail.com,1979-01-22,Wiesbaden,Hessen,Bildungsgutschein,Google Ads,2025-10-17T17:06:00,2025-10-17T17:06:00
10563,Marco,Schäfer,marco.schaefer51@gmail.com,1978-02-12,Düsseldorf,Nordrhein-Westfalen,Bildungsgutschein,Messe,2024-12-21T12:12:00,2024-12-21T12:12:00
10564,Christina,Meier,christina.meier93@outlook.de,1985-11-13,Bielefeld,Nordrhein-Westfalen,Bildungsgutschein,Agentur für Arbeit / Jobcenter,2025-05-31T14:42:00,2025-05-31T14:42:00
10565,Alexander,Ludwig,alexander.ludwig99@gmail.com,1975-05-16,Düsseldorf,Nordrhein-Westfalen,Firmenkunde,Agentur für Arbeit / Jobcenter,2025-10-23T10:40:00,2025-10-23T10:40:00
10566,Katharina,Schulz,katharinaschulz@gmx.de,1988-03-10,Mainz,Rheinland-Pfalz,Selbstzahler,Empfehlung,2026-02-27T16:06:00,2026-02-27T16:06:00
10567,Kevin,Khalil,kevinkhalil@gmx.de,1999-08-17,Bonn,Nordrhein-Westfalen,Selbstzahler,Google Ads,2025-02-23T15:21:00,2025-02-23T15:21:00
10568,Laura,Haddad,laura.haddad@gmail.com,1996-06-28,Mainz,Rheinland-Pfalz,Bildungsgutschein,Agentur für Arbeit / Jobcenter,2025-06-21T14:29:00,2025-06-21T14:29:00
10569,Tomasz,Mayer,tomasz.mayer22@posteo.de,1976-05-23,Magdeburg,Sachsen-Anhalt,Bildungsgutschein,Empfehlung,2025-07-04T14:48:00,2025-07-04T14:48:00
10570,Tomasz,Schumacher,tomasz.schumacher74@web.de,2003-03-17,Saarbrücken,Saarland,Bildungsgutschein,Messe,2024-07-28T13:16:00,2026-08-30T04:00:00
10571,Hassan,Öztürk,h.oeztuerk@gmail.com,1969-10-02,Köln,Nordrhein-Westfalen,Bildungsgutschein,Empfehlung,2024-10-10T20:23:00,2024-10-10T20:23:00
10572,Julia,Haddad,julia.haddad44@posteo.de,1995-06-12,Düsseldorf,Nordrhein-Westfalen,Bildungsgutschein,Agentur für Arbeit / Jobcenter,2025-07-27T12:03:00,2025-07-27T12:03:00
10573,Piotr,Huber,piotr.huber@gmx.de,1975-06-06,Münster,Nordrhein-Westfalen,Bildungsgutschein,Empfehlung,2024-06-21T15:20:00,2024-10-04T15:20:00
10574,Sebastian,Vogt,s.vogt@gmx.de,,Hamburg,Hamburg,Bildungsgutschein,Google Ads,2025-04-21T13:36:00,2025-04-21T13:36:00
10575,Alexander,Bauer,a.bauer@web.de,2000-11-11,Freiburg im Breisgau,Baden-Württemberg,Bildungsgutschein,Agentur für Arbeit / Jobcenter,2024-11-18T16:19:00,2024-12-31T16:19:00
10576,Matthias,Yilmaz,matthiasyilmaz@outlook.de,1984-01-10,Bonn,Nordrhein-Westfalen,Bildungsgutschein,Empfehlung,2026-01-09T13:51:00,2026-01-09T13:51:00
10577,Miriam,Petrov,m.petrov@outlook.de,1972-10-26,Bielefeld,Nordrhein-Westfalen,Bildungsgutschein,LinkedIn,2025-11-26T14:27:00,2025-11-26T14:27:00
10578,Marek,Mayer,marek.mayer39@gmx.de,1980-07-13,Karlsruhe,Baden-Württemberg,Bildungsgutschein,Empfehlung,2025-02-13T16:32:00,2025-02-13T16:32:00
10579,Merve,Schneider,merveschneider@web.de,,Freiburg im Breisgau,Baden-Württemberg,Firmenkunde,Google Ads,2026-07-01T14:17:00,2026-07-01T14:17:00
10580,Hassan,Khalil,hassan.khalil@icloud.com,1991-08-05,Hannover,Niedersachsen,Selbstzahler,Agentur für Arbeit / Jobcenter,2025-02-02T09:47:00,2025-08-14T09:47:00
10581,Michael,Keller,michaelkeller@gmail.com,1985-05-21,Kiel,Schleswig-Holstein,Bildungsgutschein,Agentur für Arbeit / Jobcenter,2024-11-12T11:43:00,2024-11-12T11:43:00
10582,Nadine,Zimmermann,n.zimmermann@gmail.com,1999-09-14,Potsdam,Brandenburg,Bildungsgutschein,Agentur für Arbeit / Jobcenter,2025-08-07T17:57:00,2025-08-07T17:57:00
10583,Stefanie,Fischer,stefaniefischer@gmail.com,1999-01-02,München,Bayern,Bildungsgutschein,Agentur für Arbeit / Jobcenter,2024-08-25T12:38:00,2024-08-25T12:38:00
10584,Philipp,Weiß,philipp.weiss12@web.de,,Dortmund,Nordrhein-Westfalen,Bildungsgutschein,Empfehlung,2026-06-23T15:59:00,2026-09-01T03:00:00
10585,Emre,Winter,emrewinter@gmail.com,1988-06-27,Leipzig,Sachsen,Selbstzahler,Empfehlung,2026-01-20T18:24:00,2026-01-20T18:24:00
10586,Sebastian,Schmitz,sebastianschmitz@gmail.com,1996-07-09,Bielefeld,Nordrhein-Westfalen,Bildungsgutschein,Empfehlung,2026-01-25T07:31:00,2026-08-31T03:00:00
10587,Nadine,Kaiser,nadinekaiser@gmx.de,1977-06-16,Bielefeld,Nordrhein-Westfalen,Bildungsgutschein,Google Ads,2026-06-03T12:52:00,2026-08-31T09:00:00
10588,Omar,Weber,omar.weber@outlook.de,1984-09-13,Bochum,Nordrhein-Westfalen,Bildungsgutschein,LinkedIn,2025-04-13T17:44:00,2025-04-13T17:44:00
10589,Christina,Kraus,christina.kraus57@posteo.de,1993-05-10,Berlin,Berlin,Bildungsgutschein,Agentur für Arbeit / Jobcenter,2024-09-01T20:48:00,2024-09-01T20:48:00
10590,Franziska,Winkler,franziska.winkler99@web.de,1985-02-27,München,Bayern,Selbstzahler,Website organisch,2026-08-08T14:30:00,2026-08-08T14:30:00
10591,Lukas,Petrov,lukaspetrov@gmx.de,2000-02-12,Wuppertal,Nordrhein-Westfalen,Selbstzahler,Empfehlung,2025-08-05T16:46:00,2026-05-08T16:46:00
10592,Andreas,Kowalski,andreaskowalski@gmail.com,1976-01-13,Erfurt,Thüringen,Bildungsgutschein,Agentur für Arbeit / Jobcenter,2024-12-22T17:19:00,2024-12-22T17:19:00
10593,Franziska,Schmid,franziskaschmid@gmx.de,1988-08-16,Kiel,Schleswig-Holstein,Bildungsgutschein,Google Ads,2026-06-23T09:16:00,2026-08-31T02:00:00
10594,Paul,König,p.koenig@gmail.com,1993-07-27,Dresden,Sachsen,Firmenkunde,Website organisch,2026-01-06T10:01:00,2026-01-06T10:01:00
10595,Piotr,Seidel,piotr.seidel12@web.de,1984-12-28,Hannover,Niedersachsen,Bildungsgutschein,Google Ads,2024-11-20T07:25:00,2024-11-20T07:25:00
10596,Claudia,Koch,claudia.koch@yahoo.de,2001-07-25,Berlin,Berlin,Bildungsgutschein,Agentur für Arbeit / Jobcenter,2025-09-08T20:43:00,2026-03-22T20:43:00
10597,Fatma,Lange,f.lange@icloud.com,1992-03-14,Freiburg im Breisgau,Baden-Württemberg,Firmenkunde,Agentur für Arbeit / Jobcenter,2024-12-29T16:13:00,2024-12-29T16:13:00
10598,Marco,Lange,marcolange@gmx.de,1986-05-08,Hamburg,Hamburg,Bildungsgutschein,Google Ads,2026-02-23T14:58:00,2026-02-23T14:58:00
10599,Piotr,Beck,piotrbeck@gmail.com,1993-11-07,Karlsruhe,Baden-Württemberg,Bildungsgutschein,Google Ads,2026-06-01T13:45:00,2026-06-01T13:45:00
10600,Nina,Bauer,n.bauer@gmx.de,1998-06-20,Bochum,Nordrhein-Westfalen,Selbstzahler,LinkedIn,2026-04-18T19:38:00,2026-04-18T19:38:00
10601,Anna,Schulze,a.schulze@gmx.de,1991-03-18,Rostock,Mecklenburg-Vorpommern,Bildungsgutschein,Google Ads,2024-07-13T16:11:00,2024-07-13T16:11:00
10602,Jonas,Lorenz,jonas.lorenz41@gmail.com,1984-02-11,Essen,Nordrhein-Westfalen,Firmenkunde,LinkedIn,2024-07-16T09:31:00,2024-07-16T09:31:00
10603,Tim,Berger,t.berger@gmail.com,,Karlsruhe,Baden-Württemberg,Firmenkunde,Google Ads,2026-06-25T14:48:00,2026-06-25T14:48:00
10604,Tomasz,Yilmaz,tomaszyilmaz@outlook.de,1971-04-06,Essen,Nordrhein-Westfalen,Bildungsgutschein,Google Ads,2024-07-07T14:16:00,2024-10-09T14:16:00
10605,Nadine,Schuster,nadine.schuster46@gmail.com,1999-02-28,Potsdam,Brandenburg,Bildungsgutschein,Agentur für Arbeit / Jobcenter,2026-06-08T20:09:00,2026-06-08T20:09:00
10606,Chiara,Hartmann,c.hartmann@outlook.de,1968-09-25,Nürnberg,Bayern,Firmenkunde,Agentur für Arbeit / Jobcenter,2026-01-06T09:26:00,2026-01-06T09:26:00
10607,Matthias,Öztürk,matthias.oeztuerk@gmail.com,1975-07-12,Bonn,Nordrhein-Westfalen,Bildungsgutschein,Agentur für Arbeit / Jobcenter,2026-01-26T08:53:00,2026-01-26T08:53:00
10608,Andreas,Wojcik,a.wojcik@web.de,1989-01-21,Berlin,Berlin,Firmenkunde,Messe,2026-02-28T14:20:00,2026-02-28T14:20:00
10609,Mehmet,Schröder,m.schroeder@gmail.com,1971-12-03,Karlsruhe,Baden-Württemberg,Bildungsgutschein,Agentur für Arbeit / Jobcenter,2025-12-13T16:24:00,2025-12-13T16:24:00
10610,Irina,Khalil,irina.khalil@posteo.de,1978-07-25,Nürnberg,Bayern,Selbstzahler,Empfehlung,2025-07-18T11:41:00,2025-07-18T11:41:00
10611,Christina,Mayer,c.mayer@gmx.de,1990-11-04,Dortmund,Nordrhein-Westfalen,Bildungsgutschein,Website organisch,2025-06-12T15:12:00,2025-06-12T15:12:00
10612,Markus,Köhler,markus.koehler@gmx.de,1991-10-06,Magdeburg,Sachsen-Anhalt,Bildungsgutschein,Google Ads,2025-08-19T17:27:00,2025-08-19T17:27:00
10613,Thomas,Öztürk,thomasoeztuerk@gmail.com,2001-11-21,Freiburg im Breisgau,Baden-Württemberg,Bildungsgutschein,Agentur für Arbeit / Jobcenter,2025-11-20T08:18:00,2025-11-20T08:18:00
10614,Martin,Mayer,m.mayer@gmail.com,2001-07-10,Bochum,Nordrhein-Westfalen,Bildungsgutschein,Agentur für Arbeit / Jobcenter,2026-01-04T07:35:00,2026-08-31T15:00:00
10615,Sina,Ludwig,sina.ludwig13@gmx.de,1990-05-19,Wuppertal,Nordrhein-Westfalen,Bildungsgutschein,Empfehlung,2024-08-23T19:32:00,2024-08-23T19:32:00
10616,Thomas,Hofmann,thomas.hofmann@outlook.de,1994-12-10,Stuttgart,Baden-Württemberg,Bildungsgutschein,Empfehlung,2025-04-18T16:46:00,2025-04-18T16:46:00
10617,Ivan,Maier,ivanmaier@gmail.com,1973-12-20,Dresden,Sachsen,Bildungsgutschein,Google Ads,2025-02-21T20:43:00,2025-07-25T20:43:00
10618,Anna,Vogel,anna.vogel22@gmail.com,1993-11-24,Potsdam,Brandenburg,Bildungsgutschein,LinkedIn,2026-02-07T18:31:00,2026-02-07T18:31:00
10619,Hassan,Weiß,hassan.weiss89@web.de,1973-03-05,Münster,Nordrhein-Westfalen,Selbstzahler,Empfehlung,2024-06-15T10:07:00,2024-06-15T10:07:00
10620,Ayşe,Fischer,aysefischer@gmail.com,1995-11-28,Bochum,Nordrhein-Westfalen,Bildungsgutschein,Google Ads,2025-12-04T10:05:00,2025-12-04T10:05:00
10621,Markus,Frank,markusfrank@gmail.com,1999-08-01,Erfurt,Thüringen,Bildungsgutschein,Google Ads,2025-09-04T16:15:00,2026-01-04T16:15:00
10622,David,Wagner,david.wagner14@gmail.com,1999-12-19,Kiel,Schleswig-Holstein,Firmenkunde,Agentur für Arbeit / Jobcenter,2026-02-01T18:35:00,2026-02-01T18:35:00
10623,Simon,Albrecht,simon.albrecht93@gmx.de,1971-09-01,Duisburg,Nordrhein-Westfalen,Bildungsgutschein,Agentur für Arbeit / Jobcenter,2025-08-07T16:20:00,2025-08-07T16:20:00
10624,Piotr,Günther,piotr.guenther15@posteo.de,1996-12-14,Augsburg,Bayern,Selbstzahler,Google Ads,2024-06-22T09:18:00,2026-08-26T18:00:00
10625,Stefan,Meier,s.meier@gmx.de,1976-05-24,Potsdam,Brandenburg,Firmenkunde,Empfehlung,2026-05-30T13:26:00,2026-05-30T13:26:00
10626,Tim,Baumann,timbaumann@outlook.de,1973-11-16,Bonn,Nordrhein-Westfalen,Bildungsgutschein,Google Ads,2024-10-11T09:12:00,2024-10-11T09:12:00
10627,Florian,Schuster,florian.schuster@gmail.com,1990-05-12,Hamburg,Hamburg,Firmenkunde,Website organisch,2026-04-25T09:11:00,2026-04-25T09:11:00
10628,Sarah,Schulz,sarahschulz@gmail.com,2003-04-16,Leipzig,Sachsen,Bildungsgutschein,Agentur für Arbeit / Jobcenter,2025-02-20T12:50:00,2025-02-20T12:50:00
10629,Ali,Köhler,ali.koehler@posteo.de,1996-08-27,Köln,Nordrhein-Westfalen,Selbstzahler,Google Ads,2026-07-14T08:06:00,2026-07-14T08:06:00
10630,Sina,Krämer,sinakraemer@gmail.com,,Leipzig,Sachsen,Bildungsgutschein,Google Ads,2026-06-16T11:45:00,2026-06-16T11:45:00
10631,Jana,Zimmermann,janazimmermann@web.de,1980-08-14,Leipzig,Sachsen,Bildungsgutschein,LinkedIn,2026-07-28T19:00:00,2026-07-28T19:00:00
10632,Jonas,König,j.koenig@gmx.de,1994-06-21,Wiesbaden,Hessen,Selbstzahler,Google Ads,2026-04-12T10:09:00,2026-04-12T10:09:00
10633,Svetlana,Neumann,svetlana.neumann53@outlook.de,2001-11-12,Potsdam,Brandenburg,Selbstzahler,Empfehlung,2024-07-01T14:09:00,2024-07-01T14:09:00
10634,Kevin,Schulz,kevin.schulz41@gmail.com,1995-01-13,Bremen,Bremen,Firmenkunde,Agentur für Arbeit / Jobcenter,2026-07-18T07:42:00,2026-07-18T07:42:00
10635,Murat,Becker,m.becker@yahoo.de,1993-11-23,Kiel,Schleswig-Holstein,Selbstzahler,Agentur für Arbeit / Jobcenter,2025-12-19T20:19:00,2025-12-19T20:19:00
10636,Leon,Schmidt,leonschmidt@outlook.de,1996-11-07,Rostock,Mecklenburg-Vorpommern,Bildungsgutschein,Agentur für Arbeit / Jobcenter,2025-12-10T16:50:00,2025-12-10T16:50:00
10637,Leon,Demir,l.demir@gmx.de,1970-09-11,Stuttgart,Baden-Württemberg,Selbstzahler,Agentur für Arbeit / Jobcenter,2025-07-05T18:46:00,2025-07-05T18:46:00
10638,Moritz,König,m.koenig@gmail.com,1978-01-01,Mannheim,Baden-Württemberg,Bildungsgutschein,LinkedIn,2025-12-05T16:16:00,2025-12-05T16:16:00
10639,Sebastian,Simon,s.simon@gmail.com,2000-06-04,Wuppertal,Nordrhein-Westfalen,Firmenkunde,Agentur für Arbeit / Jobcenter,2024-07-19T19:41:00,2024-07-19T19:41:00
10640,Murat,Ferrari,muratferrari@gmail.com,1990-05-10,Duisburg,Nordrhein-Westfalen,Selbstzahler,Empfehlung,2026-04-14T19:52:00,2026-04-14T19:52:00
10641,Laura,Keller,Laurakeller@Gmail.Com,1986-06-11,Dresden,Sachsen,Selbstzahler,Agentur für Arbeit / Jobcenter,2026-08-17T06:00:00,2026-08-17T06:00:00
10642,Fatma,Böhm,F.BOEHM@YAHOO.DE,2002-03-16,Kiel,Schleswig-Holstein,Selbstzahler,Agentur für Arbeit / Jobcenter,2026-03-17T13:28:00,2026-03-17T13:28:00
10643,Felix,Khalil,Felix.Khalil40@Gmail.Com,1975-02-06,Wuppertal,Nordrhein-Westfalen,Selbstzahler,Google Ads,2026-08-14T06:00:00,2026-08-14T06:00:00
10644,Simon,Winter,S.Winter@Gmail.Com,1989-03-03,Duisburg,Nordrhein-Westfalen,Bildungsgutschein,Agentur für Arbeit / Jobcenter,2026-04-19T17:07:00,2026-04-19T17:07:00
10645,Lukas,Weiß,Lukas.Weiss97@Gmail.Com,1975-11-12,Berlin,Berlin,Bildungsgutschein,Website organisch,2026-08-21T10:57:00,2026-08-21T10:57:00
10646,Ali,Wojcik,Aliwojcik@Gmail.Com,1989-04-18,Dortmund,Nordrhein-Westfalen,Selbstzahler,Empfehlung,2025-06-07T17:30:00,2025-06-07T17:30:00
10647,Fatma,Lange,F.Lange@Icloud.Com,1992-03-14,Freiburg im Breisgau,Baden-Württemberg,Firmenkunde,Agentur für Arbeit / Jobcenter,2025-08-29T16:13:00,2025-08-29T16:13:00
10648,Nina,Mayer, nina.mayer31@gmail.com ,1992-12-05,Mannheim,Baden-Württemberg,Bildungsgutschein,Messe,2026-08-18T18:05:00,2026-08-18T18:05:00
10649,Miriam,Schulz, miriam.schulz@gmail.com ,1992-07-20,München,Bayern,Selbstzahler,Google Ads,2026-08-17T06:00:00,2026-08-17T06:00:00
10650,Stefan,Çelik, stefancelik@gmail.com ,1975-01-20,Bielefeld,Nordrhein-Westfalen,Bildungsgutschein,Agentur für Arbeit / Jobcenter,2026-08-15T06:00:00,2026-08-15T06:00:00
10651,Merve,Schwarz,Merve.schwarz@gmx.de,1969-02-24,Essen,Nordrhein-Westfalen,Bildungsgutschein,Agentur für Arbeit / Jobcenter,2026-08-16T10:24:00,2026-08-16T10:24:00
10652,Chiara,Kraus,Chiara.Kraus14@Gmail.Com,1984-12-12,Dortmund,Nordrhein-Westfalen,Bildungsgutschein,Agentur für Arbeit / Jobcenter,2026-08-26T06:00:00,2026-08-26T06:00:00
10653,Moritz,Aydin ,M.AYDIN@OUTLOOK.DE,1995-03-21,Dortmund,Nordrhein-Westfalen,Bildungsgutschein,Google Ads,2026-03-31T09:20:00,2026-03-31T09:20:00
10654,Florian,Wolf,Florian.Wolf@Posteo.De,1971-05-17,Mainz,Rheinland-Pfalz,Bildungsgutschein,Agentur für Arbeit / Jobcenter,2024-10-07T12:34:00,2024-10-07T12:34:00
10655,Nadine,Lorenz,NADINELORENZ@YAHOO.DE,2003-06-03,Rostock,Mecklenburg-Vorpommern,Bildungsgutschein,Google Ads,2026-01-04T07:16:00,2026-01-04T07:16:00
10656,Ahmed,Winter,Ahmed.winter65@gmail.com,1975-11-21,Düsseldorf,Nordrhein-Westfalen,Firmenkunde,Agentur für Arbeit / Jobcenter,2026-08-20T06:00:00,2026-08-20T06:00:00
10657,Paul,Gross,PAULGROSS@GMAIL.COM,,Hamburg,Hamburg,Bildungsgutschein,Empfehlung,2026-08-22T06:00:00,2026-08-22T06:00:00
10658,Tomasz,Walter,Tomasz.Walter78@Gmail.Com,1996-06-15,Bremen,Bremen,Firmenkunde,Google Ads,2024-08-27T18:55:00,2024-08-27T18:55:00
