response_id,enrollment_id,survey_type,survey_week,question_key,answer_value,submitted_at
513,50050,wochenfeedback,1,zufriedenheit_gesamt,2,2024-09-13T11:25:00Z
514,50050,wochenfeedback,1,tempo,1,2024-09-13T11:25:00Z
6446,50531,wochenfeedback,1,zufriedenheit_gesamt,3,2024-09-13T16:40:00Z
6447,50531,wochenfeedback,1,tempo,1,2024-09-13T16:40:00Z
6448,50531,wochenfeedback,1,freitext,Ich hätte gern mehr Live-Termine.,2024-09-13T16:40:00Z
890,50082,wochenfeedback,1,zufriedenheit_gesamt,5,2024-09-13T16:56:00Z
891,50082,wochenfeedback,1,tempo,3,2024-09-13T16:56:00Z
892,50082,wochenfeedback,1,freitext,"Tempo passt für mich, gerne mehr Praxisbeispiele.",2024-09-13T16:56:00Z
3352,50303,wochenfeedback,2,zufriedenheit_gesamt,4,2024-09-20T09:58:00Z
3353,50303,wochenfeedback,2,tempo,4,2024-09-20T09:58:00Z
867,50080,wochenfeedback,2,zufriedenheit_gesamt,5,2024-09-20T12:01:00Z
868,50080,wochenfeedback,2,tempo,4,2024-09-20T12:01:00Z
893,50082,wochenfeedback,2,zufriedenheit_gesamt,4,2024-09-20T12:40:00Z
894,50082,wochenfeedback,2,tempo,1,2024-09-20T12:40:00Z
895,50082,wochenfeedback,2,freitext,Der Coach erklärt super verständlich.,2024-09-20T12:40:00Z
4409,50384,wochenfeedback,2,zufriedenheit_gesamt,4,2024-09-20T15:46:00Z
4410,50384,wochenfeedback,2,tempo,5,2024-09-20T15:46:00Z
4411,50384,wochenfeedback,2,freitext,"Sehr gute Betreuung, die Übungen sind praxisnah.",2024-09-20T15:46:00Z
5060,50432,wochenfeedback,2,zufriedenheit_gesamt,5,2024-09-20T16:24:00Z
5061,50432,wochenfeedback,2,tempo,4,2024-09-20T16:24:00Z
2322,50218,wochenfeedback,2,zufriedenheit_gesamt,4,2024-09-20T17:48:00Z
2323,50218,wochenfeedback,2,tempo,1,2024-09-20T17:48:00Z
1426,50132,wochenfeedback,3,zufriedenheit_gesamt,3,2024-09-27T09:22:00Z
1427,50132,wochenfeedback,3,tempo,1,2024-09-27T09:22:00Z
4412,50384,wochenfeedback,3,zufriedenheit_gesamt,4,2024-09-27T09:54:00Z
4413,50384,wochenfeedback,3,tempo,1,2024-09-27T09:54:00Z
2894,50268,wochenfeedback,3,zufriedenheit_gesamt,5,2024-09-27T10:48:00Z
2895,50268,wochenfeedback,3,tempo,4,2024-09-27T10:48:00Z
2324,50218,wochenfeedback,3,zufriedenheit_gesamt,4,2024-09-27T13:12:00Z
2325,50218,wochenfeedback,3,tempo,2,2024-09-27T13:12:00Z
2326,50218,wochenfeedback,3,freitext,<p>Mehr Praxis bitte!</p>,2024-09-27T13:12:00Z
896,50082,wochenfeedback,3,zufriedenheit_gesamt,4,2024-09-27T17:46:00Z
897,50082,wochenfeedback,3,tempo,4,2024-09-27T17:46:00Z
2716,50248,wochenfeedback,4,zufriedenheit_gesamt,4,2024-10-04T07:24:00Z
2717,50248,wochenfeedback,4,tempo,3,2024-10-04T07:24:00Z
2718,50248,wochenfeedback,4,freitext,Die Live-Sessions sind Gold wert.,2024-10-04T07:24:00Z
3748,50327,wochenfeedback,4,zufriedenheit_gesamt,4,2024-10-04T09:44:00Z
3749,50327,wochenfeedback,4,tempo,1,2024-10-04T09:44:00Z
5062,50432,wochenfeedback,4,zufriedenheit_gesamt,2,2024-10-04T09:55:00Z
5063,50432,wochenfeedback,4,tempo,3,2024-10-04T09:55:00Z
5064,50432,wochenfeedback,4,freitext,"<p>Die Videos sind gut, aber die Quizze sind zu leicht.</p>",2024-10-04T09:55:00Z
2891,50266,wochenfeedback,4,zufriedenheit_gesamt,1,2024-10-04T14:10:00Z
2892,50266,wochenfeedback,4,tempo,3,2024-10-04T14:10:00Z
2893,50266,wochenfeedback,4,freitext,"Das Tempo ist mir zu hoch, ich komme kaum hinterher.",2024-10-04T14:10:00Z
869,50080,wochenfeedback,4,zufriedenheit_gesamt,5,2024-10-04T16:51:00Z
870,50080,wochenfeedback,4,tempo,4,2024-10-04T16:51:00Z
8333,50692,wochenfeedback,1,zufriedenheit_gesamt,5,2024-10-11T07:07:00Z
8334,50692,wochenfeedback,1,tempo,3,2024-10-11T07:07:00Z
8335,50692,wochenfeedback,1,freitext,Ich fühle mich gut vorbereitet.,2024-10-11T07:07:00Z
5048,50431,wochenfeedback,1,zufriedenheit_gesamt,2,2024-10-11T08:14:00Z
5049,50431,wochenfeedback,1,tempo,3,2024-10-11T08:14:00Z
6039,50500,wochenfeedback,1,zufriedenheit_gesamt,3,2024-10-11T09:26:00Z
6040,50500,wochenfeedback,1,tempo,3,2024-10-11T09:26:00Z
6041,50500,wochenfeedback,1,freitext,Statistik-Modul ist zu theoretisch.,2024-10-11T09:26:00Z
7791,50633,wochenfeedback,1,zufriedenheit_gesamt,2,2024-10-11T10:04:00Z
7792,50633,wochenfeedback,1,tempo,3,2024-10-11T10:04:00Z
4414,50384,wochenfeedback,5,zufriedenheit_gesamt,4,2024-10-11T11:08:00Z
4415,50384,wochenfeedback,5,tempo,5,2024-10-11T11:08:00Z
4416,50384,wochenfeedback,5,freitext,Der Coach erklärt super verständlich.,2024-10-11T11:08:00Z
898,50082,wochenfeedback,5,zufriedenheit_gesamt,4,2024-10-11T11:54:00Z
899,50082,wochenfeedback,5,tempo,1,2024-10-11T11:54:00Z
900,50082,wochenfeedback,5,freitext,Der Coach erklärt super verständlich.,2024-10-11T11:54:00Z
5065,50432,wochenfeedback,5,zufriedenheit_gesamt,5,2024-10-11T13:06:00Z
5066,50432,wochenfeedback,5,tempo,5,2024-10-11T13:06:00Z
5616,50472,wochenfeedback,1,zufriedenheit_gesamt,5,2024-10-11T13:07:00Z
5617,50472,wochenfeedback,1,tempo,5,2024-10-11T13:07:00Z
1908,50169,wochenfeedback,1,zufriedenheit_gesamt,5,2024-10-11T13:43:00Z
1909,50169,wochenfeedback,1,tempo,3,2024-10-11T13:43:00Z
1910,50169,wochenfeedback,1,freitext,Der Coach erklärt super verständlich.,2024-10-11T13:43:00Z
515,50050,wochenfeedback,5,zufriedenheit_gesamt,2,2024-10-11T13:49:00Z
516,50050,wochenfeedback,5,tempo,3,2024-10-11T13:49:00Z
594,50058,wochenfeedback,1,zufriedenheit_gesamt,3,2024-10-11T15:21:00Z
595,50058,wochenfeedback,1,tempo,3,2024-10-11T15:21:00Z
3509,50308,wochenfeedback,1,zufriedenheit_gesamt,2,2024-10-11T16:08:00Z
3510,50308,wochenfeedback,1,tempo,1,2024-10-11T16:08:00Z
5169,50440,wochenfeedback,1,zufriedenheit_gesamt,5,2024-10-11T16:15:00Z
5170,50440,wochenfeedback,1,tempo,3,2024-10-11T16:15:00Z
4539,50392,wochenfeedback,1,zufriedenheit_gesamt,1,2024-10-11T16:25:00Z
4540,50392,wochenfeedback,1,tempo,5,2024-10-11T16:25:00Z
3262,50295,wochenfeedback,1,zufriedenheit_gesamt,4,2024-10-11T17:54:00Z
3263,50295,wochenfeedback,1,tempo,1,2024-10-11T17:54:00Z
260,50025,wochenfeedback,2,zufriedenheit_gesamt,2,2024-10-18T06:16:00Z
261,50025,wochenfeedback,2,tempo,3,2024-10-18T06:16:00Z
4276,50374,wochenfeedback,2,zufriedenheit_gesamt,5,2024-10-18T06:36:00Z
4277,50374,wochenfeedback,2,tempo,4,2024-10-18T06:36:00Z
4417,50384,wochenfeedback,6,zufriedenheit_gesamt,1,2024-10-18T06:57:00Z
4418,50384,wochenfeedback,6,tempo,2,2024-10-18T06:57:00Z
4419,50384,wochenfeedback,6,freitext,Ich hätte gern mehr Live-Termine.,2024-10-18T06:57:00Z
596,50058,abschlussfeedback,,nps,4,2024-10-18T07:00:00Z
597,50058,abschlussfeedback,,zufriedenheit_coach,5,2024-10-18T07:00:00Z
598,50058,abschlussfeedback,,weiterempfehlung_grund,Der Coach erklärt super verständlich.,2024-10-18T07:00:00Z
7793,50633,wochenfeedback,2,zufriedenheit_gesamt,4,2024-10-18T07:10:00Z
7794,50633,wochenfeedback,2,tempo,3,2024-10-18T07:10:00Z
7795,50633,wochenfeedback,2,freitext,"Sehr gute Betreuung, die Übungen sind praxisnah.",2024-10-18T07:10:00Z
4422,50386,wochenfeedback,2,zufriedenheit_gesamt,5,2024-10-18T08:51:00Z
4423,50386,wochenfeedback,2,tempo,4,2024-10-18T08:51:00Z
4424,50386,wochenfeedback,2,freitext,Die Live-Sessions sind Gold wert.,2024-10-18T08:51:00Z
5067,50432,wochenfeedback,6,zufriedenheit_gesamt,4,2024-10-18T10:41:00Z
5068,50432,wochenfeedback,6,tempo,4,2024-10-18T10:41:00Z
5069,50432,wochenfeedback,6,freitext,Die Live-Sessions sind Gold wert.,2024-10-18T10:41:00Z
2896,50268,wochenfeedback,6,zufriedenheit_gesamt,5,2024-10-18T11:36:00Z
2897,50268,wochenfeedback,6,tempo,3,2024-10-18T11:36:00Z
2898,50268,wochenfeedback,6,freitext,"Sehr gute Betreuung, die Übungen sind praxisnah.",2024-10-18T11:36:00Z
517,50050,wochenfeedback,6,zufriedenheit_gesamt,2,2024-10-18T12:46:00Z
518,50050,wochenfeedback,6,tempo,5,2024-10-18T12:46:00Z
519,50050,wochenfeedback,6,freitext,Zu wenig Feedback zu den Abgaben.,2024-10-18T12:46:00Z
1768,50158,wochenfeedback,2,zufriedenheit_gesamt,3,2024-10-18T15:09:00Z
1769,50158,wochenfeedback,2,tempo,3,2024-10-18T15:09:00Z
1770,50158,wochenfeedback,2,freitext,Aufgabenstellungen sind teilweise unklar formuliert.,2024-10-18T15:09:00Z
285,50027,wochenfeedback,3,zufriedenheit_gesamt,5,2024-10-25T06:06:00Z
286,50027,wochenfeedback,3,tempo,3,2024-10-25T06:06:00Z
3300,50298,wochenfeedback,3,zufriedenheit_gesamt,5,2024-10-25T06:32:00Z
3301,50298,wochenfeedback,3,tempo,3,2024-10-25T06:32:00Z
197,50017,wochenfeedback,7,zufriedenheit_gesamt,5,2024-10-25T07:10:00Z
198,50017,wochenfeedback,7,tempo,4,2024-10-25T07:10:00Z
3790,50330,wochenfeedback,7,zufriedenheit_gesamt,5,2024-10-25T08:42:00Z
3791,50330,wochenfeedback,7,tempo,1,2024-10-25T08:42:00Z
3792,50330,wochenfeedback,7,freitext,Der Coach erklärt super verständlich.,2024-10-25T08:42:00Z
1771,50158,wochenfeedback,3,zufriedenheit_gesamt,3,2024-10-25T11:00:00Z
1772,50158,wochenfeedback,3,tempo,2,2024-10-25T11:00:00Z
3511,50308,wochenfeedback,3,zufriedenheit_gesamt,2,2024-10-25T11:16:00Z
3512,50308,wochenfeedback,3,tempo,4,2024-10-25T11:16:00Z
1428,50132,wochenfeedback,7,zufriedenheit_gesamt,5,2024-10-25T13:45:00Z
1429,50132,wochenfeedback,7,tempo,3,2024-10-25T13:45:00Z
1430,50132,wochenfeedback,7,freitext,Ich fühle mich gut vorbereitet.,2024-10-25T13:45:00Z
8085,50671,wochenfeedback,7,zufriedenheit_gesamt,4,2024-10-25T14:09:00Z
8086,50671,wochenfeedback,7,tempo,3,2024-10-25T14:09:00Z
8241,50682,wochenfeedback,7,zufriedenheit_gesamt,5,2024-10-25T14:30:00Z
8242,50682,wochenfeedback,7,tempo,4,2024-10-25T14:30:00Z
4425,50386,wochenfeedback,3,zufriedenheit_gesamt,5,2024-10-25T14:45:00Z
4426,50386,wochenfeedback,3,tempo,3,2024-10-25T14:45:00Z
2327,50218,wochenfeedback,7,zufriedenheit_gesamt,5,2024-10-25T14:59:00Z
2328,50218,wochenfeedback,7,tempo,1,2024-10-25T14:59:00Z
4278,50374,wochenfeedback,3,zufriedenheit_gesamt,5,2024-10-25T15:39:00Z
4279,50374,wochenfeedback,3,tempo,3,2024-10-25T15:39:00Z
7796,50633,wochenfeedback,3,zufriedenheit_gesamt,2,2024-10-25T16:17:00Z
7797,50633,wochenfeedback,3,tempo,4,2024-10-25T16:17:00Z
5050,50431,wochenfeedback,3,zufriedenheit_gesamt,2,2024-10-25T16:36:00Z
5051,50431,wochenfeedback,3,tempo,3,2024-10-25T16:36:00Z
5052,50431,wochenfeedback,3,freitext,Ich hätte gern mehr Live-Termine.,2024-10-25T16:36:00Z
5618,50472,wochenfeedback,3,zufriedenheit_gesamt,4,2024-10-25T16:59:00Z
5619,50472,wochenfeedback,3,tempo,5,2024-10-25T16:59:00Z
5620,50472,wochenfeedback,3,freitext,"Sehr gute Betreuung, die Übungen sind praxisnah.",2024-10-25T16:59:00Z
2719,50248,wochenfeedback,7,zufriedenheit_gesamt,5,2024-10-25T17:39:00Z
2720,50248,wochenfeedback,7,tempo,1,2024-10-25T17:39:00Z
2721,50248,wochenfeedback,7,freitext,"Top Inhalte, besonders das SQL-Modul.",2024-10-25T17:39:00Z
2899,50268,abschlussfeedback,,nps,6,2024-10-29T00:00:00Z
2900,50268,abschlussfeedback,,zufriedenheit_coach,5,2024-10-29T00:00:00Z
2901,50268,abschlussfeedback,,weiterempfehlung_grund,Ich fühle mich gut vorbereitet.,2024-10-29T00:00:00Z
1431,50132,abschlussfeedback,,nps,8,2024-10-30T07:00:00Z
1432,50132,abschlussfeedback,,zufriedenheit_coach,5,2024-10-30T07:00:00Z
1433,50132,abschlussfeedback,,weiterempfehlung_grund,Die Live-Sessions sind Gold wert.,2024-10-30T07:00:00Z
5171,50440,wochenfeedback,4,zufriedenheit_gesamt,3,2024-11-01T12:46:00Z
5172,50440,wochenfeedback,4,tempo,3,2024-11-01T12:46:00Z
7937,50656,wochenfeedback,4,zufriedenheit_gesamt,5,2024-11-01T13:54:00Z
7938,50656,wochenfeedback,4,tempo,2,2024-11-01T13:54:00Z
7285,50607,wochenfeedback,2,zufriedenheit_gesamt,2,2024-11-01T16:47:00Z
7286,50607,wochenfeedback,2,tempo,2,2024-11-01T16:47:00Z
4427,50386,wochenfeedback,4,zufriedenheit_gesamt,5,2024-11-01T18:17:00Z
4428,50386,wochenfeedback,4,tempo,1,2024-11-01T18:17:00Z
901,50082,abschlussfeedback,,nps,6,2024-11-02T03:00:00Z
902,50082,abschlussfeedback,,zufriedenheit_coach,3,2024-11-02T03:00:00Z
903,50082,abschlussfeedback,,weiterempfehlung_grund,Ich hätte gern mehr Live-Termine.,2024-11-02T03:00:00Z
3750,50327,abschlussfeedback,,nps,3,2024-11-02T20:00:00Z
3751,50327,abschlussfeedback,,zufriedenheit_coach,3,2024-11-02T20:00:00Z
3752,50327,abschlussfeedback,,weiterempfehlung_grund,Die Plattform hatte diese Woche mehrfach Ausfälle.,2024-11-02T20:00:00Z
2722,50248,abschlussfeedback,,nps,8,2024-11-03T09:00:00Z
2723,50248,abschlussfeedback,,zufriedenheit_coach,5,2024-11-03T09:00:00Z
2724,50248,abschlussfeedback,,weiterempfehlung_grund,Der Coach erklärt super verständlich.,2024-11-03T09:00:00Z
7287,50607,wochenfeedback,3,zufriedenheit_gesamt,4,2024-11-08T07:27:00Z
7288,50607,wochenfeedback,3,tempo,5,2024-11-08T07:27:00Z
7289,50607,wochenfeedback,3,freitext,"Tempo passt für mich, gerne mehr Praxisbeispiele.",2024-11-08T07:27:00Z
5053,50431,wochenfeedback,5,zufriedenheit_gesamt,2,2024-11-08T07:52:00Z
5054,50431,wochenfeedback,5,tempo,3,2024-11-08T07:52:00Z
5055,50431,wochenfeedback,5,freitext,<p>Insgesamt <strong>sehr zufrieden</strong>.</p>,2024-11-08T07:52:00Z
8243,50682,wochenfeedback,9,zufriedenheit_gesamt,2,2024-11-08T08:49:00Z
8244,50682,wochenfeedback,9,tempo,3,2024-11-08T08:49:00Z
8245,50682,wochenfeedback,9,freitext,Ich hätte gern mehr Live-Termine.,2024-11-08T08:49:00Z
250,50023,wochenfeedback,1,zufriedenheit_gesamt,1,2024-11-08T10:10:00Z
251,50023,wochenfeedback,1,tempo,3,2024-11-08T10:10:00Z
6042,50500,wochenfeedback,5,zufriedenheit_gesamt,5,2024-11-08T10:18:00Z
6043,50500,wochenfeedback,5,tempo,2,2024-11-08T10:18:00Z
6044,50500,wochenfeedback,5,freitext,"Top Inhalte, besonders das SQL-Modul.",2024-11-08T10:18:00Z
5093,50435,wochenfeedback,1,zufriedenheit_gesamt,3,2024-11-08T11:01:00Z
5094,50435,wochenfeedback,1,tempo,3,2024-11-08T11:01:00Z
6235,50516,wochenfeedback,1,zufriedenheit_gesamt,3,2024-11-08T11:35:00Z
6236,50516,wochenfeedback,1,tempo,3,2024-11-08T11:35:00Z
6237,50516,wochenfeedback,1,freitext,<p>Mehr Praxis bitte!</p>,2024-11-08T11:35:00Z
1956,50175,wochenfeedback,1,zufriedenheit_gesamt,1,2024-11-08T11:58:00Z
1957,50175,wochenfeedback,1,tempo,1,2024-11-08T11:58:00Z
1958,50175,wochenfeedback,1,freitext,"<p>Die Videos sind gut, aber die Quizze sind zu leicht.</p>",2024-11-08T11:58:00Z
287,50027,wochenfeedback,5,zufriedenheit_gesamt,4,2024-11-08T15:17:00Z
288,50027,wochenfeedback,5,tempo,3,2024-11-08T15:17:00Z
208,50018,wochenfeedback,1,zufriedenheit_gesamt,3,2024-11-08T16:06:00Z
209,50018,wochenfeedback,1,tempo,4,2024-11-08T16:06:00Z
210,50018,wochenfeedback,1,freitext,<p>Insgesamt <strong>sehr zufrieden</strong>.</p>,2024-11-08T16:06:00Z
3354,50303,wochenfeedback,9,zufriedenheit_gesamt,4,2024-11-08T16:51:00Z
3355,50303,wochenfeedback,9,tempo,3,2024-11-08T16:51:00Z
3302,50298,wochenfeedback,5,zufriedenheit_gesamt,4,2024-11-08T18:15:00Z
3303,50298,wochenfeedback,5,tempo,3,2024-11-08T18:15:00Z
520,50050,wochenfeedback,10,zufriedenheit_gesamt,4,2024-11-15T07:12:00Z
521,50050,wochenfeedback,10,tempo,5,2024-11-15T07:12:00Z
522,50050,wochenfeedback,10,freitext,Die Live-Sessions sind Gold wert.,2024-11-15T07:12:00Z
4713,50398,wochenfeedback,2,zufriedenheit_gesamt,2,2024-11-15T08:17:00Z
4714,50398,wochenfeedback,2,tempo,4,2024-11-15T08:17:00Z
7949,50658,wochenfeedback,2,zufriedenheit_gesamt,5,2024-11-15T09:29:00Z
7950,50658,wochenfeedback,2,tempo,3,2024-11-15T09:29:00Z
7951,50658,wochenfeedback,2,freitext,Die Live-Sessions sind Gold wert.,2024-11-15T09:29:00Z
199,50017,wochenfeedback,10,zufriedenheit_gesamt,4,2024-11-15T09:43:00Z
200,50017,wochenfeedback,10,tempo,3,2024-11-15T09:43:00Z
201,50017,wochenfeedback,10,freitext,Ich fühle mich gut vorbereitet.,2024-11-15T09:43:00Z
5166,50439,wochenfeedback,2,zufriedenheit_gesamt,2,2024-11-15T11:03:00Z
5167,50439,wochenfeedback,2,tempo,4,2024-11-15T11:03:00Z
5168,50439,wochenfeedback,2,freitext,Ich hätte gern mehr Live-Termine.,2024-11-15T11:03:00Z
5173,50440,wochenfeedback,6,zufriedenheit_gesamt,5,2024-11-15T12:33:00Z
5174,50440,wochenfeedback,6,tempo,5,2024-11-15T12:33:00Z
5175,50440,wochenfeedback,6,freitext,<p>Insgesamt <strong>sehr zufrieden</strong>.</p>,2024-11-15T12:33:00Z
5486,50459,wochenfeedback,2,zufriedenheit_gesamt,3,2024-11-15T12:49:00Z
5487,50459,wochenfeedback,2,tempo,5,2024-11-15T12:49:00Z
1959,50175,wochenfeedback,2,zufriedenheit_gesamt,2,2024-11-15T13:15:00Z
1960,50175,wochenfeedback,2,tempo,3,2024-11-15T13:15:00Z
262,50025,wochenfeedback,6,zufriedenheit_gesamt,5,2024-11-15T14:24:00Z
263,50025,wochenfeedback,6,tempo,3,2024-11-15T14:24:00Z
264,50025,wochenfeedback,6,freitext,Der Coach erklärt super verständlich.,2024-11-15T14:24:00Z
4541,50392,wochenfeedback,6,zufriedenheit_gesamt,2,2024-11-15T14:36:00Z
4542,50392,wochenfeedback,6,tempo,5,2024-11-15T14:36:00Z
4758,50404,wochenfeedback,2,zufriedenheit_gesamt,2,2024-11-15T14:46:00Z
4759,50404,wochenfeedback,2,tempo,3,2024-11-15T14:46:00Z
4760,50404,wochenfeedback,2,freitext,Aufgabenstellungen sind teilweise unklar formuliert.,2024-11-15T14:46:00Z
7939,50656,wochenfeedback,6,zufriedenheit_gesamt,4,2024-11-15T15:55:00Z
7940,50656,wochenfeedback,6,tempo,1,2024-11-15T15:55:00Z
7941,50656,wochenfeedback,6,freitext,Die Live-Sessions sind Gold wert.,2024-11-15T15:55:00Z
6238,50516,wochenfeedback,2,zufriedenheit_gesamt,4,2024-11-15T16:37:00Z
6239,50516,wochenfeedback,2,tempo,3,2024-11-15T16:37:00Z
6240,50516,wochenfeedback,2,freitext,Ich fühle mich gut vorbereitet.,2024-11-15T16:37:00Z
7255,50602,wochenfeedback,2,zufriedenheit_gesamt,5,2024-11-15T17:19:00Z
7256,50602,wochenfeedback,2,tempo,4,2024-11-15T17:19:00Z
8087,50671,wochenfeedback,10,zufriedenheit_gesamt,5,2024-11-15T17:36:00Z
8088,50671,wochenfeedback,10,tempo,5,2024-11-15T17:36:00Z
4429,50386,wochenfeedback,6,zufriedenheit_gesamt,5,2024-11-15T17:39:00Z
4430,50386,wochenfeedback,6,tempo,3,2024-11-15T17:39:00Z
7830,50641,wochenfeedback,2,zufriedenheit_gesamt,3,2024-11-15T17:45:00Z
7831,50641,wochenfeedback,2,tempo,4,2024-11-15T17:45:00Z
7832,50641,wochenfeedback,2,freitext,"Das Tempo ist mir zu hoch, ich komme kaum hinterher.",2024-11-15T17:45:00Z
4124,50366,wochenfeedback,2,zufriedenheit_gesamt,4,2024-11-15T18:00:00Z
4125,50366,wochenfeedback,2,tempo,3,2024-11-15T18:00:00Z
4126,50366,wochenfeedback,2,freitext,"<p>Die Videos sind gut, aber die Quizze sind zu leicht.</p>",2024-11-15T18:00:00Z
1911,50169,wochenfeedback,6,zufriedenheit_gesamt,4,2024-11-15T18:51:00Z
1912,50169,wochenfeedback,6,tempo,1,2024-11-15T18:51:00Z
1913,50169,wochenfeedback,6,freitext,Der Coach erklärt super verständlich.,2024-11-15T18:51:00Z
5095,50435,wochenfeedback,3,zufriedenheit_gesamt,5,2024-11-22T07:56:00Z
5096,50435,wochenfeedback,3,tempo,2,2024-11-22T07:56:00Z
871,50080,wochenfeedback,11,zufriedenheit_gesamt,4,2024-11-22T09:26:00Z
872,50080,wochenfeedback,11,tempo,3,2024-11-22T09:26:00Z
873,50080,wochenfeedback,11,freitext,"Top Inhalte, besonders das SQL-Modul.",2024-11-22T09:26:00Z
2852,50259,wochenfeedback,3,zufriedenheit_gesamt,5,2024-11-22T12:03:00Z
2853,50259,wochenfeedback,3,tempo,4,2024-11-22T12:03:00Z
2854,50259,wochenfeedback,3,freitext,Der Coach erklärt super verständlich.,2024-11-22T12:03:00Z
4761,50404,wochenfeedback,3,zufriedenheit_gesamt,5,2024-11-22T14:32:00Z
4762,50404,wochenfeedback,3,tempo,3,2024-11-22T14:32:00Z
4763,50404,wochenfeedback,3,freitext,"Top Inhalte, besonders das SQL-Modul.",2024-11-22T14:32:00Z
5018,50430,wochenfeedback,3,zufriedenheit_gesamt,4,2024-11-22T14:54:00Z
5019,50430,wochenfeedback,3,tempo,5,2024-11-22T14:54:00Z
7798,50633,wochenfeedback,7,zufriedenheit_gesamt,5,2024-11-22T15:43:00Z
7799,50633,wochenfeedback,7,tempo,1,2024-11-22T15:43:00Z
7800,50633,wochenfeedback,7,freitext,"Sehr gute Betreuung, die Übungen sind praxisnah.",2024-11-22T15:43:00Z
4715,50398,wochenfeedback,3,zufriedenheit_gesamt,2,2024-11-22T16:01:00Z
4716,50398,wochenfeedback,3,tempo,3,2024-11-22T16:01:00Z
4717,50398,wochenfeedback,3,freitext,Zu wenig Feedback zu den Abgaben.,2024-11-22T16:01:00Z
50,50004,wochenfeedback,3,zufriedenheit_gesamt,4,2024-11-22T16:03:00Z
51,50004,wochenfeedback,3,tempo,5,2024-11-22T16:03:00Z
8336,50692,wochenfeedback,7,zufriedenheit_gesamt,4,2024-11-22T16:12:00Z
8337,50692,wochenfeedback,7,tempo,5,2024-11-22T16:12:00Z
289,50027,wochenfeedback,7,zufriedenheit_gesamt,5,2024-11-22T16:47:00Z
290,50027,wochenfeedback,7,tempo,3,2024-11-22T16:47:00Z
291,50027,wochenfeedback,7,freitext,"Top Inhalte, besonders das SQL-Modul.",2024-11-22T16:47:00Z
297,50028,wochenfeedback,3,zufriedenheit_gesamt,5,2024-11-22T17:04:00Z
298,50028,wochenfeedback,3,tempo,3,2024-11-22T17:04:00Z
6045,50500,wochenfeedback,7,zufriedenheit_gesamt,5,2024-11-22T17:47:00Z
6046,50500,wochenfeedback,7,tempo,4,2024-11-22T17:47:00Z
5070,50432,abschlussfeedback,,nps,10,2024-11-22T18:00:00Z
5071,50432,abschlussfeedback,,zufriedenheit_coach,3,2024-11-22T18:00:00Z
5072,50432,abschlussfeedback,,weiterempfehlung_grund,Zu wenig Feedback zu den Abgaben.,2024-11-22T18:00:00Z
2329,50218,abschlussfeedback,,nps,10,2024-11-26T01:00:00Z
2330,50218,abschlussfeedback,,zufriedenheit_coach,5,2024-11-26T01:00:00Z
2331,50218,abschlussfeedback,,weiterempfehlung_grund,Aufgabenstellungen sind teilweise unklar formuliert.,2024-11-26T01:00:00Z
3304,50298,abschlussfeedback,,nps,10,2024-11-29T05:00:00Z
3305,50298,abschlussfeedback,,zufriedenheit_coach,3,2024-11-29T05:00:00Z
3306,50298,abschlussfeedback,,weiterempfehlung_grund,"Top Inhalte, besonders das SQL-Modul.",2024-11-29T05:00:00Z
5176,50440,wochenfeedback,8,zufriedenheit_gesamt,4,2024-11-29T07:07:00Z
5177,50440,wochenfeedback,8,tempo,5,2024-11-29T07:07:00Z
7833,50641,wochenfeedback,4,zufriedenheit_gesamt,5,2024-11-29T07:57:00Z
7834,50641,wochenfeedback,4,tempo,5,2024-11-29T07:57:00Z
3526,50310,wochenfeedback,4,zufriedenheit_gesamt,3,2024-11-29T10:20:00Z
3527,50310,wochenfeedback,4,tempo,5,2024-11-29T10:20:00Z
3356,50303,wochenfeedback,12,zufriedenheit_gesamt,5,2024-11-29T10:45:00Z
3357,50303,wochenfeedback,12,tempo,3,2024-11-29T10:45:00Z
3358,50303,wochenfeedback,12,freitext,Der Coach erklärt super verständlich.,2024-11-29T10:45:00Z
211,50018,wochenfeedback,4,zufriedenheit_gesamt,4,2024-11-29T12:04:00Z
212,50018,wochenfeedback,4,tempo,5,2024-11-29T12:04:00Z
4431,50386,wochenfeedback,8,zufriedenheit_gesamt,4,2024-11-29T12:23:00Z
4432,50386,wochenfeedback,8,tempo,4,2024-11-29T12:23:00Z
4127,50366,wochenfeedback,4,zufriedenheit_gesamt,5,2024-11-29T12:28:00Z
4128,50366,wochenfeedback,4,tempo,3,2024-11-29T12:28:00Z
4129,50366,wochenfeedback,4,freitext,Der Coach erklärt super verständlich.,2024-11-29T12:28:00Z
3513,50308,wochenfeedback,8,zufriedenheit_gesamt,2,2024-11-29T13:04:00Z
3514,50308,wochenfeedback,8,tempo,2,2024-11-29T13:04:00Z
8338,50692,wochenfeedback,8,zufriedenheit_gesamt,3,2024-11-29T13:38:00Z
8339,50692,wochenfeedback,8,tempo,5,2024-11-29T13:38:00Z
4543,50392,wochenfeedback,8,zufriedenheit_gesamt,3,2024-11-29T13:46:00Z
4544,50392,wochenfeedback,8,tempo,1,2024-11-29T13:46:00Z
4280,50374,wochenfeedback,8,zufriedenheit_gesamt,5,2024-11-29T13:51:00Z
4281,50374,wochenfeedback,8,tempo,4,2024-11-29T13:51:00Z
7290,50607,wochenfeedback,6,zufriedenheit_gesamt,2,2024-11-29T14:50:00Z
7291,50607,wochenfeedback,6,tempo,1,2024-11-29T14:50:00Z
5056,50431,wochenfeedback,8,zufriedenheit_gesamt,4,2024-11-29T14:55:00Z
5057,50431,wochenfeedback,8,tempo,5,2024-11-29T14:55:00Z
1914,50169,wochenfeedback,8,zufriedenheit_gesamt,4,2024-11-29T15:10:00Z
1915,50169,wochenfeedback,8,tempo,2,2024-11-29T15:10:00Z
1916,50169,wochenfeedback,8,freitext,"Tempo passt für mich, gerne mehr Praxisbeispiele.",2024-11-29T15:10:00Z
3324,50300,abschlussfeedback,,nps,4,2024-11-29T20:00:00Z
3325,50300,abschlussfeedback,,zufriedenheit_coach,3,2024-11-29T20:00:00Z
3326,50300,abschlussfeedback,,weiterempfehlung_grund,"Das Tempo ist mir zu hoch, ich komme kaum hinterher.",2024-11-29T20:00:00Z
4545,50392,abschlussfeedback,,nps,5,2024-12-06T01:00:00Z
4546,50392,abschlussfeedback,,zufriedenheit_coach,5,2024-12-06T01:00:00Z
4547,50392,abschlussfeedback,,weiterempfehlung_grund,"Sehr gute Betreuung, die Übungen sind praxisnah.",2024-12-06T01:00:00Z
8089,50671,wochenfeedback,13,zufriedenheit_gesamt,5,2024-12-06T08:25:00Z
8090,50671,wochenfeedback,13,tempo,4,2024-12-06T08:25:00Z
3528,50310,wochenfeedback,5,zufriedenheit_gesamt,4,2024-12-06T08:36:00Z
3529,50310,wochenfeedback,5,tempo,3,2024-12-06T08:36:00Z
7159,50598,wochenfeedback,1,zufriedenheit_gesamt,4,2024-12-06T10:25:00Z
7160,50598,wochenfeedback,1,tempo,4,2024-12-06T10:25:00Z
7161,50598,wochenfeedback,1,freitext,"Top Inhalte, besonders das SQL-Modul.",2024-12-06T10:25:00Z
59,50005,wochenfeedback,1,zufriedenheit_gesamt,2,2024-12-06T10:29:00Z
60,50005,wochenfeedback,1,tempo,5,2024-12-06T10:29:00Z
213,50018,wochenfeedback,5,zufriedenheit_gesamt,3,2024-12-06T10:34:00Z
214,50018,wochenfeedback,5,tempo,3,2024-12-06T10:34:00Z
215,50018,wochenfeedback,5,freitext,Statistik-Modul ist zu theoretisch.,2024-12-06T10:34:00Z
5488,50459,wochenfeedback,5,zufriedenheit_gesamt,5,2024-12-06T10:42:00Z
5489,50459,wochenfeedback,5,tempo,2,2024-12-06T10:42:00Z
4130,50366,wochenfeedback,5,zufriedenheit_gesamt,5,2024-12-06T10:55:00Z
4131,50366,wochenfeedback,5,tempo,2,2024-12-06T10:55:00Z
4132,50366,wochenfeedback,5,freitext,Die Live-Sessions sind Gold wert.,2024-12-06T10:55:00Z
5564,50466,wochenfeedback,1,zufriedenheit_gesamt,5,2024-12-06T10:56:00Z
5565,50466,wochenfeedback,1,tempo,3,2024-12-06T10:56:00Z
5566,50466,wochenfeedback,1,freitext,"Tempo passt für mich, gerne mehr Praxisbeispiele.",2024-12-06T10:56:00Z
1899,50168,wochenfeedback,1,zufriedenheit_gesamt,5,2024-12-06T11:37:00Z
1900,50168,wochenfeedback,1,tempo,1,2024-12-06T11:37:00Z
1901,50168,wochenfeedback,1,freitext,"Sehr gute Betreuung, die Übungen sind praxisnah.",2024-12-06T11:37:00Z
8256,50683,wochenfeedback,1,zufriedenheit_gesamt,4,2024-12-06T11:40:00Z
8257,50683,wochenfeedback,1,tempo,4,2024-12-06T11:40:00Z
6241,50516,wochenfeedback,5,zufriedenheit_gesamt,4,2024-12-06T11:45:00Z
6242,50516,wochenfeedback,5,tempo,5,2024-12-06T11:45:00Z
6243,50516,wochenfeedback,5,freitext,<p>Mehr Praxis bitte!</p>,2024-12-06T11:45:00Z
1773,50158,wochenfeedback,9,zufriedenheit_gesamt,4,2024-12-06T12:15:00Z
1774,50158,wochenfeedback,9,tempo,2,2024-12-06T12:15:00Z
3359,50303,wochenfeedback,13,zufriedenheit_gesamt,5,2024-12-06T12:15:00Z
3360,50303,wochenfeedback,13,tempo,5,2024-12-06T12:15:00Z
3361,50303,wochenfeedback,13,freitext,"Top Inhalte, besonders das SQL-Modul.",2024-12-06T12:15:00Z
7257,50602,wochenfeedback,5,zufriedenheit_gesamt,5,2024-12-06T12:19:00Z
7258,50602,wochenfeedback,5,tempo,2,2024-12-06T12:19:00Z
8479,50698,wochenfeedback,5,zufriedenheit_gesamt,4,2024-12-06T12:24:00Z
8480,50698,wochenfeedback,5,tempo,3,2024-12-06T12:24:00Z
6792,50563,wochenfeedback,5,zufriedenheit_gesamt,3,2024-12-06T12:40:00Z
6793,50563,wochenfeedback,5,tempo,2,2024-12-06T12:40:00Z
8340,50692,wochenfeedback,9,zufriedenheit_gesamt,4,2024-12-06T13:02:00Z
8341,50692,wochenfeedback,9,tempo,3,2024-12-06T13:02:00Z
8246,50682,wochenfeedback,13,zufriedenheit_gesamt,2,2024-12-06T14:40:00Z
8247,50682,wochenfeedback,13,tempo,4,2024-12-06T14:40:00Z
265,50025,wochenfeedback,9,zufriedenheit_gesamt,2,2024-12-06T16:59:00Z
266,50025,wochenfeedback,9,tempo,4,2024-12-06T16:59:00Z
267,50025,wochenfeedback,9,freitext,"Das Tempo ist mir zu hoch, ich komme kaum hinterher.",2024-12-06T16:59:00Z
3515,50308,wochenfeedback,9,zufriedenheit_gesamt,2,2024-12-06T17:45:00Z
3516,50308,wochenfeedback,9,tempo,2,2024-12-06T17:45:00Z
4810,50409,wochenfeedback,5,zufriedenheit_gesamt,4,2024-12-06T18:18:00Z
4811,50409,wochenfeedback,5,tempo,2,2024-12-06T18:18:00Z
4812,50409,wochenfeedback,5,freitext,<p>Mehr Praxis bitte!</p>,2024-12-06T18:18:00Z
7090,50588,wochenfeedback,1,zufriedenheit_gesamt,5,2024-12-06T18:44:00Z
7091,50588,wochenfeedback,1,tempo,1,2024-12-06T18:44:00Z
7092,50588,wochenfeedback,1,freitext,Der Coach erklärt super verständlich.,2024-12-06T18:44:00Z
7932,50655,wochenfeedback,5,zufriedenheit_gesamt,3,2024-12-06T18:55:00Z
7933,50655,wochenfeedback,5,tempo,1,2024-12-06T18:55:00Z
52,50004,wochenfeedback,6,zufriedenheit_gesamt,2,2024-12-13T08:07:00Z
53,50004,wochenfeedback,6,tempo,1,2024-12-13T08:07:00Z
8342,50692,wochenfeedback,10,zufriedenheit_gesamt,4,2024-12-13T09:43:00Z
8343,50692,wochenfeedback,10,tempo,3,2024-12-13T09:43:00Z
8344,50692,wochenfeedback,10,freitext,"Tempo passt für mich, gerne mehr Praxisbeispiele.",2024-12-13T09:43:00Z
3793,50330,wochenfeedback,14,zufriedenheit_gesamt,3,2024-12-13T10:09:00Z
3794,50330,wochenfeedback,14,tempo,2,2024-12-13T10:09:00Z
4187,50371,wochenfeedback,2,zufriedenheit_gesamt,4,2024-12-13T11:00:00Z
4188,50371,wochenfeedback,2,tempo,3,2024-12-13T11:00:00Z
7525,50620,wochenfeedback,14,zufriedenheit_gesamt,4,2024-12-13T11:36:00Z
7526,50620,wochenfeedback,14,tempo,3,2024-12-13T11:36:00Z
7527,50620,wochenfeedback,14,freitext,<p>Insgesamt <strong>sehr zufrieden</strong>.</p>,2024-12-13T11:36:00Z
7259,50602,wochenfeedback,6,zufriedenheit_gesamt,4,2024-12-13T12:29:00Z
7260,50602,wochenfeedback,6,tempo,5,2024-12-13T12:29:00Z
7261,50602,wochenfeedback,6,freitext,Die Live-Sessions sind Gold wert.,2024-12-13T12:29:00Z
5490,50459,wochenfeedback,6,zufriedenheit_gesamt,4,2024-12-13T13:12:00Z
5491,50459,wochenfeedback,6,tempo,3,2024-12-13T13:12:00Z
6794,50563,wochenfeedback,6,zufriedenheit_gesamt,5,2024-12-13T13:14:00Z
6795,50563,wochenfeedback,6,tempo,2,2024-12-13T13:14:00Z
8248,50682,wochenfeedback,14,zufriedenheit_gesamt,2,2024-12-13T13:49:00Z
8249,50682,wochenfeedback,14,tempo,3,2024-12-13T13:49:00Z
8250,50682,wochenfeedback,14,freitext,Statistik-Modul ist zu theoretisch.,2024-12-13T13:49:00Z
6244,50516,wochenfeedback,6,zufriedenheit_gesamt,3,2024-12-13T15:28:00Z
6245,50516,wochenfeedback,6,tempo,2,2024-12-13T15:28:00Z
6246,50516,wochenfeedback,6,freitext,"Das Tempo ist mir zu hoch, ich komme kaum hinterher.",2024-12-13T15:28:00Z
273,50026,wochenfeedback,2,zufriedenheit_gesamt,4,2024-12-13T16:01:00Z
274,50026,wochenfeedback,2,tempo,3,2024-12-13T16:01:00Z
275,50026,wochenfeedback,2,freitext,"Sehr gute Betreuung, die Übungen sind praxisnah.",2024-12-13T16:01:00Z
216,50018,wochenfeedback,6,zufriedenheit_gesamt,4,2024-12-13T16:41:00Z
217,50018,wochenfeedback,6,tempo,4,2024-12-13T16:41:00Z
218,50018,wochenfeedback,6,freitext,"Tempo passt für mich, gerne mehr Praxisbeispiele.",2024-12-13T16:41:00Z
2242,50208,wochenfeedback,6,zufriedenheit_gesamt,4,2024-12-13T17:23:00Z
2243,50208,wochenfeedback,6,tempo,4,2024-12-13T17:23:00Z
5499,50460,wochenfeedback,2,zufriedenheit_gesamt,5,2024-12-13T17:26:00Z
5500,50460,wochenfeedback,2,tempo,4,2024-12-13T17:26:00Z
1076,50098,wochenfeedback,2,zufriedenheit_gesamt,2,2024-12-13T18:27:00Z
1077,50098,wochenfeedback,2,tempo,1,2024-12-13T18:27:00Z
5097,50435,wochenfeedback,6,zufriedenheit_gesamt,5,2024-12-13T18:51:00Z
5098,50435,wochenfeedback,6,tempo,3,2024-12-13T18:51:00Z
5099,50435,wochenfeedback,6,freitext,Der Coach erklärt super verständlich.,2024-12-13T18:51:00Z
7934,50655,abschlussfeedback,,nps,7,2024-12-16T06:00:00Z
7935,50655,abschlussfeedback,,zufriedenheit_coach,4,2024-12-16T06:00:00Z
7936,50655,abschlussfeedback,,weiterempfehlung_grund,"Sehr gute Betreuung, die Übungen sind praxisnah.",2024-12-16T06:00:00Z
4189,50371,wochenfeedback,3,zufriedenheit_gesamt,4,2024-12-20T07:12:00Z
4190,50371,wochenfeedback,3,tempo,1,2024-12-20T07:12:00Z
1059,50095,wochenfeedback,3,zufriedenheit_gesamt,4,2024-12-20T07:59:00Z
1060,50095,wochenfeedback,3,tempo,3,2024-12-20T07:59:00Z
5765,50481,wochenfeedback,3,zufriedenheit_gesamt,4,2024-12-20T08:04:00Z
5766,50481,wochenfeedback,3,tempo,2,2024-12-20T08:04:00Z
5178,50440,wochenfeedback,11,zufriedenheit_gesamt,4,2024-12-20T08:31:00Z
5179,50440,wochenfeedback,11,tempo,4,2024-12-20T08:31:00Z
5180,50440,wochenfeedback,11,freitext,"Tempo passt für mich, gerne mehr Praxisbeispiele.",2024-12-20T08:31:00Z
5501,50460,wochenfeedback,3,zufriedenheit_gesamt,2,2024-12-20T09:29:00Z
5502,50460,wochenfeedback,3,tempo,3,2024-12-20T09:29:00Z
7801,50633,wochenfeedback,11,zufriedenheit_gesamt,4,2024-12-20T09:55:00Z
7802,50633,wochenfeedback,11,tempo,1,2024-12-20T09:55:00Z
5058,50431,wochenfeedback,11,zufriedenheit_gesamt,4,2024-12-20T10:02:00Z
5059,50431,wochenfeedback,11,tempo,4,2024-12-20T10:02:00Z
4571,50394,wochenfeedback,7,zufriedenheit_gesamt,5,2024-12-20T10:53:00Z
4572,50394,wochenfeedback,7,tempo,4,2024-12-20T10:53:00Z
1775,50158,wochenfeedback,11,zufriedenheit_gesamt,4,2024-12-20T10:58:00Z
1776,50158,wochenfeedback,11,tempo,1,2024-12-20T10:58:00Z
5582,50468,wochenfeedback,3,zufriedenheit_gesamt,3,2024-12-20T12:50:00Z
5583,50468,wochenfeedback,3,tempo,5,2024-12-20T12:50:00Z
5584,50468,wochenfeedback,3,freitext,Statistik-Modul ist zu theoretisch.,2024-12-20T12:50:00Z
8251,50682,wochenfeedback,15,zufriedenheit_gesamt,5,2024-12-20T13:04:00Z
8252,50682,wochenfeedback,15,tempo,3,2024-12-20T13:04:00Z
6818,50564,wochenfeedback,11,zufriedenheit_gesamt,5,2024-12-20T13:21:00Z
6819,50564,wochenfeedback,11,tempo,3,2024-12-20T13:21:00Z
6820,50564,wochenfeedback,11,freitext,Ich fühle mich gut vorbereitet.,2024-12-20T13:21:00Z
7162,50598,wochenfeedback,3,zufriedenheit_gesamt,2,2024-12-20T13:46:00Z
7163,50598,wochenfeedback,3,tempo,5,2024-12-20T13:46:00Z
6796,50563,wochenfeedback,7,zufriedenheit_gesamt,4,2024-12-20T13:56:00Z
6797,50563,wochenfeedback,7,tempo,5,2024-12-20T13:56:00Z
2958,50273,wochenfeedback,3,zufriedenheit_gesamt,3,2024-12-20T14:42:00Z
2959,50273,wochenfeedback,3,tempo,3,2024-12-20T14:42:00Z
7262,50602,wochenfeedback,7,zufriedenheit_gesamt,2,2024-12-20T14:57:00Z
7263,50602,wochenfeedback,7,tempo,3,2024-12-20T14:57:00Z
3967,50347,wochenfeedback,7,zufriedenheit_gesamt,2,2024-12-20T15:48:00Z
3968,50347,wochenfeedback,7,tempo,4,2024-12-20T15:48:00Z
252,50023,wochenfeedback,7,zufriedenheit_gesamt,3,2024-12-20T16:07:00Z
253,50023,wochenfeedback,7,tempo,4,2024-12-20T16:07:00Z
254,50023,wochenfeedback,7,freitext,"<p>Die Videos sind gut, aber die Quizze sind zu leicht.</p>",2024-12-20T16:07:00Z
2244,50208,wochenfeedback,7,zufriedenheit_gesamt,5,2024-12-20T17:05:00Z
2245,50208,wochenfeedback,7,tempo,4,2024-12-20T17:05:00Z
3795,50330,wochenfeedback,15,zufriedenheit_gesamt,4,2024-12-20T17:50:00Z
3796,50330,wochenfeedback,15,tempo,2,2024-12-20T17:50:00Z
276,50026,wochenfeedback,3,zufriedenheit_gesamt,2,2024-12-20T18:27:00Z
277,50026,wochenfeedback,3,tempo,1,2024-12-20T18:27:00Z
278,50026,wochenfeedback,3,freitext,Zu wenig Feedback zu den Abgaben.,2024-12-20T18:27:00Z
4764,50404,wochenfeedback,7,zufriedenheit_gesamt,4,2024-12-20T18:32:00Z
4765,50404,wochenfeedback,7,tempo,5,2024-12-20T18:32:00Z
2246,50208,abschlussfeedback,,nps,6,2024-12-22T07:00:00Z
2247,50208,abschlussfeedback,,zufriedenheit_coach,4,2024-12-22T07:00:00Z
2248,50208,abschlussfeedback,,weiterempfehlung_grund,Statistik-Modul ist zu theoretisch.,2024-12-22T07:00:00Z
7264,50602,abschlussfeedback,,nps,10,2024-12-23T22:00:00Z
7265,50602,abschlussfeedback,,zufriedenheit_coach,3,2024-12-23T22:00:00Z
7266,50602,abschlussfeedback,,weiterempfehlung_grund,Statistik-Modul ist zu theoretisch.,2024-12-23T22:00:00Z
149,50013,abschlussfeedback,,nps,7,2024-12-26T05:00:00Z
150,50013,abschlussfeedback,,zufriedenheit_coach,5,2024-12-26T05:00:00Z
151,50013,abschlussfeedback,,weiterempfehlung_grund,Statistik-Modul ist zu theoretisch.,2024-12-26T05:00:00Z
8539,50706,abschlussfeedback,,nps,10,2024-12-26T17:00:00Z
8540,50706,abschlussfeedback,,zufriedenheit_coach,5,2024-12-26T17:00:00Z
8541,50706,abschlussfeedback,,weiterempfehlung_grund,Zu wenig Feedback zu den Abgaben.,2024-12-26T17:00:00Z
7835,50641,wochenfeedback,8,zufriedenheit_gesamt,5,2024-12-27T07:06:00Z
7836,50641,wochenfeedback,8,tempo,2,2024-12-27T07:06:00Z
7837,50641,wochenfeedback,8,freitext,"Top Inhalte, besonders das SQL-Modul.",2024-12-27T07:06:00Z
8091,50671,wochenfeedback,16,zufriedenheit_gesamt,5,2024-12-27T07:15:00Z
8092,50671,wochenfeedback,16,tempo,4,2024-12-27T07:15:00Z
1704,50153,wochenfeedback,4,zufriedenheit_gesamt,2,2024-12-27T07:38:00Z
1705,50153,wochenfeedback,4,tempo,3,2024-12-27T07:38:00Z
292,50027,wochenfeedback,12,zufriedenheit_gesamt,5,2024-12-27T07:50:00Z
293,50027,wochenfeedback,12,tempo,4,2024-12-27T07:50:00Z
8481,50698,wochenfeedback,8,zufriedenheit_gesamt,4,2024-12-27T08:25:00Z
8482,50698,wochenfeedback,8,tempo,4,2024-12-27T08:25:00Z
5181,50440,wochenfeedback,12,zufriedenheit_gesamt,4,2024-12-27T08:40:00Z
5182,50440,wochenfeedback,12,tempo,1,2024-12-27T08:40:00Z
6798,50563,wochenfeedback,8,zufriedenheit_gesamt,5,2024-12-27T10:15:00Z
6799,50563,wochenfeedback,8,tempo,3,2024-12-27T10:15:00Z
6800,50563,wochenfeedback,8,freitext,Der Coach erklärt super verständlich.,2024-12-27T10:15:00Z
1961,50175,wochenfeedback,8,zufriedenheit_gesamt,1,2024-12-27T12:10:00Z
1962,50175,wochenfeedback,8,tempo,2,2024-12-27T12:10:00Z
1963,50177,wochenfeedback,4,zufriedenheit_gesamt,4,2024-12-27T13:14:00Z
1964,50177,wochenfeedback,4,tempo,3,2024-12-27T13:14:00Z
268,50025,wochenfeedback,12,zufriedenheit_gesamt,3,2024-12-27T15:03:00Z
269,50025,wochenfeedback,12,tempo,3,2024-12-27T15:03:00Z
54,50004,wochenfeedback,8,zufriedenheit_gesamt,5,2024-12-27T16:36:00Z
55,50004,wochenfeedback,8,tempo,5,2024-12-27T16:36:00Z
5020,50430,wochenfeedback,8,zufriedenheit_gesamt,4,2024-12-27T16:54:00Z
5021,50430,wochenfeedback,8,tempo,4,2024-12-27T16:54:00Z
5022,50430,wochenfeedback,8,freitext,Der Coach erklärt super verständlich.,2024-12-27T16:54:00Z
8258,50683,wochenfeedback,4,zufriedenheit_gesamt,2,2024-12-27T17:15:00Z
8259,50683,wochenfeedback,4,tempo,4,2024-12-27T17:15:00Z
8260,50683,wochenfeedback,4,freitext,<p>Insgesamt <strong>sehr zufrieden</strong>.</p>,2024-12-27T17:15:00Z
7942,50656,wochenfeedback,12,zufriedenheit_gesamt,5,2024-12-27T18:36:00Z
7943,50656,wochenfeedback,12,tempo,1,2024-12-27T18:36:00Z
4766,50404,wochenfeedback,8,zufriedenheit_gesamt,2,2024-12-27T18:37:00Z
4767,50404,wochenfeedback,8,tempo,1,2024-12-27T18:37:00Z
3530,50310,abschlussfeedback,,nps,7,2024-12-29T04:00:00Z
3531,50310,abschlussfeedback,,zufriedenheit_coach,3,2024-12-29T04:00:00Z
3532,50310,abschlussfeedback,,weiterempfehlung_grund,Der Coach erklärt super verständlich.,2024-12-29T04:00:00Z
8253,50682,abschlussfeedback,,nps,10,2024-12-31T09:00:00Z
8254,50682,abschlussfeedback,,zufriedenheit_coach,2,2024-12-31T09:00:00Z
8255,50682,abschlussfeedback,,weiterempfehlung_grund,Aufgabenstellungen sind teilweise unklar formuliert.,2024-12-31T09:00:00Z
279,50026,wochenfeedback,5,zufriedenheit_gesamt,3,2025-01-03T07:50:00Z
280,50026,wochenfeedback,5,tempo,2,2025-01-03T07:50:00Z
281,50026,wochenfeedback,5,freitext,Die Plattform hatte diese Woche mehrfach Ausfälle.,2025-01-03T07:50:00Z
7247,50601,wochenfeedback,1,zufriedenheit_gesamt,3,2025-01-03T07:57:00Z
7248,50601,wochenfeedback,1,tempo,4,2025-01-03T07:57:00Z
8261,50683,wochenfeedback,5,zufriedenheit_gesamt,1,2025-01-03T08:18:00Z
8262,50683,wochenfeedback,5,tempo,4,2025-01-03T08:18:00Z
8263,50683,wochenfeedback,5,freitext,Die Plattform hatte diese Woche mehrfach Ausfälle.,2025-01-03T08:18:00Z
3969,50347,wochenfeedback,9,zufriedenheit_gesamt,2,2025-01-03T09:05:00Z
3970,50347,wochenfeedback,9,tempo,1,2025-01-03T09:05:00Z
6935,50575,wochenfeedback,1,zufriedenheit_gesamt,3,2025-01-03T09:12:00Z
6936,50575,wochenfeedback,1,tempo,3,2025-01-03T09:12:00Z
6937,50575,wochenfeedback,1,freitext,Aufgabenstellungen sind teilweise unklar formuliert.,2025-01-03T09:12:00Z
6801,50563,wochenfeedback,9,zufriedenheit_gesamt,4,2025-01-03T10:12:00Z
6802,50563,wochenfeedback,9,tempo,5,2025-01-03T10:12:00Z
6803,50563,wochenfeedback,9,freitext,"Tempo passt für mich, gerne mehr Praxisbeispiele.",2025-01-03T10:12:00Z
4065,50357,wochenfeedback,5,zufriedenheit_gesamt,4,2025-01-03T10:57:00Z
4066,50357,wochenfeedback,5,tempo,3,2025-01-03T10:57:00Z
5100,50435,wochenfeedback,9,zufriedenheit_gesamt,5,2025-01-03T11:14:00Z
5101,50435,wochenfeedback,9,tempo,3,2025-01-03T11:14:00Z
5102,50435,wochenfeedback,9,freitext,"Top Inhalte, besonders das SQL-Modul.",2025-01-03T11:14:00Z
4994,50429,wochenfeedback,1,zufriedenheit_gesamt,4,2025-01-03T11:21:00Z
4995,50429,wochenfeedback,1,tempo,5,2025-01-03T11:21:00Z
4996,50429,wochenfeedback,1,freitext,"Top Inhalte, besonders das SQL-Modul.",2025-01-03T11:21:00Z
1260,50116,wochenfeedback,1,zufriedenheit_gesamt,5,2025-01-03T11:31:00Z
1261,50116,wochenfeedback,1,tempo,5,2025-01-03T11:31:00Z
7838,50641,wochenfeedback,9,zufriedenheit_gesamt,5,2025-01-03T11:55:00Z
7839,50641,wochenfeedback,9,tempo,3,2025-01-03T11:55:00Z
61,50005,wochenfeedback,5,zufriedenheit_gesamt,4,2025-01-03T11:58:00Z
62,50005,wochenfeedback,5,tempo,3,2025-01-03T11:58:00Z
1965,50177,wochenfeedback,5,zufriedenheit_gesamt,4,2025-01-03T12:56:00Z
1966,50177,wochenfeedback,5,tempo,2,2025-01-03T12:56:00Z
219,50018,wochenfeedback,9,zufriedenheit_gesamt,2,2025-01-03T13:02:00Z
220,50018,wochenfeedback,9,tempo,1,2025-01-03T13:02:00Z
221,50018,wochenfeedback,9,freitext,Statistik-Modul ist zu theoretisch.,2025-01-03T13:02:00Z
7619,50623,wochenfeedback,1,zufriedenheit_gesamt,2,2025-01-03T13:46:00Z
7620,50623,wochenfeedback,1,tempo,3,2025-01-03T13:46:00Z
7621,50623,wochenfeedback,1,freitext,Ich hätte gern mehr Live-Termine.,2025-01-03T13:46:00Z
1585,50143,wochenfeedback,1,zufriedenheit_gesamt,4,2025-01-03T13:47:00Z
1586,50143,wochenfeedback,1,tempo,3,2025-01-03T13:47:00Z
3797,50330,wochenfeedback,17,zufriedenheit_gesamt,5,2025-01-03T13:47:00Z
3798,50330,wochenfeedback,17,tempo,1,2025-01-03T13:47:00Z
7952,50658,wochenfeedback,9,zufriedenheit_gesamt,5,2025-01-03T13:56:00Z
7953,50658,wochenfeedback,9,tempo,1,2025-01-03T13:56:00Z
7954,50658,wochenfeedback,9,freitext,"Top Inhalte, besonders das SQL-Modul.",2025-01-03T13:56:00Z
255,50023,wochenfeedback,9,zufriedenheit_gesamt,2,2025-01-03T14:30:00Z
256,50023,wochenfeedback,9,tempo,2,2025-01-03T14:30:00Z
257,50023,wochenfeedback,9,freitext,"Das Tempo ist mir zu hoch, ich komme kaum hinterher.",2025-01-03T14:30:00Z
7145,50596,wochenfeedback,1,zufriedenheit_gesamt,3,2025-01-03T14:59:00Z
7146,50596,wochenfeedback,1,tempo,5,2025-01-03T14:59:00Z
2855,50259,wochenfeedback,9,zufriedenheit_gesamt,5,2025-01-03T15:17:00Z
2856,50259,wochenfeedback,9,tempo,3,2025-01-03T15:17:00Z
8093,50671,wochenfeedback,17,zufriedenheit_gesamt,3,2025-01-03T15:43:00Z
8094,50671,wochenfeedback,17,tempo,2,2025-01-03T15:43:00Z
6449,50533,wochenfeedback,1,zufriedenheit_gesamt,2,2025-01-03T16:03:00Z
6450,50533,wochenfeedback,1,tempo,1,2025-01-03T16:03:00Z
6451,50533,wochenfeedback,1,freitext,Die Plattform hatte diese Woche mehrfach Ausfälle.,2025-01-03T16:03:00Z
4433,50386,wochenfeedback,13,zufriedenheit_gesamt,3,2025-01-03T18:14:00Z
4434,50386,wochenfeedback,13,tempo,4,2025-01-03T18:14:00Z
4435,50386,wochenfeedback,13,freitext,Ich hätte gern mehr Live-Termine.,2025-01-03T18:14:00Z
4261,50373,wochenfeedback,1,zufriedenheit_gesamt,4,2025-01-03T18:41:00Z
4262,50373,wochenfeedback,1,tempo,3,2025-01-03T18:41:00Z
1061,50095,wochenfeedback,5,zufriedenheit_gesamt,5,2025-01-03T18:53:00Z
1062,50095,wochenfeedback,5,tempo,2,2025-01-03T18:53:00Z
1063,50095,wochenfeedback,5,freitext,"Top Inhalte, besonders das SQL-Modul.",2025-01-03T18:53:00Z
451,50039,wochenfeedback,1,zufriedenheit_gesamt,5,2025-01-03T18:57:00Z
452,50039,wochenfeedback,1,tempo,1,2025-01-03T18:57:00Z
453,50039,wochenfeedback,1,freitext,"Tempo passt für mich, gerne mehr Praxisbeispiele.",2025-01-03T18:57:00Z
4997,50429,wochenfeedback,2,zufriedenheit_gesamt,5,2025-01-10T07:24:00Z
4998,50429,wochenfeedback,2,tempo,3,2025-01-10T07:24:00Z
63,50005,wochenfeedback,6,zufriedenheit_gesamt,3,2025-01-10T07:36:00Z
64,50005,wochenfeedback,6,tempo,3,2025-01-10T07:36:00Z
6452,50533,wochenfeedback,2,zufriedenheit_gesamt,3,2025-01-10T07:38:00Z
6453,50533,wochenfeedback,2,tempo,5,2025-01-10T07:38:00Z
6247,50516,wochenfeedback,10,zufriedenheit_gesamt,4,2025-01-10T08:40:00Z
6248,50516,wochenfeedback,10,tempo,3,2025-01-10T08:40:00Z
5103,50435,wochenfeedback,10,zufriedenheit_gesamt,5,2025-01-10T08:43:00Z
5104,50435,wochenfeedback,10,tempo,1,2025-01-10T08:43:00Z
4326,50379,wochenfeedback,2,zufriedenheit_gesamt,3,2025-01-10T08:58:00Z
4327,50379,wochenfeedback,2,tempo,3,2025-01-10T08:58:00Z
1917,50169,wochenfeedback,14,zufriedenheit_gesamt,4,2025-01-10T09:05:00Z
1918,50169,wochenfeedback,14,tempo,5,2025-01-10T09:05:00Z
8199,50677,wochenfeedback,10,zufriedenheit_gesamt,4,2025-01-10T09:59:00Z
8200,50677,wochenfeedback,10,tempo,1,2025-01-10T09:59:00Z
8201,50677,wochenfeedback,10,freitext,"Top Inhalte, besonders das SQL-Modul.",2025-01-10T09:59:00Z
4067,50357,wochenfeedback,6,zufriedenheit_gesamt,5,2025-01-10T13:16:00Z
4068,50357,wochenfeedback,6,tempo,1,2025-01-10T13:16:00Z
6938,50575,wochenfeedback,2,zufriedenheit_gesamt,5,2025-01-10T14:06:00Z
6939,50575,wochenfeedback,2,tempo,2,2025-01-10T14:06:00Z
6940,50575,wochenfeedback,2,freitext,Der Coach erklärt super verständlich.,2025-01-10T14:06:00Z
5767,50481,wochenfeedback,6,zufriedenheit_gesamt,4,2025-01-10T14:37:00Z
5768,50481,wochenfeedback,6,tempo,3,2025-01-10T14:37:00Z
5769,50481,wochenfeedback,6,freitext,"Top Inhalte, besonders das SQL-Modul.",2025-01-10T14:37:00Z
4768,50404,wochenfeedback,10,zufriedenheit_gesamt,5,2025-01-10T15:04:00Z
4769,50404,wochenfeedback,10,tempo,2,2025-01-10T15:04:00Z
3679,50320,wochenfeedback,2,zufriedenheit_gesamt,4,2025-01-10T15:52:00Z
3680,50320,wochenfeedback,2,tempo,5,2025-01-10T15:52:00Z
3681,50320,wochenfeedback,2,freitext,"<p>Die Videos sind gut, aber die Quizze sind zu leicht.</p>",2025-01-10T15:52:00Z
7955,50658,wochenfeedback,10,zufriedenheit_gesamt,2,2025-01-10T15:55:00Z
7956,50658,wochenfeedback,10,tempo,4,2025-01-10T15:55:00Z
7957,50658,wochenfeedback,10,freitext,"<p>Die Videos sind gut, aber die Quizze sind zu leicht.</p>",2025-01-10T15:55:00Z
4436,50386,wochenfeedback,14,zufriedenheit_gesamt,4,2025-01-10T16:35:00Z
4437,50386,wochenfeedback,14,tempo,5,2025-01-10T16:35:00Z
7164,50598,wochenfeedback,6,zufriedenheit_gesamt,1,2025-01-10T17:05:00Z
7165,50598,wochenfeedback,6,tempo,4,2025-01-10T17:05:00Z
7166,50598,wochenfeedback,6,freitext,Statistik-Modul ist zu theoretisch.,2025-01-10T17:05:00Z
1902,50168,wochenfeedback,6,zufriedenheit_gesamt,4,2025-01-10T18:50:00Z
1903,50168,wochenfeedback,6,tempo,4,2025-01-10T18:50:00Z
1904,50168,wochenfeedback,6,freitext,"Tempo passt für mich, gerne mehr Praxisbeispiele.",2025-01-10T18:50:00Z
1919,50169,wochenfeedback,15,zufriedenheit_gesamt,4,2025-01-17T07:26:00Z
1920,50169,wochenfeedback,15,tempo,2,2025-01-17T07:26:00Z
1078,50098,wochenfeedback,7,zufriedenheit_gesamt,4,2025-01-17T07:32:00Z
1079,50098,wochenfeedback,7,tempo,4,2025-01-17T07:32:00Z
4133,50366,wochenfeedback,11,zufriedenheit_gesamt,5,2025-01-17T07:41:00Z
4134,50366,wochenfeedback,11,tempo,5,2025-01-17T07:41:00Z
4135,50366,wochenfeedback,11,freitext,"Sehr gute Betreuung, die Übungen sind praxisnah.",2025-01-17T07:41:00Z
222,50018,wochenfeedback,11,zufriedenheit_gesamt,3,2025-01-17T07:44:00Z
223,50018,wochenfeedback,11,tempo,5,2025-01-17T07:44:00Z
4191,50371,wochenfeedback,7,zufriedenheit_gesamt,3,2025-01-17T07:50:00Z
4192,50371,wochenfeedback,7,tempo,3,2025-01-17T07:50:00Z
4193,50371,wochenfeedback,7,freitext,Aufgabenstellungen sind teilweise unklar formuliert.,2025-01-17T07:50:00Z
8095,50672,wochenfeedback,3,zufriedenheit_gesamt,5,2025-01-17T08:12:00Z
8096,50672,wochenfeedback,3,tempo,2,2025-01-17T08:12:00Z
8097,50672,wochenfeedback,3,freitext,"Tempo passt für mich, gerne mehr Praxisbeispiele.",2025-01-17T08:12:00Z
202,50017,wochenfeedback,19,zufriedenheit_gesamt,5,2025-01-17T08:34:00Z
203,50017,wochenfeedback,19,tempo,3,2025-01-17T08:34:00Z
204,50017,wochenfeedback,19,freitext,<p>Mehr Praxis bitte!</p>,2025-01-17T08:34:00Z
5183,50440,wochenfeedback,15,zufriedenheit_gesamt,5,2025-01-17T09:24:00Z
5184,50440,wochenfeedback,15,tempo,3,2025-01-17T09:24:00Z
5185,50440,wochenfeedback,15,freitext,Der Coach erklärt super verständlich.,2025-01-17T09:24:00Z
4438,50386,wochenfeedback,15,zufriedenheit_gesamt,2,2025-01-17T10:15:00Z
4439,50386,wochenfeedback,15,tempo,3,2025-01-17T10:15:00Z
4440,50386,wochenfeedback,15,freitext,Die Plattform hatte diese Woche mehrfach Ausfälle.,2025-01-17T10:15:00Z
5113,50436,wochenfeedback,7,zufriedenheit_gesamt,5,2025-01-17T11:06:00Z
5114,50436,wochenfeedback,7,tempo,3,2025-01-17T11:06:00Z
6249,50516,wochenfeedback,11,zufriedenheit_gesamt,2,2025-01-17T11:14:00Z
6250,50516,wochenfeedback,11,tempo,5,2025-01-17T11:14:00Z
6804,50563,wochenfeedback,11,zufriedenheit_gesamt,5,2025-01-17T11:37:00Z
6805,50563,wochenfeedback,11,tempo,5,2025-01-17T11:37:00Z
6821,50564,wochenfeedback,15,zufriedenheit_gesamt,5,2025-01-17T12:04:00Z
6822,50564,wochenfeedback,15,tempo,3,2025-01-17T12:04:00Z
4573,50394,wochenfeedback,11,zufriedenheit_gesamt,2,2025-01-17T12:19:00Z
4574,50394,wochenfeedback,11,tempo,3,2025-01-17T12:19:00Z
4575,50394,wochenfeedback,11,freitext,<p>Mehr Praxis bitte!</p>,2025-01-17T12:19:00Z
65,50005,wochenfeedback,7,zufriedenheit_gesamt,2,2025-01-17T12:37:00Z
66,50005,wochenfeedback,7,tempo,2,2025-01-17T12:37:00Z
67,50005,wochenfeedback,7,freitext,Zu wenig Feedback zu den Abgaben.,2025-01-17T12:37:00Z
7093,50588,wochenfeedback,7,zufriedenheit_gesamt,5,2025-01-17T12:50:00Z
7094,50588,wochenfeedback,7,tempo,3,2025-01-17T12:50:00Z
7167,50598,wochenfeedback,7,zufriedenheit_gesamt,1,2025-01-17T13:22:00Z
7168,50598,wochenfeedback,7,tempo,5,2025-01-17T13:22:00Z
7528,50620,wochenfeedback,19,zufriedenheit_gesamt,4,2025-01-17T13:22:00Z
7529,50620,wochenfeedback,19,tempo,3,2025-01-17T13:22:00Z
4744,50403,wochenfeedback,1,zufriedenheit_gesamt,2,2025-01-17T14:17:00Z
4745,50403,wochenfeedback,1,tempo,5,2025-01-17T14:17:00Z
4746,50403,wochenfeedback,1,freitext,Aufgabenstellungen sind teilweise unklar formuliert.,2025-01-17T14:17:00Z
3971,50347,wochenfeedback,11,zufriedenheit_gesamt,2,2025-01-17T14:18:00Z
3972,50347,wochenfeedback,11,tempo,1,2025-01-17T14:18:00Z
3973,50347,wochenfeedback,11,freitext,"Das Tempo ist mir zu hoch, ich komme kaum hinterher.",2025-01-17T14:18:00Z
599,50059,wochenfeedback,11,zufriedenheit_gesamt,5,2025-01-17T14:48:00Z
600,50059,wochenfeedback,11,tempo,4,2025-01-17T14:48:00Z
7944,50656,wochenfeedback,15,zufriedenheit_gesamt,5,2025-01-17T14:49:00Z
7945,50656,wochenfeedback,15,tempo,3,2025-01-17T14:49:00Z
5770,50481,wochenfeedback,7,zufriedenheit_gesamt,4,2025-01-17T15:51:00Z
5771,50481,wochenfeedback,7,tempo,5,2025-01-17T15:51:00Z
8345,50692,wochenfeedback,15,zufriedenheit_gesamt,5,2025-01-17T16:08:00Z
8346,50692,wochenfeedback,15,tempo,2,2025-01-17T16:08:00Z
1706,50153,wochenfeedback,7,zufriedenheit_gesamt,5,2025-01-17T16:13:00Z
1707,50153,wochenfeedback,7,tempo,3,2025-01-17T16:13:00Z
1708,50153,wochenfeedback,7,freitext,"Top Inhalte, besonders das SQL-Modul.",2025-01-17T16:13:00Z
1777,50158,wochenfeedback,15,zufriedenheit_gesamt,4,2025-01-17T17:03:00Z
1778,50158,wochenfeedback,15,tempo,4,2025-01-17T17:03:00Z
8202,50677,wochenfeedback,11,zufriedenheit_gesamt,5,2025-01-17T17:35:00Z
8203,50677,wochenfeedback,11,tempo,3,2025-01-17T17:35:00Z
5503,50460,wochenfeedback,7,zufriedenheit_gesamt,5,2025-01-17T18:37:00Z
5504,50460,wochenfeedback,7,tempo,3,2025-01-17T18:37:00Z
1064,50095,wochenfeedback,7,zufriedenheit_gesamt,2,2025-01-17T18:55:00Z
1065,50095,wochenfeedback,7,tempo,3,2025-01-17T18:55:00Z
2262,50210,abschlussfeedback,,nps,5,2025-01-20T09:00:00Z
2263,50210,abschlussfeedback,,zufriedenheit_coach,4,2025-01-20T09:00:00Z
2264,50210,abschlussfeedback,,weiterempfehlung_grund,"Sehr gute Betreuung, die Übungen sind praxisnah.",2025-01-20T09:00:00Z
205,50017,abschlussfeedback,,nps,7,2025-01-20T23:00:00Z
206,50017,abschlussfeedback,,zufriedenheit_coach,4,2025-01-20T23:00:00Z
207,50017,abschlussfeedback,,weiterempfehlung_grund,"Das Tempo ist mir zu hoch, ich komme kaum hinterher.",2025-01-20T23:00:00Z
3799,50330,abschlussfeedback,,nps,8,2025-01-22T00:00:00Z
3800,50330,abschlussfeedback,,zufriedenheit_coach,2,2025-01-22T00:00:00Z
3801,50330,abschlussfeedback,,weiterempfehlung_grund,Ich fühle mich gut vorbereitet.,2025-01-22T00:00:00Z
6047,50500,abschlussfeedback,,nps,10,2025-01-22T22:00:00Z
6048,50500,abschlussfeedback,,zufriedenheit_coach,2,2025-01-22T22:00:00Z
6049,50500,abschlussfeedback,,weiterempfehlung_grund,Zu wenig Feedback zu den Abgaben.,2025-01-22T22:00:00Z
4069,50357,abschlussfeedback,,nps,10,2025-01-23T03:00:00Z
4070,50357,abschlussfeedback,,zufriedenheit_coach,3,2025-01-23T03:00:00Z
4071,50357,abschlussfeedback,,weiterempfehlung_grund,Die Plattform hatte diese Woche mehrfach Ausfälle.,2025-01-23T03:00:00Z
4441,50386,abschlussfeedback,,nps,9,2025-01-23T23:00:00Z
4442,50386,abschlussfeedback,,zufriedenheit_coach,3,2025-01-23T23:00:00Z
4443,50386,abschlussfeedback,,weiterempfehlung_grund,"Sehr gute Betreuung, die Übungen sind praxisnah.",2025-01-23T23:00:00Z
7803,50633,abschlussfeedback,,nps,7,2025-01-24T03:00:00Z
7804,50633,abschlussfeedback,,zufriedenheit_coach,5,2025-01-24T03:00:00Z
7805,50633,abschlussfeedback,,weiterempfehlung_grund,Der Coach erklärt super verständlich.,2025-01-24T03:00:00Z
1967,50177,abschlussfeedback,,nps,9,2025-01-24T04:00:00Z
1968,50177,abschlussfeedback,,zufriedenheit_coach,3,2025-01-24T04:00:00Z
1969,50177,abschlussfeedback,,weiterempfehlung_grund,Statistik-Modul ist zu theoretisch.,2025-01-24T04:00:00Z
5772,50481,wochenfeedback,8,zufriedenheit_gesamt,4,2025-01-24T07:54:00Z
5773,50481,wochenfeedback,8,tempo,5,2025-01-24T07:54:00Z
4282,50374,abschlussfeedback,,nps,9,2025-01-24T08:00:00Z
4283,50374,abschlussfeedback,,zufriedenheit_coach,3,2025-01-24T08:00:00Z
4284,50374,abschlussfeedback,,weiterempfehlung_grund,Statistik-Modul ist zu theoretisch.,2025-01-24T08:00:00Z
1709,50153,wochenfeedback,8,zufriedenheit_gesamt,5,2025-01-24T08:22:00Z
1710,50153,wochenfeedback,8,tempo,4,2025-01-24T08:22:00Z
5105,50435,wochenfeedback,12,zufriedenheit_gesamt,4,2025-01-24T08:42:00Z
5106,50435,wochenfeedback,12,tempo,1,2025-01-24T08:42:00Z
5107,50435,wochenfeedback,12,freitext,"Sehr gute Betreuung, die Übungen sind praxisnah.",2025-01-24T08:42:00Z
7095,50588,wochenfeedback,8,zufriedenheit_gesamt,5,2025-01-24T09:46:00Z
7096,50588,wochenfeedback,8,tempo,3,2025-01-24T09:46:00Z
7097,50588,wochenfeedback,8,freitext,Ich fühle mich gut vorbereitet.,2025-01-24T09:46:00Z
4194,50371,wochenfeedback,8,zufriedenheit_gesamt,5,2025-01-24T10:25:00Z
4195,50371,wochenfeedback,8,tempo,5,2025-01-24T10:25:00Z
5115,50436,wochenfeedback,8,zufriedenheit_gesamt,2,2025-01-24T10:35:00Z
5116,50436,wochenfeedback,8,tempo,3,2025-01-24T10:35:00Z
4747,50403,wochenfeedback,2,zufriedenheit_gesamt,5,2025-01-24T11:06:00Z
4748,50403,wochenfeedback,2,tempo,3,2025-01-24T11:06:00Z
5505,50460,wochenfeedback,8,zufriedenheit_gesamt,2,2025-01-24T11:19:00Z
5506,50460,wochenfeedback,8,tempo,1,2025-01-24T11:19:00Z
5507,50460,wochenfeedback,8,freitext,"<p>Die Videos sind gut, aber die Quizze sind zu leicht.</p>",2025-01-24T11:19:00Z
6454,50533,wochenfeedback,4,zufriedenheit_gesamt,5,2025-01-24T11:26:00Z
6455,50533,wochenfeedback,4,tempo,5,2025-01-24T11:26:00Z
6456,50533,wochenfeedback,4,freitext,"Sehr gute Betreuung, die Übungen sind praxisnah.",2025-01-24T11:26:00Z
601,50059,wochenfeedback,12,zufriedenheit_gesamt,5,2025-01-24T12:43:00Z
602,50059,wochenfeedback,12,tempo,1,2025-01-24T12:43:00Z
603,50059,wochenfeedback,12,freitext,Der Coach erklärt super verständlich.,2025-01-24T12:43:00Z
4813,50409,wochenfeedback,12,zufriedenheit_gesamt,5,2025-01-24T12:59:00Z
4814,50409,wochenfeedback,12,tempo,5,2025-01-24T12:59:00Z
6050,50501,wochenfeedback,4,zufriedenheit_gesamt,4,2025-01-24T13:56:00Z
6051,50501,wochenfeedback,4,tempo,3,2025-01-24T13:56:00Z
4770,50404,wochenfeedback,12,zufriedenheit_gesamt,5,2025-01-24T14:22:00Z
4771,50404,wochenfeedback,12,tempo,3,2025-01-24T14:22:00Z
4999,50429,wochenfeedback,4,zufriedenheit_gesamt,5,2025-01-24T14:41:00Z
5000,50429,wochenfeedback,4,tempo,4,2025-01-24T14:41:00Z
5001,50429,wochenfeedback,4,freitext,"Tempo passt für mich, gerne mehr Praxisbeispiele.",2025-01-24T14:41:00Z
7530,50620,wochenfeedback,20,zufriedenheit_gesamt,4,2025-01-24T14:42:00Z
7531,50620,wochenfeedback,20,tempo,5,2025-01-24T14:42:00Z
6274,50519,wochenfeedback,4,zufriedenheit_gesamt,3,2025-01-24T14:58:00Z
6275,50519,wochenfeedback,4,tempo,5,2025-01-24T14:58:00Z
3733,50326,wochenfeedback,2,zufriedenheit_gesamt,4,2025-01-24T15:03:00Z
3734,50326,wochenfeedback,2,tempo,3,2025-01-24T15:03:00Z
3735,50326,wochenfeedback,2,freitext,"Tempo passt für mich, gerne mehr Praxisbeispiele.",2025-01-24T15:03:00Z
454,50039,wochenfeedback,4,zufriedenheit_gesamt,5,2025-01-24T15:12:00Z
455,50039,wochenfeedback,4,tempo,3,2025-01-24T15:12:00Z
3438,50304,wochenfeedback,4,zufriedenheit_gesamt,2,2025-01-24T16:19:00Z
3439,50304,wochenfeedback,4,tempo,1,2025-01-24T16:19:00Z
3440,50304,wochenfeedback,4,freitext,Statistik-Modul ist zu theoretisch.,2025-01-24T16:19:00Z
8483,50698,wochenfeedback,12,zufriedenheit_gesamt,3,2025-01-24T16:46:00Z
8484,50698,wochenfeedback,12,tempo,4,2025-01-24T16:46:00Z
8485,50698,wochenfeedback,12,freitext,<p>Mehr Praxis bitte!</p>,2025-01-24T16:46:00Z
6368,50529,wochenfeedback,4,zufriedenheit_gesamt,4,2025-01-24T17:19:00Z
6369,50529,wochenfeedback,4,tempo,2,2025-01-24T17:19:00Z
6370,50529,wochenfeedback,4,freitext,"Top Inhalte, besonders das SQL-Modul.",2025-01-24T17:19:00Z
7169,50598,wochenfeedback,8,zufriedenheit_gesamt,1,2025-01-24T18:14:00Z
7170,50598,wochenfeedback,8,tempo,4,2025-01-24T18:14:00Z
7171,50598,wochenfeedback,8,freitext,Aufgabenstellungen sind teilweise unklar formuliert.,2025-01-24T18:14:00Z
4328,50379,wochenfeedback,4,zufriedenheit_gesamt,4,2025-01-24T18:51:00Z
4329,50379,wochenfeedback,4,tempo,1,2025-01-24T18:51:00Z
4330,50379,wochenfeedback,4,freitext,Die Live-Sessions sind Gold wert.,2025-01-24T18:51:00Z
6612,50549,wochenfeedback,4,zufriedenheit_gesamt,4,2025-01-24T18:58:00Z
6613,50549,wochenfeedback,4,tempo,4,2025-01-24T18:58:00Z
6614,50549,wochenfeedback,4,freitext,Der Coach erklärt super verständlich.,2025-01-24T18:58:00Z
294,50027,abschlussfeedback,,nps,8,2025-01-27T03:00:00Z
295,50027,abschlussfeedback,,zufriedenheit_coach,4,2025-01-27T03:00:00Z
296,50027,abschlussfeedback,,weiterempfehlung_grund,"Sehr gute Betreuung, die Übungen sind praxisnah.",2025-01-27T03:00:00Z
1905,50168,abschlussfeedback,,nps,9,2025-01-30T10:00:00Z
1906,50168,abschlussfeedback,,zufriedenheit_coach,2,2025-01-30T10:00:00Z
1907,50168,abschlussfeedback,,weiterempfehlung_grund,Der Coach erklärt super verständlich.,2025-01-30T10:00:00Z
4331,50379,wochenfeedback,5,zufriedenheit_gesamt,5,2025-01-31T07:05:00Z
4332,50379,wochenfeedback,5,tempo,4,2025-01-31T07:05:00Z
4333,50379,wochenfeedback,5,freitext,"Top Inhalte, besonders das SQL-Modul.",2025-01-31T07:05:00Z
4958,50427,wochenfeedback,1,zufriedenheit_gesamt,4,2025-01-31T07:30:00Z
4959,50427,wochenfeedback,1,tempo,3,2025-01-31T07:30:00Z
4960,50427,wochenfeedback,1,freitext,"<p>Die Videos sind gut, aber die Quizze sind zu leicht.</p>",2025-01-31T07:30:00Z
4772,50404,wochenfeedback,13,zufriedenheit_gesamt,5,2025-01-31T07:35:00Z
4773,50404,wochenfeedback,13,tempo,1,2025-01-31T07:35:00Z
2265,50212,wochenfeedback,3,zufriedenheit_gesamt,5,2025-01-31T08:03:00Z
2266,50212,wochenfeedback,3,tempo,5,2025-01-31T08:03:00Z
3857,50339,wochenfeedback,1,zufriedenheit_gesamt,5,2025-01-31T08:46:00Z
3858,50339,wochenfeedback,1,tempo,5,2025-01-31T08:46:00Z
6823,50564,wochenfeedback,17,zufriedenheit_gesamt,5,2025-01-31T08:50:00Z
6824,50564,wochenfeedback,17,tempo,3,2025-01-31T08:50:00Z
6734,50556,wochenfeedback,3,zufriedenheit_gesamt,2,2025-01-31T09:30:00Z
6735,50556,wochenfeedback,3,tempo,4,2025-01-31T09:30:00Z
848,50078,wochenfeedback,1,zufriedenheit_gesamt,4,2025-01-31T09:36:00Z
849,50078,wochenfeedback,1,tempo,3,2025-01-31T09:36:00Z
850,50078,wochenfeedback,1,freitext,Die Live-Sessions sind Gold wert.,2025-01-31T09:36:00Z
8264,50685,wochenfeedback,3,zufriedenheit_gesamt,4,2025-01-31T11:13:00Z
8265,50685,wochenfeedback,3,tempo,4,2025-01-31T11:13:00Z
8266,50685,wochenfeedback,3,freitext,"Top Inhalte, besonders das SQL-Modul.",2025-01-31T11:13:00Z
5492,50459,wochenfeedback,13,zufriedenheit_gesamt,5,2025-01-31T11:51:00Z
5493,50459,wochenfeedback,13,tempo,5,2025-01-31T11:51:00Z
6052,50501,wochenfeedback,5,zufriedenheit_gesamt,4,2025-01-31T13:25:00Z
6053,50501,wochenfeedback,5,tempo,3,2025-01-31T13:25:00Z
56,50004,wochenfeedback,13,zufriedenheit_gesamt,4,2025-01-31T13:52:00Z
57,50004,wochenfeedback,13,tempo,3,2025-01-31T13:52:00Z
58,50004,wochenfeedback,13,freitext,"Top Inhalte, besonders das SQL-Modul.",2025-01-31T13:52:00Z
4815,50409,wochenfeedback,13,zufriedenheit_gesamt,3,2025-01-31T13:58:00Z
4816,50409,wochenfeedback,13,tempo,5,2025-01-31T13:58:00Z
4817,50409,wochenfeedback,13,freitext,"Das Tempo ist mir zu hoch, ich komme kaum hinterher.",2025-01-31T13:58:00Z
5389,50452,wochenfeedback,3,zufriedenheit_gesamt,5,2025-01-31T14:20:00Z
5390,50452,wochenfeedback,3,tempo,1,2025-01-31T14:20:00Z
68,50005,wochenfeedback,9,zufriedenheit_gesamt,2,2025-01-31T14:54:00Z
69,50005,wochenfeedback,9,tempo,3,2025-01-31T14:54:00Z
70,50005,wochenfeedback,9,freitext,Die Plattform hatte diese Woche mehrfach Ausfälle.,2025-01-31T14:54:00Z
990,50094,wochenfeedback,9,zufriedenheit_gesamt,5,2025-01-31T15:15:00Z
991,50094,wochenfeedback,9,tempo,5,2025-01-31T15:15:00Z
5117,50436,wochenfeedback,9,zufriedenheit_gesamt,5,2025-01-31T15:32:00Z
5118,50436,wochenfeedback,9,tempo,5,2025-01-31T15:32:00Z
1617,50146,wochenfeedback,9,zufriedenheit_gesamt,5,2025-01-31T16:24:00Z
1618,50146,wochenfeedback,9,tempo,1,2025-01-31T16:24:00Z
3753,50328,wochenfeedback,1,zufriedenheit_gesamt,4,2025-01-31T17:01:00Z
3754,50328,wochenfeedback,1,tempo,4,2025-01-31T17:01:00Z
6941,50575,wochenfeedback,5,zufriedenheit_gesamt,3,2025-01-31T17:08:00Z
6942,50575,wochenfeedback,5,tempo,2,2025-01-31T17:08:00Z
7958,50658,wochenfeedback,13,zufriedenheit_gesamt,5,2025-01-31T17:18:00Z
7959,50658,wochenfeedback,13,tempo,5,2025-01-31T17:18:00Z
860,50079,wochenfeedback,5,zufriedenheit_gesamt,2,2025-01-31T17:19:00Z
861,50079,wochenfeedback,5,tempo,5,2025-01-31T17:19:00Z
6918,50571,wochenfeedback,1,zufriedenheit_gesamt,2,2025-01-31T17:53:00Z
6919,50571,wochenfeedback,1,tempo,1,2025-01-31T17:53:00Z
3706,50324,wochenfeedback,1,zufriedenheit_gesamt,5,2025-01-31T18:30:00Z
3707,50324,wochenfeedback,1,tempo,3,2025-01-31T18:30:00Z
3708,50324,wochenfeedback,1,freitext,"Top Inhalte, besonders das SQL-Modul.",2025-01-31T18:30:00Z
7172,50598,abschlussfeedback,,nps,3,2025-02-01T20:00:00Z
7173,50598,abschlussfeedback,,zufriedenheit_coach,2,2025-02-01T20:00:00Z
7174,50598,abschlussfeedback,,weiterempfehlung_grund,Die Plattform hatte diese Woche mehrfach Ausfälle.,2025-02-01T20:00:00Z
282,50026,abschlussfeedback,,nps,7,2025-02-01T22:00:00Z
283,50026,abschlussfeedback,,zufriedenheit_coach,4,2025-02-01T22:00:00Z
284,50026,abschlussfeedback,,weiterempfehlung_grund,"Top Inhalte, besonders das SQL-Modul.",2025-02-01T22:00:00Z
3859,50339,wochenfeedback,2,zufriedenheit_gesamt,2,2025-02-07T09:26:00Z
3860,50339,wochenfeedback,2,tempo,1,2025-02-07T09:26:00Z
8204,50677,wochenfeedback,14,zufriedenheit_gesamt,4,2025-02-07T09:46:00Z
8205,50677,wochenfeedback,14,tempo,5,2025-02-07T09:46:00Z
4334,50379,wochenfeedback,6,zufriedenheit_gesamt,4,2025-02-07T11:16:00Z
4335,50379,wochenfeedback,6,tempo,4,2025-02-07T11:16:00Z
4336,50379,wochenfeedback,6,freitext,"<p>Die Videos sind gut, aber die Quizze sind zu leicht.</p>",2025-02-07T11:16:00Z
4196,50371,wochenfeedback,10,zufriedenheit_gesamt,5,2025-02-07T12:32:00Z
4197,50371,wochenfeedback,10,tempo,4,2025-02-07T12:32:00Z
6371,50529,wochenfeedback,6,zufriedenheit_gesamt,3,2025-02-07T13:12:00Z
6372,50529,wochenfeedback,6,tempo,3,2025-02-07T13:12:00Z
1711,50153,wochenfeedback,10,zufriedenheit_gesamt,5,2025-02-07T13:29:00Z
1712,50153,wochenfeedback,10,tempo,3,2025-02-07T13:29:00Z
1713,50153,wochenfeedback,10,freitext,Der Coach erklärt super verständlich.,2025-02-07T13:29:00Z
6783,50561,wochenfeedback,2,zufriedenheit_gesamt,3,2025-02-07T13:41:00Z
6784,50561,wochenfeedback,2,tempo,2,2025-02-07T13:41:00Z
6785,50561,wochenfeedback,2,freitext,Die Plattform hatte diese Woche mehrfach Ausfälle.,2025-02-07T13:41:00Z
3736,50326,wochenfeedback,4,zufriedenheit_gesamt,3,2025-02-07T14:47:00Z
3737,50326,wochenfeedback,4,tempo,2,2025-02-07T14:47:00Z
7085,50587,wochenfeedback,6,zufriedenheit_gesamt,4,2025-02-07T14:51:00Z
7086,50587,wochenfeedback,6,tempo,5,2025-02-07T14:51:00Z
456,50039,wochenfeedback,6,zufriedenheit_gesamt,4,2025-02-07T15:34:00Z
457,50039,wochenfeedback,6,tempo,4,2025-02-07T15:34:00Z
5585,50468,wochenfeedback,10,zufriedenheit_gesamt,3,2025-02-07T15:56:00Z
5586,50468,wochenfeedback,10,tempo,5,2025-02-07T15:56:00Z
5391,50452,wochenfeedback,4,zufriedenheit_gesamt,2,2025-02-07T17:27:00Z
5392,50452,wochenfeedback,4,tempo,5,2025-02-07T17:27:00Z
851,50078,wochenfeedback,2,zufriedenheit_gesamt,2,2025-02-07T17:39:00Z
852,50078,wochenfeedback,2,tempo,1,2025-02-07T17:39:00Z
3441,50304,wochenfeedback,6,zufriedenheit_gesamt,3,2025-02-07T17:45:00Z
3442,50304,wochenfeedback,6,tempo,3,2025-02-07T17:45:00Z
992,50094,wochenfeedback,10,zufriedenheit_gesamt,5,2025-02-07T17:49:00Z
993,50094,wochenfeedback,10,tempo,3,2025-02-07T17:49:00Z
5567,50466,wochenfeedback,10,zufriedenheit_gesamt,2,2025-02-07T18:44:00Z
5568,50466,wochenfeedback,10,tempo,4,2025-02-07T18:44:00Z
5569,50466,wochenfeedback,10,freitext,"Das Tempo ist mir zu hoch, ich komme kaum hinterher.",2025-02-07T18:44:00Z
853,50078,wochenfeedback,3,zufriedenheit_gesamt,4,2025-02-14T07:55:00Z
854,50078,wochenfeedback,3,tempo,5,2025-02-14T07:55:00Z
1610,50145,wochenfeedback,5,zufriedenheit_gesamt,4,2025-02-14T08:13:00Z
1611,50145,wochenfeedback,5,tempo,2,2025-02-14T08:13:00Z
5774,50481,wochenfeedback,11,zufriedenheit_gesamt,4,2025-02-14T08:17:00Z
5775,50481,wochenfeedback,11,tempo,3,2025-02-14T08:17:00Z
6786,50561,wochenfeedback,3,zufriedenheit_gesamt,4,2025-02-14T08:37:00Z
6787,50561,wochenfeedback,3,tempo,4,2025-02-14T08:37:00Z
5508,50460,wochenfeedback,11,zufriedenheit_gesamt,5,2025-02-14T08:51:00Z
5509,50460,wochenfeedback,11,tempo,1,2025-02-14T08:51:00Z
5119,50436,wochenfeedback,11,zufriedenheit_gesamt,5,2025-02-14T08:59:00Z
5120,50436,wochenfeedback,11,tempo,4,2025-02-14T08:59:00Z
4718,50398,wochenfeedback,15,zufriedenheit_gesamt,4,2025-02-14T09:02:00Z
4719,50398,wochenfeedback,15,tempo,4,2025-02-14T09:02:00Z
3738,50326,wochenfeedback,5,zufriedenheit_gesamt,5,2025-02-14T09:29:00Z
3739,50326,wochenfeedback,5,tempo,1,2025-02-14T09:29:00Z
3740,50326,wochenfeedback,5,freitext,Der Coach erklärt super verständlich.,2025-02-14T09:29:00Z
5108,50435,wochenfeedback,15,zufriedenheit_gesamt,4,2025-02-14T10:24:00Z
5109,50435,wochenfeedback,15,tempo,1,2025-02-14T10:24:00Z
5494,50459,wochenfeedback,15,zufriedenheit_gesamt,4,2025-02-14T10:42:00Z
5495,50459,wochenfeedback,15,tempo,5,2025-02-14T10:42:00Z
3443,50304,wochenfeedback,7,zufriedenheit_gesamt,5,2025-02-14T10:57:00Z
3444,50304,wochenfeedback,7,tempo,3,2025-02-14T10:57:00Z
3445,50304,wochenfeedback,7,freitext,Ich fühle mich gut vorbereitet.,2025-02-14T10:57:00Z
1587,50143,wochenfeedback,7,zufriedenheit_gesamt,2,2025-02-14T11:01:00Z
1588,50143,wochenfeedback,7,tempo,3,2025-02-14T11:01:00Z
5570,50466,wochenfeedback,11,zufriedenheit_gesamt,5,2025-02-14T11:42:00Z
5571,50466,wochenfeedback,11,tempo,2,2025-02-14T11:42:00Z
1619,50146,wochenfeedback,11,zufriedenheit_gesamt,5,2025-02-14T13:17:00Z
1620,50146,wochenfeedback,11,tempo,4,2025-02-14T13:17:00Z
4576,50394,wochenfeedback,15,zufriedenheit_gesamt,5,2025-02-14T13:29:00Z
4577,50394,wochenfeedback,15,tempo,1,2025-02-14T13:29:00Z
4578,50394,wochenfeedback,15,freitext,"Top Inhalte, besonders das SQL-Modul.",2025-02-14T13:29:00Z
6943,50575,wochenfeedback,7,zufriedenheit_gesamt,5,2025-02-14T14:52:00Z
6944,50575,wochenfeedback,7,tempo,3,2025-02-14T14:52:00Z
1779,50158,wochenfeedback,19,zufriedenheit_gesamt,5,2025-02-14T15:23:00Z
1780,50158,wochenfeedback,19,tempo,4,2025-02-14T15:23:00Z
7098,50588,wochenfeedback,11,zufriedenheit_gesamt,5,2025-02-14T15:57:00Z
7099,50588,wochenfeedback,11,tempo,5,2025-02-14T15:57:00Z
994,50094,wochenfeedback,11,zufriedenheit_gesamt,4,2025-02-14T17:00:00Z
995,50094,wochenfeedback,11,tempo,4,2025-02-14T17:00:00Z
5609,50471,wochenfeedback,5,zufriedenheit_gesamt,5,2025-02-14T17:15:00Z
5610,50471,wochenfeedback,5,tempo,4,2025-02-14T17:15:00Z
6736,50556,wochenfeedback,5,zufriedenheit_gesamt,4,2025-02-14T18:34:00Z
6737,50556,wochenfeedback,5,tempo,4,2025-02-14T18:34:00Z
7840,50641,wochenfeedback,15,zufriedenheit_gesamt,5,2025-02-14T18:53:00Z
7841,50641,wochenfeedback,15,tempo,4,2025-02-14T18:53:00Z
7842,50641,wochenfeedback,15,freitext,Ich fühle mich gut vorbereitet.,2025-02-14T18:53:00Z
1080,50098,wochenfeedback,11,zufriedenheit_gesamt,4,2025-02-14T18:55:00Z
1081,50098,wochenfeedback,11,tempo,3,2025-02-14T18:55:00Z
224,50018,abschlussfeedback,,nps,10,2025-02-16T00:00:00Z
225,50018,abschlussfeedback,,zufriedenheit_coach,5,2025-02-16T00:00:00Z
226,50018,abschlussfeedback,,weiterempfehlung_grund,"Tempo passt für mich, gerne mehr Praxisbeispiele.",2025-02-16T00:00:00Z
4720,50398,abschlussfeedback,,nps,5,2025-02-19T02:00:00Z
4721,50398,abschlussfeedback,,zufriedenheit_coach,5,2025-02-19T02:00:00Z
4722,50398,abschlussfeedback,,weiterempfehlung_grund,Statistik-Modul ist zu theoretisch.,2025-02-19T02:00:00Z
8486,50698,abschlussfeedback,,nps,10,2025-02-19T02:00:00Z
8487,50698,abschlussfeedback,,zufriedenheit_coach,5,2025-02-19T02:00:00Z
8488,50698,abschlussfeedback,,weiterempfehlung_grund,Statistik-Modul ist zu theoretisch.,2025-02-19T02:00:00Z
7946,50656,abschlussfeedback,,nps,7,2025-02-19T04:00:00Z
7947,50656,abschlussfeedback,,zufriedenheit_coach,5,2025-02-19T04:00:00Z
7948,50656,abschlussfeedback,,weiterempfehlung_grund,"Top Inhalte, besonders das SQL-Modul.",2025-02-19T04:00:00Z
5496,50459,abschlussfeedback,,nps,7,2025-02-21T05:00:00Z
5497,50459,abschlussfeedback,,zufriedenheit_coach,5,2025-02-21T05:00:00Z
5498,50459,abschlussfeedback,,weiterempfehlung_grund,Der Coach erklärt super verständlich.,2025-02-21T05:00:00Z
7147,50596,wochenfeedback,8,zufriedenheit_gesamt,1,2025-02-21T07:32:00Z
7148,50596,wochenfeedback,8,tempo,3,2025-02-21T07:32:00Z
7149,50596,wochenfeedback,8,freitext,Aufgabenstellungen sind teilweise unklar formuliert.,2025-02-21T07:32:00Z
2857,50259,wochenfeedback,16,zufriedenheit_gesamt,5,2025-02-21T07:33:00Z
2858,50259,wochenfeedback,16,tempo,3,2025-02-21T07:33:00Z
71,50005,wochenfeedback,12,zufriedenheit_gesamt,2,2025-02-21T07:34:00Z
72,50005,wochenfeedback,12,tempo,3,2025-02-21T07:34:00Z
7878,50647,wochenfeedback,4,zufriedenheit_gesamt,2,2025-02-21T07:59:00Z
7879,50647,wochenfeedback,4,tempo,3,2025-02-21T07:59:00Z
4136,50366,wochenfeedback,16,zufriedenheit_gesamt,2,2025-02-21T08:36:00Z
4137,50366,wochenfeedback,16,tempo,3,2025-02-21T08:36:00Z
4138,50366,wochenfeedback,16,freitext,Aufgabenstellungen sind teilweise unklar formuliert.,2025-02-21T08:36:00Z
5510,50460,wochenfeedback,12,zufriedenheit_gesamt,4,2025-02-21T09:12:00Z
5511,50460,wochenfeedback,12,tempo,5,2025-02-21T09:12:00Z
5512,50460,wochenfeedback,12,freitext,"<p>Die Videos sind gut, aber die Quizze sind zu leicht.</p>",2025-02-21T09:12:00Z
5002,50429,wochenfeedback,8,zufriedenheit_gesamt,5,2025-02-21T10:03:00Z
5003,50429,wochenfeedback,8,tempo,4,2025-02-21T10:03:00Z
5878,50487,wochenfeedback,4,zufriedenheit_gesamt,4,2025-02-21T10:25:00Z
5879,50487,wochenfeedback,4,tempo,4,2025-02-21T10:25:00Z
5880,50487,wochenfeedback,4,freitext,Die Live-Sessions sind Gold wert.,2025-02-21T10:25:00Z
7532,50620,wochenfeedback,24,zufriedenheit_gesamt,5,2025-02-21T10:39:00Z
7533,50620,wochenfeedback,24,tempo,3,2025-02-21T10:39:00Z
7534,50620,wochenfeedback,24,freitext,"Top Inhalte, besonders das SQL-Modul.",2025-02-21T10:39:00Z
2967,50276,wochenfeedback,4,zufriedenheit_gesamt,4,2025-02-21T10:56:00Z
2968,50276,wochenfeedback,4,tempo,3,2025-02-21T10:56:00Z
6788,50561,wochenfeedback,4,zufriedenheit_gesamt,4,2025-02-21T11:17:00Z
6789,50561,wochenfeedback,4,tempo,3,2025-02-21T11:17:00Z
2267,50212,wochenfeedback,6,zufriedenheit_gesamt,5,2025-02-21T11:31:00Z
2268,50212,wochenfeedback,6,tempo,3,2025-02-21T11:31:00Z
3741,50326,wochenfeedback,6,zufriedenheit_gesamt,4,2025-02-21T12:17:00Z
3742,50326,wochenfeedback,6,tempo,4,2025-02-21T12:17:00Z
1082,50098,wochenfeedback,12,zufriedenheit_gesamt,4,2025-02-21T12:29:00Z
1083,50098,wochenfeedback,12,tempo,2,2025-02-21T12:29:00Z
3446,50304,wochenfeedback,8,zufriedenheit_gesamt,4,2025-02-21T12:48:00Z
3447,50304,wochenfeedback,8,tempo,4,2025-02-21T12:48:00Z
3448,50304,wochenfeedback,8,freitext,Die Live-Sessions sind Gold wert.,2025-02-21T12:48:00Z
4579,50394,wochenfeedback,16,zufriedenheit_gesamt,3,2025-02-21T13:26:00Z
4580,50394,wochenfeedback,16,tempo,1,2025-02-21T13:26:00Z
4581,50394,wochenfeedback,16,freitext,<p>Insgesamt <strong>sehr zufrieden</strong>.</p>,2025-02-21T13:26:00Z
8347,50692,wochenfeedback,20,zufriedenheit_gesamt,5,2025-02-21T13:39:00Z
8348,50692,wochenfeedback,20,tempo,4,2025-02-21T13:39:00Z
5556,50465,wochenfeedback,4,zufriedenheit_gesamt,2,2025-02-21T13:40:00Z
5557,50465,wochenfeedback,4,tempo,3,2025-02-21T13:40:00Z
6054,50501,wochenfeedback,8,zufriedenheit_gesamt,5,2025-02-21T14:14:00Z
6055,50501,wochenfeedback,8,tempo,5,2025-02-21T14:14:00Z
7843,50641,wochenfeedback,16,zufriedenheit_gesamt,4,2025-02-21T14:16:00Z
7844,50641,wochenfeedback,16,tempo,4,2025-02-21T14:16:00Z
4337,50379,wochenfeedback,8,zufriedenheit_gesamt,5,2025-02-21T14:32:00Z
4338,50379,wochenfeedback,8,tempo,4,2025-02-21T14:32:00Z
3362,50303,wochenfeedback,24,zufriedenheit_gesamt,2,2025-02-21T14:42:00Z
3363,50303,wochenfeedback,24,tempo,3,2025-02-21T14:42:00Z
6806,50563,wochenfeedback,16,zufriedenheit_gesamt,5,2025-02-21T16:06:00Z
6807,50563,wochenfeedback,16,tempo,5,2025-02-21T16:06:00Z
1612,50145,wochenfeedback,6,zufriedenheit_gesamt,4,2025-02-21T16:07:00Z
1613,50145,wochenfeedback,6,tempo,4,2025-02-21T16:07:00Z
5393,50452,wochenfeedback,6,zufriedenheit_gesamt,4,2025-02-21T16:45:00Z
5394,50452,wochenfeedback,6,tempo,3,2025-02-21T16:45:00Z
5395,50452,wochenfeedback,6,freitext,"<p>Die Videos sind gut, aber die Quizze sind zu leicht.</p>",2025-02-21T16:45:00Z
3037,50279,wochenfeedback,4,zufriedenheit_gesamt,5,2025-02-21T17:16:00Z
3038,50279,wochenfeedback,4,tempo,5,2025-02-21T17:16:00Z
7622,50623,wochenfeedback,8,zufriedenheit_gesamt,2,2025-02-21T18:17:00Z
7623,50623,wochenfeedback,8,tempo,5,2025-02-21T18:17:00Z
7087,50587,abschlussfeedback,,nps,6,2025-02-21T20:00:00Z
7088,50587,abschlussfeedback,,zufriedenheit_coach,5,2025-02-21T20:00:00Z
7089,50587,abschlussfeedback,,weiterempfehlung_grund,Aufgabenstellungen sind teilweise unklar formuliert.,2025-02-21T20:00:00Z
8206,50677,abschlussfeedback,,nps,9,2025-02-23T02:00:00Z
8207,50677,abschlussfeedback,,zufriedenheit_coach,4,2025-02-23T02:00:00Z
8208,50677,abschlussfeedback,,weiterempfehlung_grund,Ich hätte gern mehr Live-Termine.,2025-02-23T02:00:00Z
6825,50564,abschlussfeedback,,nps,10,2025-02-23T09:00:00Z
6826,50564,abschlussfeedback,,zufriedenheit_coach,4,2025-02-23T09:00:00Z
6827,50564,abschlussfeedback,,weiterempfehlung_grund,Der Coach erklärt super verständlich.,2025-02-23T09:00:00Z
270,50025,abschlussfeedback,,nps,9,2025-02-23T10:00:00Z
271,50025,abschlussfeedback,,zufriedenheit_coach,4,2025-02-23T10:00:00Z
272,50025,abschlussfeedback,,weiterempfehlung_grund,Ich fühle mich gut vorbereitet.,2025-02-23T10:00:00Z
5186,50440,abschlussfeedback,,nps,10,2025-02-23T22:00:00Z
5187,50440,abschlussfeedback,,zufriedenheit_coach,5,2025-02-23T22:00:00Z
5188,50440,abschlussfeedback,,weiterempfehlung_grund,"Top Inhalte, besonders das SQL-Modul.",2025-02-23T22:00:00Z
6945,50575,abschlussfeedback,,nps,8,2025-02-24T07:00:00Z
6946,50575,abschlussfeedback,,zufriedenheit_coach,3,2025-02-24T07:00:00Z
6947,50575,abschlussfeedback,,weiterempfehlung_grund,Der Coach erklärt super verständlich.,2025-02-24T07:00:00Z
458,50039,abschlussfeedback,,nps,10,2025-02-25T22:00:00Z
459,50039,abschlussfeedback,,zufriedenheit_coach,2,2025-02-25T22:00:00Z
460,50039,abschlussfeedback,,weiterempfehlung_grund,Aufgabenstellungen sind teilweise unklar formuliert.,2025-02-25T22:00:00Z
3871,50342,wochenfeedback,1,zufriedenheit_gesamt,3,2025-02-28T07:01:00Z
3872,50342,wochenfeedback,1,tempo,1,2025-02-28T07:01:00Z
1714,50153,wochenfeedback,13,zufriedenheit_gesamt,5,2025-02-28T07:49:00Z
1715,50153,wochenfeedback,13,tempo,3,2025-02-28T07:49:00Z
4582,50394,wochenfeedback,17,zufriedenheit_gesamt,2,2025-02-28T08:58:00Z
4583,50394,wochenfeedback,17,tempo,1,2025-02-28T08:58:00Z
4975,50428,wochenfeedback,1,zufriedenheit_gesamt,5,2025-02-28T09:23:00Z
4976,50428,wochenfeedback,1,tempo,4,2025-02-28T09:23:00Z
3743,50326,wochenfeedback,7,zufriedenheit_gesamt,4,2025-02-28T09:24:00Z
3744,50326,wochenfeedback,7,tempo,4,2025-02-28T09:24:00Z
152,50014,wochenfeedback,7,zufriedenheit_gesamt,4,2025-02-28T09:34:00Z
153,50014,wochenfeedback,7,tempo,3,2025-02-28T09:34:00Z
2269,50212,wochenfeedback,7,zufriedenheit_gesamt,5,2025-02-28T09:43:00Z
2270,50212,wochenfeedback,7,tempo,2,2025-02-28T09:43:00Z
7717,50630,wochenfeedback,1,zufriedenheit_gesamt,3,2025-02-28T10:05:00Z
7718,50630,wochenfeedback,1,tempo,1,2025-02-28T10:05:00Z
855,50078,wochenfeedback,5,zufriedenheit_gesamt,3,2025-02-28T10:24:00Z
856,50078,wochenfeedback,5,tempo,4,2025-02-28T10:24:00Z
1221,50113,wochenfeedback,1,zufriedenheit_gesamt,5,2025-02-28T10:58:00Z
1222,50113,wochenfeedback,1,tempo,1,2025-02-28T10:58:00Z
157,50015,wochenfeedback,1,zufriedenheit_gesamt,4,2025-02-28T11:21:00Z
158,50015,wochenfeedback,1,tempo,3,2025-02-28T11:21:00Z
2969,50276,wochenfeedback,5,zufriedenheit_gesamt,4,2025-02-28T11:53:00Z
2970,50276,wochenfeedback,5,tempo,4,2025-02-28T11:53:00Z
2902,50269,wochenfeedback,1,zufriedenheit_gesamt,3,2025-02-28T12:00:00Z
2903,50269,wochenfeedback,1,tempo,4,2025-02-28T12:00:00Z
2904,50269,wochenfeedback,1,freitext,<p>Insgesamt <strong>sehr zufrieden</strong>.</p>,2025-02-28T12:00:00Z
6710,50554,wochenfeedback,1,zufriedenheit_gesamt,5,2025-02-28T12:33:00Z
6711,50554,wochenfeedback,1,tempo,3,2025-02-28T12:33:00Z
6712,50554,wochenfeedback,1,freitext,Der Coach erklärt super verständlich.,2025-02-28T12:33:00Z
2965,50275,wochenfeedback,1,zufriedenheit_gesamt,2,2025-02-28T13:10:00Z
2966,50275,wochenfeedback,1,tempo,4,2025-02-28T13:10:00Z
4749,50403,wochenfeedback,7,zufriedenheit_gesamt,4,2025-02-28T13:19:00Z
4750,50403,wochenfeedback,7,tempo,2,2025-02-28T13:19:00Z
4464,50388,wochenfeedback,1,zufriedenheit_gesamt,5,2025-02-28T13:22:00Z
4465,50388,wochenfeedback,1,tempo,4,2025-02-28T13:22:00Z
5207,50442,wochenfeedback,1,zufriedenheit_gesamt,4,2025-02-28T15:19:00Z
5208,50442,wochenfeedback,1,tempo,4,2025-02-28T15:19:00Z
5209,50442,wochenfeedback,1,freitext,Ich fühle mich gut vorbereitet.,2025-02-28T15:19:00Z
7535,50620,wochenfeedback,25,zufriedenheit_gesamt,3,2025-02-28T15:53:00Z
7536,50620,wochenfeedback,25,tempo,3,2025-02-28T15:53:00Z
8098,50672,wochenfeedback,9,zufriedenheit_gesamt,4,2025-02-28T16:38:00Z
8099,50672,wochenfeedback,9,tempo,1,2025-02-28T16:38:00Z
7292,50608,wochenfeedback,1,zufriedenheit_gesamt,5,2025-02-28T16:46:00Z
7293,50608,wochenfeedback,1,tempo,3,2025-02-28T16:46:00Z
1621,50146,wochenfeedback,13,zufriedenheit_gesamt,5,2025-02-28T17:00:00Z
1622,50146,wochenfeedback,13,tempo,3,2025-02-28T17:00:00Z
3335,50302,wochenfeedback,1,zufriedenheit_gesamt,5,2025-02-28T18:25:00Z
3336,50302,wochenfeedback,1,tempo,3,2025-02-28T18:25:00Z
3163,50287,wochenfeedback,1,zufriedenheit_gesamt,5,2025-02-28T18:32:00Z
3164,50287,wochenfeedback,1,tempo,2,2025-02-28T18:32:00Z
3165,50287,wochenfeedback,1,freitext,"Sehr gute Betreuung, die Übungen sind praxisnah.",2025-02-28T18:32:00Z
6615,50549,wochenfeedback,9,zufriedenheit_gesamt,4,2025-02-28T18:32:00Z
6616,50549,wochenfeedback,9,tempo,3,2025-02-28T18:32:00Z
6617,50549,wochenfeedback,9,freitext,"Top Inhalte, besonders das SQL-Modul.",2025-02-28T18:32:00Z
2905,50269,wochenfeedback,2,zufriedenheit_gesamt,3,2025-03-07T07:13:00Z
2906,50269,wochenfeedback,2,tempo,1,2025-03-07T07:13:00Z
3039,50279,wochenfeedback,6,zufriedenheit_gesamt,5,2025-03-07T07:51:00Z
3040,50279,wochenfeedback,6,tempo,3,2025-03-07T07:51:00Z
3745,50326,abschlussfeedback,,nps,5,2025-03-07T08:00:00Z
3746,50326,abschlussfeedback,,zufriedenheit_coach,2,2025-03-07T08:00:00Z
3747,50326,abschlussfeedback,,weiterempfehlung_grund,"Sehr gute Betreuung, die Übungen sind praxisnah.",2025-03-07T08:00:00Z
1623,50146,wochenfeedback,14,zufriedenheit_gesamt,4,2025-03-07T09:18:00Z
1624,50146,wochenfeedback,14,tempo,5,2025-03-07T09:18:00Z
1625,50146,wochenfeedback,14,freitext,<p>Mehr Praxis bitte!</p>,2025-03-07T09:18:00Z
4751,50403,wochenfeedback,8,zufriedenheit_gesamt,2,2025-03-07T09:19:00Z
4752,50403,wochenfeedback,8,tempo,5,2025-03-07T09:19:00Z
3755,50328,wochenfeedback,6,zufriedenheit_gesamt,4,2025-03-07T09:28:00Z
3756,50328,wochenfeedback,6,tempo,5,2025-03-07T09:28:00Z
5572,50466,wochenfeedback,14,zufriedenheit_gesamt,5,2025-03-07T09:43:00Z
5573,50466,wochenfeedback,14,tempo,3,2025-03-07T09:43:00Z
692,50066,wochenfeedback,2,zufriedenheit_gesamt,5,2025-03-07T10:03:00Z
693,50066,wochenfeedback,2,tempo,1,2025-03-07T10:03:00Z
4389,50380,wochenfeedback,8,zufriedenheit_gesamt,4,2025-03-07T10:04:00Z
4390,50380,wochenfeedback,8,tempo,3,2025-03-07T10:04:00Z
2971,50276,wochenfeedback,6,zufriedenheit_gesamt,5,2025-03-07T10:17:00Z
2972,50276,wochenfeedback,6,tempo,3,2025-03-07T10:17:00Z
7249,50601,wochenfeedback,10,zufriedenheit_gesamt,4,2025-03-07T10:55:00Z
7250,50601,wochenfeedback,10,tempo,2,2025-03-07T10:55:00Z
7251,50601,wochenfeedback,10,freitext,Ich fühle mich gut vorbereitet.,2025-03-07T10:55:00Z
227,50019,wochenfeedback,2,zufriedenheit_gesamt,4,2025-03-07T11:53:00Z
228,50019,wochenfeedback,2,tempo,4,2025-03-07T11:53:00Z
6713,50554,wochenfeedback,2,zufriedenheit_gesamt,4,2025-03-07T11:58:00Z
6714,50554,wochenfeedback,2,tempo,3,2025-03-07T11:58:00Z
714,50067,wochenfeedback,2,zufriedenheit_gesamt,5,2025-03-07T12:06:00Z
715,50067,wochenfeedback,2,tempo,3,2025-03-07T12:06:00Z
7719,50630,wochenfeedback,2,zufriedenheit_gesamt,4,2025-03-07T12:15:00Z
7720,50630,wochenfeedback,2,tempo,5,2025-03-07T12:15:00Z
7721,50630,wochenfeedback,2,freitext,"Tempo passt für mich, gerne mehr Praxisbeispiele.",2025-03-07T12:15:00Z
1870,50167,wochenfeedback,2,zufriedenheit_gesamt,5,2025-03-07T12:24:00Z
1871,50167,wochenfeedback,2,tempo,2,2025-03-07T12:24:00Z
1223,50113,wochenfeedback,2,zufriedenheit_gesamt,5,2025-03-07T12:48:00Z
1224,50113,wochenfeedback,2,tempo,4,2025-03-07T12:48:00Z
5587,50468,wochenfeedback,14,zufriedenheit_gesamt,3,2025-03-07T13:18:00Z
5588,50468,wochenfeedback,14,tempo,4,2025-03-07T13:18:00Z
5589,50468,wochenfeedback,14,freitext,Ich hätte gern mehr Live-Termine.,2025-03-07T13:18:00Z
4285,50375,wochenfeedback,2,zufriedenheit_gesamt,3,2025-03-07T13:46:00Z
4286,50375,wochenfeedback,2,tempo,3,2025-03-07T13:46:00Z
3337,50302,wochenfeedback,2,zufriedenheit_gesamt,3,2025-03-07T14:05:00Z
3338,50302,wochenfeedback,2,tempo,2,2025-03-07T14:05:00Z
3339,50302,wochenfeedback,2,freitext,Aufgabenstellungen sind teilweise unklar formuliert.,2025-03-07T14:05:00Z
3166,50287,wochenfeedback,2,zufriedenheit_gesamt,4,2025-03-07T14:16:00Z
3167,50287,wochenfeedback,2,tempo,1,2025-03-07T14:16:00Z
5210,50442,wochenfeedback,2,zufriedenheit_gesamt,2,2025-03-07T14:16:00Z
5211,50442,wochenfeedback,2,tempo,3,2025-03-07T14:16:00Z
1262,50116,wochenfeedback,10,zufriedenheit_gesamt,5,2025-03-07T14:34:00Z
1263,50116,wochenfeedback,10,tempo,3,2025-03-07T14:34:00Z
1264,50116,wochenfeedback,10,freitext,"Tempo passt für mich, gerne mehr Praxisbeispiele.",2025-03-07T14:34:00Z
6276,50519,wochenfeedback,10,zufriedenheit_gesamt,5,2025-03-07T14:40:00Z
6277,50519,wochenfeedback,10,tempo,3,2025-03-07T14:40:00Z
6278,50519,wochenfeedback,10,freitext,"Top Inhalte, besonders das SQL-Modul.",2025-03-07T14:40:00Z
6808,50563,wochenfeedback,18,zufriedenheit_gesamt,5,2025-03-07T14:44:00Z
6809,50563,wochenfeedback,18,tempo,3,2025-03-07T14:44:00Z
4977,50428,wochenfeedback,2,zufriedenheit_gesamt,4,2025-03-07T15:38:00Z
4978,50428,wochenfeedback,2,tempo,3,2025-03-07T15:38:00Z
7294,50608,wochenfeedback,2,zufriedenheit_gesamt,3,2025-03-07T15:48:00Z
7295,50608,wochenfeedback,2,tempo,2,2025-03-07T15:48:00Z
4466,50388,wochenfeedback,2,zufriedenheit_gesamt,3,2025-03-07T15:59:00Z
4467,50388,wochenfeedback,2,tempo,3,2025-03-07T15:59:00Z
4468,50388,wochenfeedback,2,freitext,Aufgabenstellungen sind teilweise unklar formuliert.,2025-03-07T15:59:00Z
5004,50429,wochenfeedback,10,zufriedenheit_gesamt,2,2025-03-07T16:01:00Z
5005,50429,wochenfeedback,10,tempo,4,2025-03-07T16:01:00Z
5006,50429,wochenfeedback,10,freitext,Ich hätte gern mehr Live-Termine.,2025-03-07T16:01:00Z
7327,50611,wochenfeedback,2,zufriedenheit_gesamt,5,2025-03-07T16:04:00Z
7328,50611,wochenfeedback,2,tempo,3,2025-03-07T16:04:00Z
4339,50379,wochenfeedback,10,zufriedenheit_gesamt,4,2025-03-07T16:08:00Z
4340,50379,wochenfeedback,10,tempo,3,2025-03-07T16:08:00Z
4341,50379,wochenfeedback,10,freitext,"Sehr gute Betreuung, die Übungen sind praxisnah.",2025-03-07T16:08:00Z
3687,50323,wochenfeedback,2,zufriedenheit_gesamt,2,2025-03-07T17:10:00Z
3688,50323,wochenfeedback,2,tempo,4,2025-03-07T17:10:00Z
6536,50540,wochenfeedback,2,zufriedenheit_gesamt,4,2025-03-07T17:15:00Z
6537,50540,wochenfeedback,2,tempo,3,2025-03-07T17:15:00Z
6538,50540,wochenfeedback,2,freitext,Ich fühle mich gut vorbereitet.,2025-03-07T17:15:00Z
5513,50460,wochenfeedback,14,zufriedenheit_gesamt,5,2025-03-07T17:33:00Z
5514,50460,wochenfeedback,14,tempo,4,2025-03-07T17:33:00Z
3364,50303,wochenfeedback,26,zufriedenheit_gesamt,4,2025-03-07T17:39:00Z
3365,50303,wochenfeedback,26,tempo,3,2025-03-07T17:39:00Z
4961,50427,wochenfeedback,6,zufriedenheit_gesamt,5,2025-03-07T18:02:00Z
4962,50427,wochenfeedback,6,tempo,3,2025-03-07T18:02:00Z
7652,50625,wochenfeedback,2,zufriedenheit_gesamt,2,2025-03-07T18:21:00Z
7653,50625,wochenfeedback,2,tempo,5,2025-03-07T18:21:00Z
7654,50625,wochenfeedback,2,freitext,<p>Mehr Praxis bitte!</p>,2025-03-07T18:21:00Z
3285,50297,wochenfeedback,2,zufriedenheit_gesamt,4,2025-03-07T18:43:00Z
3286,50297,wochenfeedback,2,tempo,2,2025-03-07T18:43:00Z
6738,50556,abschlussfeedback,,nps,8,2025-03-09T20:00:00Z
6739,50556,abschlussfeedback,,zufriedenheit_coach,5,2025-03-09T20:00:00Z
6740,50556,abschlussfeedback,,weiterempfehlung_grund,Die Plattform hatte diese Woche mehrfach Ausfälle.,2025-03-09T20:00:00Z
1614,50145,abschlussfeedback,,nps,5,2025-03-11T00:00:00Z
1615,50145,abschlussfeedback,,zufriedenheit_coach,4,2025-03-11T00:00:00Z
1616,50145,abschlussfeedback,,weiterempfehlung_grund,Der Coach erklärt super verständlich.,2025-03-11T00:00:00Z
6689,50552,wochenfeedback,3,zufriedenheit_gesamt,4,2025-03-14T07:03:00Z
6690,50552,wochenfeedback,3,tempo,4,2025-03-14T07:03:00Z
6691,50552,wochenfeedback,3,freitext,"Sehr gute Betreuung, die Übungen sind praxisnah.",2025-03-14T07:03:00Z
7296,50608,wochenfeedback,3,zufriedenheit_gesamt,5,2025-03-14T07:28:00Z
7297,50608,wochenfeedback,3,tempo,4,2025-03-14T07:28:00Z
7298,50608,wochenfeedback,3,freitext,"Top Inhalte, besonders das SQL-Modul.",2025-03-14T07:28:00Z
2557,50236,wochenfeedback,7,zufriedenheit_gesamt,5,2025-03-14T07:45:00Z
2558,50236,wochenfeedback,7,tempo,4,2025-03-14T07:45:00Z
6715,50554,wochenfeedback,3,zufriedenheit_gesamt,5,2025-03-14T08:16:00Z
6716,50554,wochenfeedback,3,tempo,3,2025-03-14T08:16:00Z
6717,50554,wochenfeedback,3,freitext,"Sehr gute Betreuung, die Übungen sind praxisnah.",2025-03-14T08:16:00Z
7329,50611,wochenfeedback,3,zufriedenheit_gesamt,4,2025-03-14T08:18:00Z
7330,50611,wochenfeedback,3,tempo,4,2025-03-14T08:18:00Z
4469,50388,wochenfeedback,3,zufriedenheit_gesamt,5,2025-03-14T08:32:00Z
4470,50388,wochenfeedback,3,tempo,4,2025-03-14T08:32:00Z
3449,50304,wochenfeedback,11,zufriedenheit_gesamt,5,2025-03-14T08:42:00Z
3450,50304,wochenfeedback,11,tempo,3,2025-03-14T08:42:00Z
3873,50342,wochenfeedback,3,zufriedenheit_gesamt,4,2025-03-14T08:53:00Z
3874,50342,wochenfeedback,3,tempo,5,2025-03-14T08:53:00Z
3875,50342,wochenfeedback,3,freitext,Die Live-Sessions sind Gold wert.,2025-03-14T08:53:00Z
159,50015,wochenfeedback,3,zufriedenheit_gesamt,3,2025-03-14T09:09:00Z
160,50015,wochenfeedback,3,tempo,3,2025-03-14T09:09:00Z
229,50019,wochenfeedback,3,zufriedenheit_gesamt,2,2025-03-14T10:02:00Z
230,50019,wochenfeedback,3,tempo,3,2025-03-14T10:02:00Z
1225,50113,wochenfeedback,3,zufriedenheit_gesamt,5,2025-03-14T10:49:00Z
1226,50113,wochenfeedback,3,tempo,3,2025-03-14T10:49:00Z
3366,50303,wochenfeedback,27,zufriedenheit_gesamt,4,2025-03-14T11:24:00Z
3367,50303,wochenfeedback,27,tempo,3,2025-03-14T11:24:00Z
3818,50333,wochenfeedback,7,zufriedenheit_gesamt,2,2025-03-14T13:29:00Z
3819,50333,wochenfeedback,7,tempo,4,2025-03-14T13:29:00Z
3820,50333,wochenfeedback,7,freitext,Ich hätte gern mehr Live-Termine.,2025-03-14T13:29:00Z
2271,50212,wochenfeedback,9,zufriedenheit_gesamt,5,2025-03-14T13:33:00Z
2272,50212,wochenfeedback,9,tempo,3,2025-03-14T13:33:00Z
2273,50212,wochenfeedback,9,freitext,<p>Insgesamt <strong>sehr zufrieden</strong>.</p>,2025-03-14T13:33:00Z
7655,50625,wochenfeedback,3,zufriedenheit_gesamt,4,2025-03-14T13:52:00Z
7656,50625,wochenfeedback,3,tempo,3,2025-03-14T13:52:00Z
5515,50460,wochenfeedback,15,zufriedenheit_gesamt,3,2025-03-14T14:07:00Z
5516,50460,wochenfeedback,15,tempo,4,2025-03-14T14:07:00Z
4521,50391,wochenfeedback,3,zufriedenheit_gesamt,4,2025-03-14T14:30:00Z
4522,50391,wochenfeedback,3,tempo,2,2025-03-14T14:30:00Z
7722,50630,wochenfeedback,3,zufriedenheit_gesamt,5,2025-03-14T14:50:00Z
7723,50630,wochenfeedback,3,tempo,1,2025-03-14T14:50:00Z
6618,50549,wochenfeedback,11,zufriedenheit_gesamt,3,2025-03-14T15:02:00Z
6619,50549,wochenfeedback,11,tempo,3,2025-03-14T15:02:00Z
2859,50259,wochenfeedback,19,zufriedenheit_gesamt,4,2025-03-14T15:06:00Z
2860,50259,wochenfeedback,19,tempo,1,2025-03-14T15:06:00Z
2861,50259,wochenfeedback,19,freitext,Die Live-Sessions sind Gold wert.,2025-03-14T15:06:00Z
4139,50366,wochenfeedback,19,zufriedenheit_gesamt,4,2025-03-14T15:06:00Z
4140,50366,wochenfeedback,19,tempo,3,2025-03-14T15:06:00Z
4141,50366,wochenfeedback,19,freitext,"Tempo passt für mich, gerne mehr Praxisbeispiele.",2025-03-14T15:06:00Z
4818,50409,wochenfeedback,19,zufriedenheit_gesamt,5,2025-03-14T15:10:00Z
4819,50409,wochenfeedback,19,tempo,3,2025-03-14T15:10:00Z
6200,50512,wochenfeedback,3,zufriedenheit_gesamt,3,2025-03-14T15:37:00Z
6201,50512,wochenfeedback,3,tempo,3,2025-03-14T15:37:00Z
1872,50167,wochenfeedback,3,zufriedenheit_gesamt,4,2025-03-14T15:41:00Z
1873,50167,wochenfeedback,3,tempo,1,2025-03-14T15:41:00Z
4263,50373,wochenfeedback,11,zufriedenheit_gesamt,5,2025-03-14T15:44:00Z
4264,50373,wochenfeedback,11,tempo,3,2025-03-14T15:44:00Z
6539,50540,wochenfeedback,3,zufriedenheit_gesamt,3,2025-03-14T16:55:00Z
6540,50540,wochenfeedback,3,tempo,3,2025-03-14T16:55:00Z
3056,50280,wochenfeedback,3,zufriedenheit_gesamt,4,2025-03-14T17:13:00Z
3057,50280,wochenfeedback,3,tempo,3,2025-03-14T17:13:00Z
3058,50280,wochenfeedback,3,freitext,<p>Insgesamt <strong>sehr zufrieden</strong>.</p>,2025-03-14T17:13:00Z
3287,50297,wochenfeedback,3,zufriedenheit_gesamt,1,2025-03-14T17:41:00Z
3288,50297,wochenfeedback,3,tempo,4,2025-03-14T17:41:00Z
5881,50487,wochenfeedback,7,zufriedenheit_gesamt,5,2025-03-14T18:24:00Z
5882,50487,wochenfeedback,7,tempo,5,2025-03-14T18:24:00Z
694,50066,wochenfeedback,3,zufriedenheit_gesamt,5,2025-03-14T18:37:00Z
695,50066,wochenfeedback,3,tempo,3,2025-03-14T18:37:00Z
7892,50648,abschlussfeedback,,nps,5,2025-03-17T03:00:00Z
7893,50648,abschlussfeedback,,zufriedenheit_coach,4,2025-03-17T03:00:00Z
7894,50648,abschlussfeedback,,weiterempfehlung_grund,Ich fühle mich gut vorbereitet.,2025-03-17T03:00:00Z
5121,50436,abschlussfeedback,,nps,8,2025-03-18T23:00:00Z
5122,50436,abschlussfeedback,,zufriedenheit_coach,5,2025-03-18T23:00:00Z
5123,50436,abschlussfeedback,,weiterempfehlung_grund,Ich hätte gern mehr Live-Termine.,2025-03-18T23:00:00Z
2862,50259,abschlussfeedback,,nps,5,2025-03-19T22:00:00Z
2863,50259,abschlussfeedback,,zufriedenheit_coach,2,2025-03-19T22:00:00Z
2864,50259,abschlussfeedback,,weiterempfehlung_grund,Aufgabenstellungen sind teilweise unklar formuliert.,2025-03-19T22:00:00Z
2907,50269,wochenfeedback,4,zufriedenheit_gesamt,4,2025-03-21T07:24:00Z
2908,50269,wochenfeedback,4,tempo,5,2025-03-21T07:24:00Z
1265,50116,wochenfeedback,12,zufriedenheit_gesamt,4,2025-03-21T07:50:00Z
1266,50116,wochenfeedback,12,tempo,4,2025-03-21T07:50:00Z
3451,50304,wochenfeedback,12,zufriedenheit_gesamt,5,2025-03-21T08:04:00Z
3452,50304,wochenfeedback,12,tempo,4,2025-03-21T08:04:00Z
3453,50304,wochenfeedback,12,freitext,"<p>Die Videos sind gut, aber die Quizze sind zu leicht.</p>",2025-03-21T08:04:00Z
6373,50529,wochenfeedback,12,zufriedenheit_gesamt,4,2025-03-21T08:22:00Z
6374,50529,wochenfeedback,12,tempo,3,2025-03-21T08:22:00Z
6375,50529,wochenfeedback,12,freitext,Ich fühle mich gut vorbereitet.,2025-03-21T08:22:00Z
4584,50394,wochenfeedback,20,zufriedenheit_gesamt,3,2025-03-21T09:00:00Z
4585,50394,wochenfeedback,20,tempo,3,2025-03-21T09:00:00Z
7100,50588,wochenfeedback,16,zufriedenheit_gesamt,5,2025-03-21T09:32:00Z
7101,50588,wochenfeedback,16,tempo,4,2025-03-21T09:32:00Z
7102,50588,wochenfeedback,16,freitext,"Sehr gute Betreuung, die Übungen sind praxisnah.",2025-03-21T09:32:00Z
1874,50167,wochenfeedback,4,zufriedenheit_gesamt,4,2025-03-21T09:45:00Z
1875,50167,wochenfeedback,4,tempo,4,2025-03-21T09:45:00Z
5023,50430,wochenfeedback,20,zufriedenheit_gesamt,4,2025-03-21T10:10:00Z
5024,50430,wochenfeedback,20,tempo,5,2025-03-21T10:10:00Z
4265,50373,wochenfeedback,12,zufriedenheit_gesamt,5,2025-03-21T10:18:00Z
4266,50373,wochenfeedback,12,tempo,2,2025-03-21T10:18:00Z
7624,50623,wochenfeedback,12,zufriedenheit_gesamt,1,2025-03-21T10:35:00Z
7625,50623,wochenfeedback,12,tempo,5,2025-03-21T10:35:00Z
5558,50465,wochenfeedback,8,zufriedenheit_gesamt,4,2025-03-21T10:48:00Z
5559,50465,wochenfeedback,8,tempo,5,2025-03-21T10:48:00Z
5560,50465,wochenfeedback,8,freitext,"Tempo passt für mich, gerne mehr Praxisbeispiele.",2025-03-21T10:48:00Z
7331,50611,wochenfeedback,4,zufriedenheit_gesamt,4,2025-03-21T10:57:00Z
7332,50611,wochenfeedback,4,tempo,3,2025-03-21T10:57:00Z
7333,50611,wochenfeedback,4,freitext,Ich fühle mich gut vorbereitet.,2025-03-21T10:57:00Z
1626,50146,wochenfeedback,16,zufriedenheit_gesamt,4,2025-03-21T11:09:00Z
1627,50146,wochenfeedback,16,tempo,3,2025-03-21T11:09:00Z
1628,50146,wochenfeedback,16,freitext,Der Coach erklärt super verständlich.,2025-03-21T11:09:00Z
5007,50429,wochenfeedback,12,zufriedenheit_gesamt,5,2025-03-21T11:13:00Z
5008,50429,wochenfeedback,12,tempo,4,2025-03-21T11:13:00Z
3289,50297,wochenfeedback,4,zufriedenheit_gesamt,4,2025-03-21T11:18:00Z
3290,50297,wochenfeedback,4,tempo,3,2025-03-21T11:18:00Z
8267,50685,wochenfeedback,10,zufriedenheit_gesamt,4,2025-03-21T11:44:00Z
8268,50685,wochenfeedback,10,tempo,4,2025-03-21T11:44:00Z
4753,50403,wochenfeedback,10,zufriedenheit_gesamt,4,2025-03-21T12:49:00Z
4754,50403,wochenfeedback,10,tempo,3,2025-03-21T12:49:00Z
7299,50608,wochenfeedback,4,zufriedenheit_gesamt,5,2025-03-21T12:52:00Z
7300,50608,wochenfeedback,4,tempo,3,2025-03-21T12:52:00Z
5574,50466,wochenfeedback,16,zufriedenheit_gesamt,5,2025-03-21T12:54:00Z
5575,50466,wochenfeedback,16,tempo,4,2025-03-21T12:54:00Z
5576,50466,wochenfeedback,16,freitext,"Tempo passt für mich, gerne mehr Praxisbeispiele.",2025-03-21T12:54:00Z
3168,50287,wochenfeedback,4,zufriedenheit_gesamt,4,2025-03-21T14:15:00Z
3169,50287,wochenfeedback,4,tempo,3,2025-03-21T14:15:00Z
5776,50481,wochenfeedback,16,zufriedenheit_gesamt,5,2025-03-21T15:15:00Z
5777,50481,wochenfeedback,16,tempo,2,2025-03-21T15:15:00Z
7150,50596,wochenfeedback,12,zufriedenheit_gesamt,2,2025-03-21T15:21:00Z
7151,50596,wochenfeedback,12,tempo,3,2025-03-21T15:21:00Z
7152,50596,wochenfeedback,12,freitext,Aufgabenstellungen sind teilweise unklar formuliert.,2025-03-21T15:21:00Z
5291,50449,wochenfeedback,4,zufriedenheit_gesamt,4,2025-03-21T16:25:00Z
5292,50449,wochenfeedback,4,tempo,5,2025-03-21T16:25:00Z
5293,50449,wochenfeedback,4,freitext,"Top Inhalte, besonders das SQL-Modul.",2025-03-21T16:25:00Z
4142,50366,wochenfeedback,20,zufriedenheit_gesamt,2,2025-03-21T16:37:00Z
4143,50366,wochenfeedback,20,tempo,3,2025-03-21T16:37:00Z
4144,50366,wochenfeedback,20,freitext,"Das Tempo ist mir zu hoch, ich komme kaum hinterher.",2025-03-21T16:37:00Z
996,50094,wochenfeedback,16,zufriedenheit_gesamt,4,2025-03-21T17:06:00Z
997,50094,wochenfeedback,16,tempo,2,2025-03-21T17:06:00Z
4820,50409,wochenfeedback,20,zufriedenheit_gesamt,4,2025-03-21T17:30:00Z
4821,50409,wochenfeedback,20,tempo,2,2025-03-21T17:30:00Z
5611,50471,wochenfeedback,10,zufriedenheit_gesamt,5,2025-03-21T17:44:00Z
5612,50471,wochenfeedback,10,tempo,4,2025-03-21T17:44:00Z
2973,50276,wochenfeedback,8,zufriedenheit_gesamt,4,2025-03-21T17:48:00Z
2974,50276,wochenfeedback,8,tempo,4,2025-03-21T17:48:00Z
2975,50276,wochenfeedback,8,freitext,Ich fühle mich gut vorbereitet.,2025-03-21T17:48:00Z
3689,50323,wochenfeedback,4,zufriedenheit_gesamt,5,2025-03-21T17:56:00Z
3690,50323,wochenfeedback,4,tempo,2,2025-03-21T17:56:00Z
3691,50323,wochenfeedback,4,freitext,"Top Inhalte, besonders das SQL-Modul.",2025-03-21T17:56:00Z
3974,50347,wochenfeedback,20,zufriedenheit_gesamt,4,2025-03-21T18:14:00Z
3975,50347,wochenfeedback,20,tempo,1,2025-03-21T18:14:00Z
3041,50279,wochenfeedback,8,zufriedenheit_gesamt,5,2025-03-21T18:21:00Z
3042,50279,wochenfeedback,8,tempo,3,2025-03-21T18:21:00Z
3043,50279,wochenfeedback,8,freitext,<p>Insgesamt <strong>sehr zufrieden</strong>.</p>,2025-03-21T18:21:00Z
2621,50239,wochenfeedback,4,zufriedenheit_gesamt,5,2025-03-21T18:41:00Z
2622,50239,wochenfeedback,4,tempo,4,2025-03-21T18:41:00Z
5590,50468,wochenfeedback,16,zufriedenheit_gesamt,4,2025-03-21T18:47:00Z
5591,50468,wochenfeedback,16,tempo,4,2025-03-21T18:47:00Z
5212,50442,wochenfeedback,4,zufriedenheit_gesamt,2,2025-03-21T18:56:00Z
5213,50442,wochenfeedback,4,tempo,1,2025-03-21T18:56:00Z
1066,50095,abschlussfeedback,,nps,8,2025-03-22T01:00:00Z
1067,50095,abschlussfeedback,,zufriedenheit_coach,4,2025-03-22T01:00:00Z
1068,50095,abschlussfeedback,,weiterempfehlung_grund,"Top Inhalte, besonders das SQL-Modul.",2025-03-22T01:00:00Z
1084,50098,abschlussfeedback,,nps,7,2025-03-22T18:00:00Z
1085,50098,abschlussfeedback,,zufriedenheit_coach,2,2025-03-22T18:00:00Z
1086,50098,abschlussfeedback,,weiterempfehlung_grund,"Tempo passt für mich, gerne mehr Praxisbeispiele.",2025-03-22T18:00:00Z
5110,50435,abschlussfeedback,,nps,4,2025-03-23T06:00:00Z
5111,50435,abschlussfeedback,,zufriedenheit_coach,4,2025-03-23T06:00:00Z
5112,50435,abschlussfeedback,,weiterempfehlung_grund,Die Live-Sessions sind Gold wert.,2025-03-23T06:00:00Z
857,50078,abschlussfeedback,,nps,7,2025-03-23T21:00:00Z
858,50078,abschlussfeedback,,zufriedenheit_coach,4,2025-03-23T21:00:00Z
859,50078,abschlussfeedback,,weiterempfehlung_grund,Ich hätte gern mehr Live-Termine.,2025-03-23T21:00:00Z
5561,50465,abschlussfeedback,,nps,8,2025-03-27T05:00:00Z
5562,50465,abschlussfeedback,,zufriedenheit_coach,4,2025-03-27T05:00:00Z
5563,50465,abschlussfeedback,,weiterempfehlung_grund,"Das Tempo ist mir zu hoch, ich komme kaum hinterher.",2025-03-27T05:00:00Z
628,50060,wochenfeedback,1,zufriedenheit_gesamt,5,2025-03-28T07:04:00Z
629,50060,wochenfeedback,1,tempo,3,2025-03-28T07:04:00Z
3861,50339,wochenfeedback,9,zufriedenheit_gesamt,4,2025-03-28T07:22:00Z
3862,50339,wochenfeedback,9,tempo,4,2025-03-28T07:22:00Z
2559,50236,wochenfeedback,9,zufriedenheit_gesamt,2,2025-03-28T08:20:00Z
2560,50236,wochenfeedback,9,tempo,4,2025-03-28T08:20:00Z
7626,50623,wochenfeedback,13,zufriedenheit_gesamt,1,2025-03-28T08:33:00Z
7627,50623,wochenfeedback,13,tempo,3,2025-03-28T08:33:00Z
1238,50114,wochenfeedback,1,zufriedenheit_gesamt,2,2025-03-28T09:52:00Z
1239,50114,wochenfeedback,1,tempo,3,2025-03-28T09:52:00Z
5517,50460,wochenfeedback,17,zufriedenheit_gesamt,5,2025-03-28T09:59:00Z
5518,50460,wochenfeedback,17,tempo,3,2025-03-28T09:59:00Z
5519,50460,wochenfeedback,17,freitext,Die Live-Sessions sind Gold wert.,2025-03-28T09:59:00Z
7334,50611,wochenfeedback,5,zufriedenheit_gesamt,4,2025-03-28T10:28:00Z
7335,50611,wochenfeedback,5,tempo,4,2025-03-28T10:28:00Z
7252,50601,wochenfeedback,13,zufriedenheit_gesamt,2,2025-03-28T10:39:00Z
7253,50601,wochenfeedback,13,tempo,5,2025-03-28T10:39:00Z
7254,50601,wochenfeedback,13,freitext,Zu wenig Feedback zu den Abgaben.,2025-03-28T10:39:00Z
231,50019,wochenfeedback,5,zufriedenheit_gesamt,2,2025-03-28T10:42:00Z
232,50019,wochenfeedback,5,tempo,2,2025-03-28T10:42:00Z
4342,50379,wochenfeedback,13,zufriedenheit_gesamt,4,2025-03-28T11:41:00Z
4343,50379,wochenfeedback,13,tempo,1,2025-03-28T11:41:00Z
5396,50452,wochenfeedback,11,zufriedenheit_gesamt,4,2025-03-28T11:49:00Z
5397,50452,wochenfeedback,11,tempo,3,2025-03-28T11:49:00Z
5398,50452,wochenfeedback,11,freitext,Die Live-Sessions sind Gold wert.,2025-03-28T11:49:00Z
7738,50631,wochenfeedback,9,zufriedenheit_gesamt,5,2025-03-28T13:08:00Z
7739,50631,wochenfeedback,9,tempo,3,2025-03-28T13:08:00Z
6920,50573,wochenfeedback,1,zufriedenheit_gesamt,2,2025-03-28T13:33:00Z
6921,50573,wochenfeedback,1,tempo,5,2025-03-28T13:33:00Z
6922,50573,wochenfeedback,1,freitext,Aufgabenstellungen sind teilweise unklar formuliert.,2025-03-28T13:33:00Z
3044,50279,wochenfeedback,9,zufriedenheit_gesamt,5,2025-03-28T13:57:00Z
3045,50279,wochenfeedback,9,tempo,4,2025-03-28T13:57:00Z
3046,50279,wochenfeedback,9,freitext,Die Live-Sessions sind Gold wert.,2025-03-28T13:57:00Z
1267,50116,wochenfeedback,13,zufriedenheit_gesamt,5,2025-03-28T14:15:00Z
1268,50116,wochenfeedback,13,tempo,4,2025-03-28T14:15:00Z
1269,50116,wochenfeedback,13,freitext,"Tempo passt für mich, gerne mehr Praxisbeispiele.",2025-03-28T14:15:00Z
6855,50567,wochenfeedback,1,zufriedenheit_gesamt,4,2025-03-28T14:18:00Z
6856,50567,wochenfeedback,1,tempo,3,2025-03-28T14:18:00Z
6857,50567,wochenfeedback,1,freitext,"Top Inhalte, besonders das SQL-Modul.",2025-03-28T14:18:00Z
804,50074,wochenfeedback,5,zufriedenheit_gesamt,4,2025-03-28T14:42:00Z
805,50074,wochenfeedback,5,tempo,2,2025-03-28T14:42:00Z
2623,50239,wochenfeedback,5,zufriedenheit_gesamt,4,2025-03-28T14:54:00Z
2624,50239,wochenfeedback,5,tempo,5,2025-03-28T14:54:00Z
5592,50468,wochenfeedback,17,zufriedenheit_gesamt,5,2025-03-28T16:01:00Z
5593,50468,wochenfeedback,17,tempo,3,2025-03-28T16:01:00Z
1592,50144,wochenfeedback,1,zufriedenheit_gesamt,4,2025-03-28T16:13:00Z
1593,50144,wochenfeedback,1,tempo,5,2025-03-28T16:13:00Z
6202,50512,wochenfeedback,5,zufriedenheit_gesamt,3,2025-03-28T16:26:00Z
6203,50512,wochenfeedback,5,tempo,3,2025-03-28T16:26:00Z
6204,50512,wochenfeedback,5,freitext,Aufgabenstellungen sind teilweise unklar formuliert.,2025-03-28T16:26:00Z
5294,50449,wochenfeedback,5,zufriedenheit_gesamt,5,2025-03-28T16:50:00Z
5295,50449,wochenfeedback,5,tempo,3,2025-03-28T16:50:00Z
1629,50146,wochenfeedback,17,zufriedenheit_gesamt,2,2025-03-28T17:06:00Z
1630,50146,wochenfeedback,17,tempo,3,2025-03-28T17:06:00Z
7904,50650,wochenfeedback,1,zufriedenheit_gesamt,1,2025-03-28T17:27:00Z
7905,50650,wochenfeedback,1,tempo,5,2025-03-28T17:27:00Z
7906,50650,wochenfeedback,1,freitext,Die Plattform hatte diese Woche mehrfach Ausfälle.,2025-03-28T17:27:00Z
5025,50430,wochenfeedback,21,zufriedenheit_gesamt,3,2025-03-28T17:35:00Z
5026,50430,wochenfeedback,21,tempo,3,2025-03-28T17:35:00Z
5027,50430,wochenfeedback,21,freitext,Aufgabenstellungen sind teilweise unklar formuliert.,2025-03-28T17:35:00Z
6056,50501,wochenfeedback,13,zufriedenheit_gesamt,3,2025-03-28T17:49:00Z
6057,50501,wochenfeedback,13,tempo,1,2025-03-28T17:49:00Z
3170,50287,wochenfeedback,5,zufriedenheit_gesamt,4,2025-03-28T18:42:00Z
3171,50287,wochenfeedback,5,tempo,3,2025-03-28T18:42:00Z
2274,50212,abschlussfeedback,,nps,7,2025-03-30T02:00:00Z
2275,50212,abschlussfeedback,,zufriedenheit_coach,5,2025-03-30T02:00:00Z
2276,50212,abschlussfeedback,,weiterempfehlung_grund,Der Coach erklärt super verständlich.,2025-03-30T02:00:00Z
3821,50333,abschlussfeedback,,nps,8,2025-03-31T01:00:00Z
3822,50333,abschlussfeedback,,zufriedenheit_coach,5,2025-03-31T01:00:00Z
3823,50333,abschlussfeedback,,weiterempfehlung_grund,Die Plattform hatte diese Woche mehrfach Ausfälle.,2025-03-31T01:00:00Z
4391,50380,abschlussfeedback,,nps,9,2025-04-02T04:00:00Z
4392,50380,abschlussfeedback,,zufriedenheit_coach,3,2025-04-02T04:00:00Z
4393,50380,abschlussfeedback,,weiterempfehlung_grund,"Tempo passt für mich, gerne mehr Praxisbeispiele.",2025-04-02T04:00:00Z
4755,50403,abschlussfeedback,,nps,9,2025-04-03T20:00:00Z
4756,50403,abschlussfeedback,,zufriedenheit_coach,5,2025-04-03T20:00:00Z
4757,50403,abschlussfeedback,,weiterempfehlung_grund,Aufgabenstellungen sind teilweise unklar formuliert.,2025-04-03T20:00:00Z
5613,50471,abschlussfeedback,,nps,8,2025-04-04T05:00:00Z
5614,50471,abschlussfeedback,,zufriedenheit_coach,2,2025-04-04T05:00:00Z
5615,50471,abschlussfeedback,,weiterempfehlung_grund,Ich fühle mich gut vorbereitet.,2025-04-04T05:00:00Z
5296,50449,wochenfeedback,6,zufriedenheit_gesamt,5,2025-04-04T06:46:00Z
5297,50449,wochenfeedback,6,tempo,3,2025-04-04T06:46:00Z
5298,50449,wochenfeedback,6,freitext,<p>Insgesamt <strong>sehr zufrieden</strong>.</p>,2025-04-04T06:46:00Z
7301,50608,wochenfeedback,6,zufriedenheit_gesamt,4,2025-04-04T07:40:00Z
7302,50608,wochenfeedback,6,tempo,4,2025-04-04T07:40:00Z
7303,50608,wochenfeedback,6,freitext,<p>Insgesamt <strong>sehr zufrieden</strong>.</p>,2025-04-04T07:40:00Z
2561,50236,wochenfeedback,10,zufriedenheit_gesamt,5,2025-04-04T07:54:00Z
2562,50236,wochenfeedback,10,tempo,4,2025-04-04T07:54:00Z
2563,50236,wochenfeedback,10,freitext,"Top Inhalte, besonders das SQL-Modul.",2025-04-04T07:54:00Z
604,50059,wochenfeedback,22,zufriedenheit_gesamt,2,2025-04-04T08:02:00Z
605,50059,wochenfeedback,22,tempo,4,2025-04-04T08:02:00Z
7724,50630,wochenfeedback,6,zufriedenheit_gesamt,4,2025-04-04T08:03:00Z
7725,50630,wochenfeedback,6,tempo,4,2025-04-04T08:03:00Z
7726,50630,wochenfeedback,6,freitext,<p>Insgesamt <strong>sehr zufrieden</strong>.</p>,2025-04-04T08:03:00Z
6626,50550,wochenfeedback,2,zufriedenheit_gesamt,5,2025-04-04T09:13:00Z
6627,50550,wochenfeedback,2,tempo,3,2025-04-04T09:13:00Z
6628,50550,wochenfeedback,2,freitext,Die Live-Sessions sind Gold wert.,2025-04-04T09:13:00Z
5009,50429,wochenfeedback,14,zufriedenheit_gesamt,4,2025-04-04T09:14:00Z
5010,50429,wochenfeedback,14,tempo,5,2025-04-04T09:14:00Z
6279,50519,wochenfeedback,14,zufriedenheit_gesamt,3,2025-04-04T10:30:00Z
6280,50519,wochenfeedback,14,tempo,3,2025-04-04T10:30:00Z
1476,50137,wochenfeedback,10,zufriedenheit_gesamt,5,2025-04-04T10:40:00Z
1477,50137,wochenfeedback,10,tempo,4,2025-04-04T10:40:00Z
7153,50596,wochenfeedback,14,zufriedenheit_gesamt,4,2025-04-04T10:50:00Z
7154,50596,wochenfeedback,14,tempo,3,2025-04-04T10:50:00Z
7103,50588,wochenfeedback,18,zufriedenheit_gesamt,4,2025-04-04T11:02:00Z
7104,50588,wochenfeedback,18,tempo,5,2025-04-04T11:02:00Z
4979,50428,wochenfeedback,6,zufriedenheit_gesamt,4,2025-04-04T11:15:00Z
4980,50428,wochenfeedback,6,tempo,4,2025-04-04T11:15:00Z
7628,50623,wochenfeedback,14,zufriedenheit_gesamt,2,2025-04-04T11:44:00Z
7629,50623,wochenfeedback,14,tempo,1,2025-04-04T11:44:00Z
4287,50375,wochenfeedback,6,zufriedenheit_gesamt,2,2025-04-04T11:46:00Z
4288,50375,wochenfeedback,6,tempo,4,2025-04-04T11:46:00Z
7229,50600,wochenfeedback,2,zufriedenheit_gesamt,5,2025-04-04T11:57:00Z
7230,50600,wochenfeedback,2,tempo,4,2025-04-04T11:57:00Z
4267,50373,wochenfeedback,14,zufriedenheit_gesamt,5,2025-04-04T13:02:00Z
4268,50373,wochenfeedback,14,tempo,3,2025-04-04T13:02:00Z
7740,50631,wochenfeedback,10,zufriedenheit_gesamt,5,2025-04-04T13:18:00Z
7741,50631,wochenfeedback,10,tempo,2,2025-04-04T13:18:00Z
6376,50529,wochenfeedback,14,zufriedenheit_gesamt,4,2025-04-04T13:29:00Z
6377,50529,wochenfeedback,14,tempo,3,2025-04-04T13:29:00Z
6378,50529,wochenfeedback,14,freitext,"Top Inhalte, besonders das SQL-Modul.",2025-04-04T13:29:00Z
6205,50512,wochenfeedback,6,zufriedenheit_gesamt,4,2025-04-04T13:45:00Z
6206,50512,wochenfeedback,6,tempo,3,2025-04-04T13:45:00Z
3709,50324,wochenfeedback,10,zufriedenheit_gesamt,4,2025-04-04T14:19:00Z
3710,50324,wochenfeedback,10,tempo,1,2025-04-04T14:19:00Z
3368,50303,wochenfeedback,30,zufriedenheit_gesamt,5,2025-04-04T14:27:00Z
3369,50303,wochenfeedback,30,tempo,1,2025-04-04T14:27:00Z
4963,50427,wochenfeedback,10,zufriedenheit_gesamt,3,2025-04-04T15:00:00Z
4964,50427,wochenfeedback,10,tempo,1,2025-04-04T15:00:00Z
8100,50672,wochenfeedback,14,zufriedenheit_gesamt,2,2025-04-04T15:43:00Z
8101,50672,wochenfeedback,14,tempo,1,2025-04-04T15:43:00Z
8102,50672,wochenfeedback,14,freitext,"Das Tempo ist mir zu hoch, ich komme kaum hinterher.",2025-04-04T15:43:00Z
1876,50167,wochenfeedback,6,zufriedenheit_gesamt,5,2025-04-04T15:48:00Z
1877,50167,wochenfeedback,6,tempo,4,2025-04-04T15:48:00Z
7341,50612,wochenfeedback,2,zufriedenheit_gesamt,4,2025-04-04T16:08:00Z
7342,50612,wochenfeedback,2,tempo,5,2025-04-04T16:08:00Z
7343,50612,wochenfeedback,2,freitext,<p>Insgesamt <strong>sehr zufrieden</strong>.</p>,2025-04-04T16:08:00Z
3059,50280,wochenfeedback,6,zufriedenheit_gesamt,5,2025-04-04T16:15:00Z
3060,50280,wochenfeedback,6,tempo,5,2025-04-04T16:15:00Z
1227,50113,wochenfeedback,6,zufriedenheit_gesamt,4,2025-04-04T16:19:00Z
1228,50113,wochenfeedback,6,tempo,3,2025-04-04T16:19:00Z
580,50056,wochenfeedback,2,zufriedenheit_gesamt,4,2025-04-04T17:48:00Z
581,50056,wochenfeedback,2,tempo,3,2025-04-04T17:48:00Z
1631,50146,wochenfeedback,18,zufriedenheit_gesamt,3,2025-04-04T17:55:00Z
1632,50146,wochenfeedback,18,tempo,3,2025-04-04T17:55:00Z
1633,50146,wochenfeedback,18,freitext,<p>Mehr Praxis bitte!</p>,2025-04-04T17:55:00Z
5399,50452,abschlussfeedback,,nps,7,2025-04-05T00:00:00Z
5400,50452,abschlussfeedback,,zufriedenheit_coach,4,2025-04-05T00:00:00Z
5401,50452,abschlussfeedback,,weiterempfehlung_grund,Aufgabenstellungen sind teilweise unklar formuliert.,2025-04-05T00:00:00Z
154,50014,abschlussfeedback,,nps,9,2025-04-08T09:00:00Z
155,50014,abschlussfeedback,,zufriedenheit_coach,5,2025-04-08T09:00:00Z
156,50014,abschlussfeedback,,weiterempfehlung_grund,"Das Tempo ist mir zu hoch, ich komme kaum hinterher.",2025-04-08T09:00:00Z
5214,50442,abschlussfeedback,,nps,1,2025-04-10T03:00:00Z
5215,50442,abschlussfeedback,,zufriedenheit_coach,5,2025-04-10T03:00:00Z
5216,50442,abschlussfeedback,,weiterempfehlung_grund,Die Plattform hatte diese Woche mehrfach Ausfälle.,2025-04-10T03:00:00Z
8269,50685,abschlussfeedback,,nps,5,2025-04-10T18:00:00Z
8270,50685,abschlussfeedback,,zufriedenheit_coach,5,2025-04-10T18:00:00Z
8271,50685,abschlussfeedback,,weiterempfehlung_grund,Ich fühle mich gut vorbereitet.,2025-04-10T18:00:00Z
1478,50137,wochenfeedback,11,zufriedenheit_gesamt,2,2025-04-11T06:04:00Z
1479,50137,wochenfeedback,11,tempo,3,2025-04-11T06:04:00Z
1480,50137,wochenfeedback,11,freitext,<p>Mehr Praxis bitte!</p>,2025-04-11T06:04:00Z
4586,50394,wochenfeedback,23,zufriedenheit_gesamt,4,2025-04-11T08:08:00Z
4587,50394,wochenfeedback,23,tempo,4,2025-04-11T08:08:00Z
4588,50394,wochenfeedback,23,freitext,<p>Mehr Praxis bitte!</p>,2025-04-11T08:08:00Z
3876,50342,wochenfeedback,7,zufriedenheit_gesamt,5,2025-04-11T08:11:00Z
3877,50342,wochenfeedback,7,tempo,2,2025-04-11T08:11:00Z
4269,50373,wochenfeedback,15,zufriedenheit_gesamt,5,2025-04-11T08:25:00Z
4270,50373,wochenfeedback,15,tempo,3,2025-04-11T08:25:00Z
716,50067,wochenfeedback,7,zufriedenheit_gesamt,2,2025-04-11T08:28:00Z
717,50067,wochenfeedback,7,tempo,3,2025-04-11T08:28:00Z
718,50067,wochenfeedback,7,freitext,Zu wenig Feedback zu den Abgaben.,2025-04-11T08:28:00Z
5690,50477,wochenfeedback,3,zufriedenheit_gesamt,4,2025-04-11T08:46:00Z
5691,50477,wochenfeedback,3,tempo,1,2025-04-11T08:46:00Z
5692,50477,wochenfeedback,3,freitext,"Top Inhalte, besonders das SQL-Modul.",2025-04-11T08:46:00Z
7537,50620,wochenfeedback,31,zufriedenheit_gesamt,5,2025-04-11T08:58:00Z
7538,50620,wochenfeedback,31,tempo,3,2025-04-11T08:58:00Z
6858,50567,wochenfeedback,3,zufriedenheit_gesamt,1,2025-04-11T09:00:00Z
6859,50567,wochenfeedback,3,tempo,3,2025-04-11T09:00:00Z
6860,50567,wochenfeedback,3,freitext,"Das Tempo ist mir zu hoch, ich komme kaum hinterher.",2025-04-11T09:00:00Z
4344,50379,wochenfeedback,15,zufriedenheit_gesamt,4,2025-04-11T09:19:00Z
4345,50379,wochenfeedback,15,tempo,2,2025-04-11T09:19:00Z
6692,50552,wochenfeedback,7,zufriedenheit_gesamt,2,2025-04-11T09:24:00Z
6693,50552,wochenfeedback,7,tempo,3,2025-04-11T09:24:00Z
6694,50552,wochenfeedback,7,freitext,"Das Tempo ist mir zu hoch, ich komme kaum hinterher.",2025-04-11T09:24:00Z
3340,50302,wochenfeedback,7,zufriedenheit_gesamt,5,2025-04-11T09:33:00Z
3341,50302,wochenfeedback,7,tempo,1,2025-04-11T09:33:00Z
5028,50430,wochenfeedback,23,zufriedenheit_gesamt,4,2025-04-11T09:36:00Z
5029,50430,wochenfeedback,23,tempo,2,2025-04-11T09:36:00Z
630,50060,wochenfeedback,3,zufriedenheit_gesamt,3,2025-04-11T11:10:00Z
631,50060,wochenfeedback,3,tempo,2,2025-04-11T11:10:00Z
6620,50549,wochenfeedback,15,zufriedenheit_gesamt,5,2025-04-11T11:21:00Z
6621,50549,wochenfeedback,15,tempo,4,2025-04-11T11:21:00Z
6622,50549,wochenfeedback,15,freitext,Die Live-Sessions sind Gold wert.,2025-04-11T11:21:00Z
6923,50573,wochenfeedback,3,zufriedenheit_gesamt,3,2025-04-11T11:23:00Z
6924,50573,wochenfeedback,3,tempo,4,2025-04-11T11:23:00Z
3976,50347,wochenfeedback,23,zufriedenheit_gesamt,5,2025-04-11T11:27:00Z
3977,50347,wochenfeedback,23,tempo,3,2025-04-11T11:27:00Z
4198,50371,wochenfeedback,19,zufriedenheit_gesamt,5,2025-04-11T11:46:00Z
4199,50371,wochenfeedback,19,tempo,3,2025-04-11T11:46:00Z
6379,50529,wochenfeedback,15,zufriedenheit_gesamt,4,2025-04-11T12:33:00Z
6380,50529,wochenfeedback,15,tempo,3,2025-04-11T12:33:00Z
6381,50529,wochenfeedback,15,freitext,"Tempo passt für mich, gerne mehr Praxisbeispiele.",2025-04-11T12:33:00Z
7344,50612,wochenfeedback,3,zufriedenheit_gesamt,4,2025-04-11T14:54:00Z
7345,50612,wochenfeedback,3,tempo,1,2025-04-11T14:54:00Z
7346,50612,wochenfeedback,3,freitext,Die Live-Sessions sind Gold wert.,2025-04-11T14:54:00Z
4822,50409,wochenfeedback,23,zufriedenheit_gesamt,4,2025-04-11T15:31:00Z
4823,50409,wochenfeedback,23,tempo,1,2025-04-11T15:31:00Z
4824,50409,wochenfeedback,23,freitext,"Sehr gute Betreuung, die Übungen sind praxisnah.",2025-04-11T15:31:00Z
7603,50621,wochenfeedback,11,zufriedenheit_gesamt,3,2025-04-11T15:52:00Z
7604,50621,wochenfeedback,11,tempo,1,2025-04-11T15:52:00Z
1634,50146,wochenfeedback,19,zufriedenheit_gesamt,5,2025-04-11T16:11:00Z
1635,50146,wochenfeedback,19,tempo,3,2025-04-11T16:11:00Z
3370,50303,wochenfeedback,31,zufriedenheit_gesamt,4,2025-04-11T17:10:00Z
3371,50303,wochenfeedback,31,tempo,3,2025-04-11T17:10:00Z
811,50075,wochenfeedback,3,zufriedenheit_gesamt,5,2025-04-11T17:35:00Z
812,50075,wochenfeedback,3,tempo,5,2025-04-11T17:35:00Z
7657,50625,wochenfeedback,7,zufriedenheit_gesamt,4,2025-04-11T17:41:00Z
7658,50625,wochenfeedback,7,tempo,5,2025-04-11T17:41:00Z
7659,50625,wochenfeedback,7,freitext,Der Coach erklärt super verständlich.,2025-04-11T17:41:00Z
6457,50533,abschlussfeedback,,nps,7,2025-04-13T05:00:00Z
6458,50533,abschlussfeedback,,zufriedenheit_coach,4,2025-04-13T05:00:00Z
6459,50533,abschlussfeedback,,weiterempfehlung_grund,Der Coach erklärt super verständlich.,2025-04-13T05:00:00Z
5594,50468,abschlussfeedback,,nps,9,2025-04-15T02:00:00Z
5595,50468,abschlussfeedback,,zufriedenheit_coach,4,2025-04-15T02:00:00Z
5596,50468,abschlussfeedback,,weiterempfehlung_grund,"Das Tempo ist mir zu hoch, ich komme kaum hinterher.",2025-04-15T02:00:00Z
5577,50466,abschlussfeedback,,nps,9,2025-04-17T00:00:00Z
5578,50466,abschlussfeedback,,zufriedenheit_coach,3,2025-04-17T00:00:00Z
5579,50466,abschlussfeedback,,weiterempfehlung_grund,Ich fühle mich gut vorbereitet.,2025-04-17T00:00:00Z
1636,50146,abschlussfeedback,,nps,10,2025-04-17T08:00:00Z
1637,50146,abschlussfeedback,,zufriedenheit_coach,4,2025-04-17T08:00:00Z
1638,50146,abschlussfeedback,,weiterempfehlung_grund,Zu wenig Feedback zu den Abgaben.,2025-04-17T08:00:00Z
6541,50540,abschlussfeedback,,nps,10/10,2025-04-18T01:00:00Z
6542,50540,abschlussfeedback,,zufriedenheit_coach,5,2025-04-18T01:00:00Z
6543,50540,abschlussfeedback,,weiterempfehlung_grund,Aufgabenstellungen sind teilweise unklar formuliert.,2025-04-18T01:00:00Z
1229,50113,wochenfeedback,8,zufriedenheit_gesamt,5,2025-04-18T06:21:00Z
1230,50113,wochenfeedback,8,tempo,4,2025-04-18T06:21:00Z
3682,50320,wochenfeedback,16,zufriedenheit_gesamt,5,2025-04-18T06:25:00Z
3683,50320,wochenfeedback,16,tempo,3,2025-04-18T06:25:00Z
4145,50366,wochenfeedback,24,zufriedenheit_gesamt,5,2025-04-18T06:28:00Z
4146,50366,wochenfeedback,24,tempo,4,2025-04-18T06:28:00Z
8103,50672,wochenfeedback,16,zufriedenheit_gesamt,4,2025-04-18T06:44:00Z
8104,50672,wochenfeedback,16,tempo,5,2025-04-18T06:44:00Z
8105,50672,wochenfeedback,16,freitext,Ich fühle mich gut vorbereitet.,2025-04-18T06:44:00Z
5030,50430,wochenfeedback,24,zufriedenheit_gesamt,5,2025-04-18T06:51:00Z
5031,50430,wochenfeedback,24,tempo,5,2025-04-18T06:51:00Z
6925,50573,wochenfeedback,4,zufriedenheit_gesamt,2,2025-04-18T06:59:00Z
6926,50573,wochenfeedback,4,tempo,5,2025-04-18T06:59:00Z
3978,50347,wochenfeedback,24,zufriedenheit_gesamt,5,2025-04-18T07:59:00Z
3979,50347,wochenfeedback,24,tempo,5,2025-04-18T07:59:00Z
3980,50347,wochenfeedback,24,freitext,Ich fühle mich gut vorbereitet.,2025-04-18T07:59:00Z
5011,50429,wochenfeedback,16,zufriedenheit_gesamt,4,2025-04-18T08:15:00Z
5012,50429,wochenfeedback,16,tempo,4,2025-04-18T08:15:00Z
7742,50631,wochenfeedback,12,zufriedenheit_gesamt,4,2025-04-18T08:42:00Z
7743,50631,wochenfeedback,12,tempo,3,2025-04-18T08:42:00Z
3878,50342,wochenfeedback,8,zufriedenheit_gesamt,4,2025-04-18T09:14:00Z
3879,50342,wochenfeedback,8,tempo,3,2025-04-18T09:14:00Z
651,50061,wochenfeedback,8,zufriedenheit_gesamt,4,2025-04-18T09:51:00Z
652,50061,wochenfeedback,8,tempo,5,2025-04-18T09:51:00Z
1240,50114,wochenfeedback,4,zufriedenheit_gesamt,4,2025-04-18T10:03:00Z
1241,50114,wochenfeedback,4,tempo,4,2025-04-18T10:03:00Z
6207,50512,wochenfeedback,8,zufriedenheit_gesamt,2,2025-04-18T10:12:00Z
6208,50512,wochenfeedback,8,tempo,4,2025-04-18T10:12:00Z
7605,50621,wochenfeedback,12,zufriedenheit_gesamt,4,2025-04-18T10:15:00Z
7606,50621,wochenfeedback,12,tempo,1,2025-04-18T10:15:00Z
4589,50394,wochenfeedback,24,zufriedenheit_gesamt,5,2025-04-18T10:21:00Z
4590,50394,wochenfeedback,24,tempo,3,2025-04-18T10:21:00Z
606,50059,wochenfeedback,24,zufriedenheit_gesamt,3,2025-04-18T10:25:00Z
607,50059,wochenfeedback,24,tempo,1,2025-04-18T10:25:00Z
6382,50529,wochenfeedback,16,zufriedenheit_gesamt,5,2025-04-18T11:08:00Z
6383,50529,wochenfeedback,16,tempo,2,2025-04-18T11:08:00Z
6384,50529,wochenfeedback,16,freitext,"<p>Die Videos sind gut, aber die Quizze sind zu leicht.</p>",2025-04-18T11:08:00Z
1481,50137,wochenfeedback,12,zufriedenheit_gesamt,4,2025-04-18T11:37:00Z
1482,50137,wochenfeedback,12,tempo,3,2025-04-18T11:37:00Z
3491,50307,wochenfeedback,4,zufriedenheit_gesamt,5,2025-04-18T11:55:00Z
3492,50307,wochenfeedback,4,tempo,5,2025-04-18T11:55:00Z
6281,50519,wochenfeedback,16,zufriedenheit_gesamt,5,2025-04-18T11:56:00Z
6282,50519,wochenfeedback,16,tempo,3,2025-04-18T11:56:00Z
6718,50554,wochenfeedback,8,zufriedenheit_gesamt,4,2025-04-18T12:06:00Z
6719,50554,wochenfeedback,8,tempo,4,2025-04-18T12:06:00Z
3372,50303,wochenfeedback,32,zufriedenheit_gesamt,2,2025-04-18T12:12:00Z
3373,50303,wochenfeedback,32,tempo,3,2025-04-18T12:12:00Z
5299,50449,wochenfeedback,8,zufriedenheit_gesamt,5,2025-04-18T12:29:00Z
5300,50449,wochenfeedback,8,tempo,4,2025-04-18T12:29:00Z
582,50056,wochenfeedback,4,zufriedenheit_gesamt,2,2025-04-18T13:35:00Z
583,50056,wochenfeedback,4,tempo,3,2025-04-18T13:35:00Z
584,50056,wochenfeedback,4,freitext,Die Plattform hatte diese Woche mehrfach Ausfälle.,2025-04-18T13:35:00Z
93,50008,wochenfeedback,2,zufriedenheit_gesamt,4,2025-04-18T13:43:00Z
94,50008,wochenfeedback,2,tempo,4,2025-04-18T13:43:00Z
95,50008,wochenfeedback,2,freitext,"Sehr gute Betreuung, die Übungen sind praxisnah.",2025-04-18T13:43:00Z
3061,50280,wochenfeedback,8,zufriedenheit_gesamt,5,2025-04-18T14:15:00Z
3062,50280,wochenfeedback,8,tempo,2,2025-04-18T14:15:00Z
7304,50608,wochenfeedback,8,zufriedenheit_gesamt,2,2025-04-18T14:36:00Z
7305,50608,wochenfeedback,8,tempo,3,2025-04-18T14:36:00Z
4271,50373,wochenfeedback,16,zufriedenheit_gesamt,2,2025-04-18T14:50:00Z
4272,50373,wochenfeedback,16,tempo,2,2025-04-18T14:50:00Z
161,50015,wochenfeedback,8,zufriedenheit_gesamt,5,2025-04-18T15:43:00Z
162,50015,wochenfeedback,8,tempo,3,2025-04-18T15:43:00Z
163,50015,wochenfeedback,8,freitext,"Sehr gute Betreuung, die Übungen sind praxisnah.",2025-04-18T15:43:00Z
6058,50501,wochenfeedback,16,zufriedenheit_gesamt,5,2025-04-18T16:12:00Z
6059,50501,wochenfeedback,16,tempo,4,2025-04-18T16:12:00Z
4471,50388,wochenfeedback,8,zufriedenheit_gesamt,4,2025-04-18T16:33:00Z
4472,50388,wochenfeedback,8,tempo,1,2025-04-18T16:33:00Z
4473,50388,wochenfeedback,8,freitext,Die Live-Sessions sind Gold wert.,2025-04-18T16:33:00Z
2725,50249,wochenfeedback,8,zufriedenheit_gesamt,5,2025-04-18T16:34:00Z
2726,50249,wochenfeedback,8,tempo,5,2025-04-18T16:34:00Z
719,50067,wochenfeedback,8,zufriedenheit_gesamt,2,2025-04-18T16:49:00Z
720,50067,wochenfeedback,8,tempo,5,2025-04-18T16:49:00Z
3757,50328,wochenfeedback,12,zufriedenheit_gesamt,5,2025-04-18T16:56:00Z
3758,50328,wochenfeedback,12,tempo,1,2025-04-18T16:56:00Z
7347,50612,wochenfeedback,4,zufriedenheit_gesamt,5,2025-04-18T17:38:00Z
7348,50612,wochenfeedback,4,tempo,5,2025-04-18T17:38:00Z
7349,50612,wochenfeedback,4,freitext,Die Live-Sessions sind Gold wert.,2025-04-18T17:38:00Z
7105,50588,abschlussfeedback,,nps,8,2025-04-18T22:00:00Z
7106,50588,abschlussfeedback,,zufriedenheit_coach,5,2025-04-18T22:00:00Z
7107,50588,abschlussfeedback,,weiterempfehlung_grund,Aufgabenstellungen sind teilweise unklar formuliert.,2025-04-18T22:00:00Z
7630,50623,abschlussfeedback,,nps,3,2025-04-18T23:00:00Z
7631,50623,abschlussfeedback,,zufriedenheit_coach,3,2025-04-18T23:00:00Z
7632,50623,abschlussfeedback,,weiterempfehlung_grund,"Tempo passt für mich, gerne mehr Praxisbeispiele.",2025-04-18T23:00:00Z
5520,50460,abschlussfeedback,,nps,7,2025-04-20T00:00:00Z
5521,50460,abschlussfeedback,,zufriedenheit_coach,5,2025-04-20T00:00:00Z
5522,50460,abschlussfeedback,,weiterempfehlung_grund,Aufgabenstellungen sind teilweise unklar formuliert.,2025-04-20T00:00:00Z
6623,50549,abschlussfeedback,,nps,6,2025-04-21T03:00:00Z
6624,50549,abschlussfeedback,,zufriedenheit_coach,5,2025-04-21T03:00:00Z
6625,50549,abschlussfeedback,,weiterempfehlung_grund,"Tempo passt für mich, gerne mehr Praxisbeispiele.",2025-04-21T03:00:00Z
3684,50320,abschlussfeedback,,nps,9,2025-04-21T07:00:00Z
3685,50320,abschlussfeedback,,zufriedenheit_coach,4,2025-04-21T07:00:00Z
3686,50320,abschlussfeedback,,weiterempfehlung_grund,"Tempo passt für mich, gerne mehr Praxisbeispiele.",2025-04-21T07:00:00Z
1589,50143,abschlussfeedback,,nps,9,2025-04-25T03:00:00Z
1590,50143,abschlussfeedback,,zufriedenheit_coach,5,2025-04-25T03:00:00Z
1591,50143,abschlussfeedback,,weiterempfehlung_grund,"Sehr gute Betreuung, die Übungen sind praxisnah.",2025-04-25T03:00:00Z
721,50067,wochenfeedback,9,zufriedenheit_gesamt,4,2025-04-25T06:16:00Z
722,50067,wochenfeedback,9,tempo,1,2025-04-25T06:16:00Z
8349,50692,wochenfeedback,29,zufriedenheit_gesamt,5,2025-04-25T06:32:00Z
8350,50692,wochenfeedback,29,tempo,3,2025-04-25T06:32:00Z
3863,50339,wochenfeedback,13,zufriedenheit_gesamt,5,2025-04-25T06:39:00Z
3864,50339,wochenfeedback,13,tempo,3,2025-04-25T06:39:00Z
3865,50339,wochenfeedback,13,freitext,Die Live-Sessions sind Gold wert.,2025-04-25T06:39:00Z
608,50059,wochenfeedback,25,zufriedenheit_gesamt,5,2025-04-25T06:40:00Z
609,50059,wochenfeedback,25,tempo,4,2025-04-25T06:40:00Z
4094,50363,wochenfeedback,1,zufriedenheit_gesamt,4,2025-04-25T06:46:00Z
4095,50363,wochenfeedback,1,tempo,4,2025-04-25T06:46:00Z
5693,50477,wochenfeedback,5,zufriedenheit_gesamt,2,2025-04-25T08:03:00Z
5694,50477,wochenfeedback,5,tempo,4,2025-04-25T08:03:00Z
5695,50477,wochenfeedback,5,freitext,Ich hätte gern mehr Live-Termine.,2025-04-25T08:03:00Z
1802,50162,wochenfeedback,1,zufriedenheit_gesamt,4,2025-04-25T08:06:00Z
1803,50162,wochenfeedback,1,tempo,3,2025-04-25T08:06:00Z
1804,50162,wochenfeedback,1,freitext,"Top Inhalte, besonders das SQL-Modul.",2025-04-25T08:06:00Z
7175,50599,wochenfeedback,1,zufriedenheit_gesamt,5,2025-04-25T08:21:00Z
7176,50599,wochenfeedback,1,tempo,3,2025-04-25T08:21:00Z
4085,50362,wochenfeedback,1,zufriedenheit_gesamt,3,2025-04-25T08:31:00Z
4086,50362,wochenfeedback,1,tempo,4,2025-04-25T08:31:00Z
4087,50362,wochenfeedback,1,freitext,Ich hätte gern mehr Live-Termine.,2025-04-25T08:31:00Z
6385,50529,wochenfeedback,17,zufriedenheit_gesamt,4,2025-04-25T08:58:00Z
6386,50529,wochenfeedback,17,tempo,2,2025-04-25T08:58:00Z
3172,50287,wochenfeedback,9,zufriedenheit_gesamt,4,2025-04-25T09:46:00Z
3173,50287,wochenfeedback,9,tempo,4,2025-04-25T09:46:00Z
3174,50287,wochenfeedback,9,freitext,"Sehr gute Betreuung, die Übungen sind praxisnah.",2025-04-25T09:46:00Z
5439,50455,wochenfeedback,1,zufriedenheit_gesamt,3,2025-04-25T10:22:00Z
5440,50455,wochenfeedback,1,tempo,3,2025-04-25T10:22:00Z
7660,50625,wochenfeedback,9,zufriedenheit_gesamt,2,2025-04-25T10:43:00Z
7661,50625,wochenfeedback,9,tempo,4,2025-04-25T10:43:00Z
7662,50625,wochenfeedback,9,freitext,Die Plattform hatte diese Woche mehrfach Ausfälle.,2025-04-25T10:43:00Z
1787,50161,wochenfeedback,1,zufriedenheit_gesamt,4,2025-04-25T10:47:00Z
1788,50161,wochenfeedback,1,tempo,3,2025-04-25T10:47:00Z
1789,50161,wochenfeedback,1,freitext,Der Coach erklärt super verständlich.,2025-04-25T10:47:00Z
5013,50429,wochenfeedback,17,zufriedenheit_gesamt,5,2025-04-25T11:07:00Z
5014,50429,wochenfeedback,17,tempo,1,2025-04-25T11:07:00Z
3802,50332,wochenfeedback,1,zufriedenheit_gesamt,4,2025-04-25T11:14:00Z
3803,50332,wochenfeedback,1,tempo,1,2025-04-25T11:14:00Z
2934,50271,wochenfeedback,1,zufriedenheit_gesamt,4,2025-04-25T11:40:00Z
2935,50271,wochenfeedback,1,tempo,3,2025-04-25T11:40:00Z
813,50075,wochenfeedback,5,zufriedenheit_gesamt,4,2025-04-25T11:44:00Z
814,50075,wochenfeedback,5,tempo,3,2025-04-25T11:44:00Z
2936,50272,wochenfeedback,1,zufriedenheit_gesamt,5,2025-04-25T12:11:00Z
2937,50272,wochenfeedback,1,tempo,4,2025-04-25T12:11:00Z
2938,50272,wochenfeedback,1,freitext,Ich fühle mich gut vorbereitet.,2025-04-25T12:11:00Z
7880,50647,wochenfeedback,13,zufriedenheit_gesamt,3,2025-04-25T12:18:00Z
7881,50647,wochenfeedback,13,tempo,2,2025-04-25T12:18:00Z
7882,50647,wochenfeedback,13,freitext,Aufgabenstellungen sind teilweise unklar formuliert.,2025-04-25T12:18:00Z
6283,50519,wochenfeedback,17,zufriedenheit_gesamt,4,2025-04-25T12:37:00Z
6284,50519,wochenfeedback,17,tempo,3,2025-04-25T12:37:00Z
6861,50567,wochenfeedback,5,zufriedenheit_gesamt,4,2025-04-25T12:40:00Z
6862,50567,wochenfeedback,5,tempo,3,2025-04-25T12:40:00Z
6863,50567,wochenfeedback,5,freitext,<p>Mehr Praxis bitte!</p>,2025-04-25T12:40:00Z
8106,50672,wochenfeedback,17,zufriedenheit_gesamt,4,2025-04-25T13:11:00Z
8107,50672,wochenfeedback,17,tempo,4,2025-04-25T13:11:00Z
8108,50672,wochenfeedback,17,freitext,Ich fühle mich gut vorbereitet.,2025-04-25T13:11:00Z
1878,50167,wochenfeedback,9,zufriedenheit_gesamt,5,2025-04-25T13:13:00Z
1879,50167,wochenfeedback,9,tempo,4,2025-04-25T13:13:00Z
3759,50328,wochenfeedback,13,zufriedenheit_gesamt,4,2025-04-25T13:20:00Z
3760,50328,wochenfeedback,13,tempo,4,2025-04-25T13:20:00Z
3761,50328,wochenfeedback,13,freitext,Ich fühle mich gut vorbereitet.,2025-04-25T13:20:00Z
3692,50323,wochenfeedback,9,zufriedenheit_gesamt,4,2025-04-25T13:30:00Z
3693,50323,wochenfeedback,9,tempo,2,2025-04-25T13:30:00Z
4474,50388,wochenfeedback,9,zufriedenheit_gesamt,5,2025-04-25T15:02:00Z
4475,50388,wochenfeedback,9,tempo,4,2025-04-25T15:02:00Z
7044,50584,wochenfeedback,3,zufriedenheit_gesamt,4,2025-04-25T16:16:00Z
7045,50584,wochenfeedback,3,tempo,2,2025-04-25T16:16:00Z
7231,50600,wochenfeedback,5,zufriedenheit_gesamt,3,2025-04-25T16:33:00Z
7232,50600,wochenfeedback,5,tempo,3,2025-04-25T16:33:00Z
7155,50596,wochenfeedback,17,zufriedenheit_gesamt,2,2025-04-25T16:40:00Z
7156,50596,wochenfeedback,17,tempo,1,2025-04-25T16:40:00Z
632,50060,wochenfeedback,5,zufriedenheit_gesamt,5,2025-04-25T17:24:00Z
633,50060,wochenfeedback,5,tempo,4,2025-04-25T17:24:00Z
634,50060,wochenfeedback,5,freitext,"Sehr gute Betreuung, die Übungen sind praxisnah.",2025-04-25T17:24:00Z
1154,50107,wochenfeedback,1,zufriedenheit_gesamt,5,2025-04-25T17:29:00Z
1155,50107,wochenfeedback,1,tempo,1,2025-04-25T17:29:00Z
4965,50427,wochenfeedback,13,zufriedenheit_gesamt,2,2025-04-25T17:29:00Z
4966,50427,wochenfeedback,13,tempo,2,2025-04-25T17:29:00Z
7336,50611,wochenfeedback,9,zufriedenheit_gesamt,5,2025-04-25T17:39:00Z
7337,50611,wochenfeedback,9,tempo,3,2025-04-25T17:39:00Z
7338,50611,wochenfeedback,9,freitext,Ich fühle mich gut vorbereitet.,2025-04-25T17:39:00Z
826,50076,wochenfeedback,1,zufriedenheit_gesamt,3,2025-04-25T17:44:00Z
827,50076,wochenfeedback,1,tempo,3,2025-04-25T17:44:00Z
828,50076,wochenfeedback,1,freitext,Statistik-Modul ist zu theoretisch.,2025-04-25T17:44:00Z
4591,50394,wochenfeedback,25,zufriedenheit_gesamt,3,2025-04-25T17:56:00Z
4592,50394,wochenfeedback,25,tempo,3,2025-04-25T17:56:00Z
6695,50552,abschlussfeedback,,nps,6,2025-05-01T19:00:00Z
6696,50552,abschlussfeedback,,zufriedenheit_coach,5,2025-05-01T19:00:00Z
6697,50552,abschlussfeedback,,weiterempfehlung_grund,Die Live-Sessions sind Gold wert.,2025-05-01T19:00:00Z
96,50008,wochenfeedback,4,zufriedenheit_gesamt,5,2025-05-02T06:21:00Z
97,50008,wochenfeedback,4,tempo,3,2025-05-02T06:21:00Z
98,50008,wochenfeedback,4,freitext,"<p>Die Videos sind gut, aber die Quizze sind zu leicht.</p>",2025-05-02T06:21:00Z
8351,50692,wochenfeedback,30,zufriedenheit_gesamt,5,2025-05-02T06:25:00Z
8352,50692,wochenfeedback,30,tempo,3,2025-05-02T06:25:00Z
8353,50692,wochenfeedback,30,freitext,"Tempo passt für mich, gerne mehr Praxisbeispiele.",2025-05-02T06:25:00Z
7177,50599,wochenfeedback,2,zufriedenheit_gesamt,4,2025-05-02T06:37:00Z
7178,50599,wochenfeedback,2,tempo,3,2025-05-02T06:37:00Z
7179,50599,wochenfeedback,2,freitext,<p>Mehr Praxis bitte!</p>,2025-05-02T06:37:00Z
7663,50625,wochenfeedback,10,zufriedenheit_gesamt,4,2025-05-02T06:37:00Z
7664,50625,wochenfeedback,10,tempo,4,2025-05-02T06:37:00Z
7665,50625,wochenfeedback,10,freitext,"Top Inhalte, besonders das SQL-Modul.",2025-05-02T06:37:00Z
2375,50222,wochenfeedback,2,zufriedenheit_gesamt,4,2025-05-02T06:52:00Z
2376,50222,wochenfeedback,2,tempo,1,2025-05-02T06:52:00Z
2377,50222,wochenfeedback,2,freitext,"Tempo passt für mich, gerne mehr Praxisbeispiele.",2025-05-02T06:52:00Z
7703,50628,wochenfeedback,2,zufriedenheit_gesamt,3,2025-05-02T07:11:00Z
7704,50628,wochenfeedback,2,tempo,3,2025-05-02T07:11:00Z
7705,50628,wochenfeedback,2,freitext,<p>Mehr Praxis bitte!</p>,2025-05-02T07:11:00Z
6285,50519,wochenfeedback,18,zufriedenheit_gesamt,5,2025-05-02T07:14:00Z
6286,50519,wochenfeedback,18,tempo,3,2025-05-02T07:14:00Z
6864,50567,wochenfeedback,6,zufriedenheit_gesamt,2,2025-05-02T07:24:00Z
6865,50567,wochenfeedback,6,tempo,2,2025-05-02T07:24:00Z
6866,50567,wochenfeedback,6,freitext,Statistik-Modul ist zu theoretisch.,2025-05-02T07:24:00Z
6720,50554,wochenfeedback,10,zufriedenheit_gesamt,3,2025-05-02T08:07:00Z
6721,50554,wochenfeedback,10,tempo,4,2025-05-02T08:07:00Z
6722,50554,wochenfeedback,10,freitext,Ich hätte gern mehr Live-Termine.,2025-05-02T08:07:00Z
7607,50621,wochenfeedback,14,zufriedenheit_gesamt,4,2025-05-02T08:59:00Z
7608,50621,wochenfeedback,14,tempo,3,2025-05-02T08:59:00Z
3374,50303,wochenfeedback,34,zufriedenheit_gesamt,5,2025-05-02T10:06:00Z
3375,50303,wochenfeedback,34,tempo,4,2025-05-02T10:06:00Z
635,50060,wochenfeedback,6,zufriedenheit_gesamt,4,2025-05-02T10:09:00Z
636,50060,wochenfeedback,6,tempo,3,2025-05-02T10:09:00Z
7883,50647,wochenfeedback,14,zufriedenheit_gesamt,4,2025-05-02T10:22:00Z
7884,50647,wochenfeedback,14,tempo,3,2025-05-02T10:22:00Z
6211,50514,wochenfeedback,2,zufriedenheit_gesamt,2,2025-05-02T10:42:00Z
6212,50514,wochenfeedback,2,tempo,1,2025-05-02T10:42:00Z
6810,50563,wochenfeedback,26,zufriedenheit_gesamt,3,2025-05-02T11:28:00Z
6811,50563,wochenfeedback,26,tempo,5,2025-05-02T11:28:00Z
6812,50563,wochenfeedback,26,freitext,Aufgabenstellungen sind teilweise unklar formuliert.,2025-05-02T11:28:00Z
4200,50371,wochenfeedback,22,zufriedenheit_gesamt,5,2025-05-02T11:37:00Z
4201,50371,wochenfeedback,22,tempo,3,2025-05-02T11:37:00Z
3711,50324,wochenfeedback,14,zufriedenheit_gesamt,4,2025-05-02T12:21:00Z
3712,50324,wochenfeedback,14,tempo,1,2025-05-02T12:21:00Z
3713,50324,wochenfeedback,14,freitext,Ich fühle mich gut vorbereitet.,2025-05-02T12:21:00Z
7046,50584,wochenfeedback,4,zufriedenheit_gesamt,2,2025-05-02T12:40:00Z
7047,50584,wochenfeedback,4,tempo,4,2025-05-02T12:40:00Z
2307,50217,wochenfeedback,10,zufriedenheit_gesamt,4,2025-05-02T13:05:00Z
2308,50217,wochenfeedback,10,tempo,4,2025-05-02T13:05:00Z
2309,50217,wochenfeedback,10,freitext,"Tempo passt für mich, gerne mehr Praxisbeispiele.",2025-05-02T13:05:00Z
7539,50620,wochenfeedback,34,zufriedenheit_gesamt,5,2025-05-02T13:07:00Z
7540,50620,wochenfeedback,34,tempo,3,2025-05-02T13:07:00Z
7541,50620,wochenfeedback,34,freitext,"Top Inhalte, besonders das SQL-Modul.",2025-05-02T13:07:00Z
610,50059,wochenfeedback,26,zufriedenheit_gesamt,4,2025-05-02T13:12:00Z
611,50059,wochenfeedback,26,tempo,2,2025-05-02T13:12:00Z
612,50059,wochenfeedback,26,freitext,Die Live-Sessions sind Gold wert.,2025-05-02T13:12:00Z
806,50074,wochenfeedback,10,zufriedenheit_gesamt,4,2025-05-02T13:18:00Z
807,50074,wochenfeedback,10,tempo,4,2025-05-02T13:18:00Z
1594,50144,wochenfeedback,6,zufriedenheit_gesamt,5,2025-05-02T13:23:00Z
1595,50144,wochenfeedback,6,tempo,3,2025-05-02T13:23:00Z
3175,50287,wochenfeedback,10,zufriedenheit_gesamt,5,2025-05-02T13:25:00Z
3176,50287,wochenfeedback,10,tempo,1,2025-05-02T13:25:00Z
6290,50520,wochenfeedback,2,zufriedenheit_gesamt,2,2025-05-02T14:01:00Z
6291,50520,wochenfeedback,2,tempo,3,2025-05-02T14:01:00Z
2625,50239,wochenfeedback,10,zufriedenheit_gesamt,5,2025-05-02T14:03:00Z
2626,50239,wochenfeedback,10,tempo,3,2025-05-02T14:03:00Z
7157,50596,wochenfeedback,18,zufriedenheit_gesamt,2,2025-05-02T14:14:00Z
7158,50596,wochenfeedback,18,tempo,4,2025-05-02T14:14:00Z
1156,50107,wochenfeedback,2,zufriedenheit_gesamt,4,2025-05-02T14:45:00Z
1157,50107,wochenfeedback,2,tempo,4,2025-05-02T14:45:00Z
1158,50107,wochenfeedback,2,freitext,<p>Insgesamt <strong>sehr zufrieden</strong>.</p>,2025-05-02T14:45:00Z
696,50066,wochenfeedback,10,zufriedenheit_gesamt,5,2025-05-02T14:49:00Z
697,50066,wochenfeedback,10,tempo,3,2025-05-02T14:49:00Z
8109,50672,wochenfeedback,18,zufriedenheit_gesamt,5,2025-05-02T15:13:00Z
8110,50672,wochenfeedback,18,tempo,1,2025-05-02T15:13:00Z
3762,50328,wochenfeedback,14,zufriedenheit_gesamt,5,2025-05-02T16:01:00Z
3763,50328,wochenfeedback,14,tempo,2,2025-05-02T16:01:00Z
2564,50236,wochenfeedback,14,zufriedenheit_gesamt,2,2025-05-02T16:03:00Z
2565,50236,wochenfeedback,14,tempo,1,2025-05-02T16:03:00Z
998,50094,wochenfeedback,22,zufriedenheit_gesamt,2,2025-05-02T16:26:00Z
999,50094,wochenfeedback,22,tempo,5,2025-05-02T16:26:00Z
4476,50388,wochenfeedback,10,zufriedenheit_gesamt,4,2025-05-02T16:49:00Z
4477,50388,wochenfeedback,10,tempo,3,2025-05-02T16:49:00Z
5883,50487,wochenfeedback,14,zufriedenheit_gesamt,5,2025-05-02T16:58:00Z
5884,50487,wochenfeedback,14,tempo,2,2025-05-02T16:58:00Z
3291,50297,wochenfeedback,10,zufriedenheit_gesamt,3,2025-05-02T17:25:00Z
3292,50297,wochenfeedback,10,tempo,3,2025-05-02T17:25:00Z
3293,50297,wochenfeedback,10,freitext,Statistik-Modul ist zu theoretisch.,2025-05-02T17:25:00Z
1242,50114,wochenfeedback,6,zufriedenheit_gesamt,5,2025-05-02T17:27:00Z
1243,50114,wochenfeedback,6,tempo,2,2025-05-02T17:27:00Z
1790,50161,wochenfeedback,3,zufriedenheit_gesamt,2,2025-05-09T06:14:00Z
1791,50161,wochenfeedback,3,tempo,3,2025-05-09T06:14:00Z
3342,50302,wochenfeedback,11,zufriedenheit_gesamt,3,2025-05-09T06:23:00Z
3343,50302,wochenfeedback,11,tempo,3,2025-05-09T06:23:00Z
4478,50388,wochenfeedback,11,zufriedenheit_gesamt,4,2025-05-09T06:26:00Z
4479,50388,wochenfeedback,11,tempo,3,2025-05-09T06:26:00Z
829,50076,wochenfeedback,3,zufriedenheit_gesamt,2,2025-05-09T06:52:00Z
830,50076,wochenfeedback,3,tempo,3,2025-05-09T06:52:00Z
831,50076,wochenfeedback,3,freitext,Zu wenig Feedback zu den Abgaben.,2025-05-09T06:52:00Z
1596,50144,wochenfeedback,7,zufriedenheit_gesamt,2,2025-05-09T08:44:00Z
1597,50144,wochenfeedback,7,tempo,3,2025-05-09T08:44:00Z
1598,50144,wochenfeedback,7,freitext,<p>Mehr Praxis bitte!</p>,2025-05-09T08:44:00Z
637,50060,wochenfeedback,7,zufriedenheit_gesamt,5,2025-05-09T08:54:00Z
638,50060,wochenfeedback,7,tempo,5,2025-05-09T08:54:00Z
6213,50514,wochenfeedback,3,zufriedenheit_gesamt,5,2025-05-09T09:07:00Z
6214,50514,wochenfeedback,3,tempo,3,2025-05-09T09:07:00Z
3804,50332,wochenfeedback,3,zufriedenheit_gesamt,5,2025-05-09T09:34:00Z
3805,50332,wochenfeedback,3,tempo,2,2025-05-09T09:34:00Z
3806,50332,wochenfeedback,3,freitext,"Top Inhalte, besonders das SQL-Modul.",2025-05-09T09:34:00Z
5032,50430,wochenfeedback,27,zufriedenheit_gesamt,5,2025-05-09T09:34:00Z
5033,50430,wochenfeedback,27,tempo,3,2025-05-09T09:34:00Z
862,50079,wochenfeedback,19,zufriedenheit_gesamt,4,2025-05-09T10:12:00Z
863,50079,wochenfeedback,19,tempo,5,2025-05-09T10:12:00Z
585,50056,wochenfeedback,7,zufriedenheit_gesamt,4,2025-05-09T10:40:00Z
586,50056,wochenfeedback,7,tempo,3,2025-05-09T10:40:00Z
3047,50279,wochenfeedback,15,zufriedenheit_gesamt,5,2025-05-09T11:07:00Z
3048,50279,wochenfeedback,15,tempo,3,2025-05-09T11:07:00Z
3049,50279,wochenfeedback,15,freitext,Der Coach erklärt super verständlich.,2025-05-09T11:07:00Z
7180,50599,wochenfeedback,3,zufriedenheit_gesamt,4,2025-05-09T11:45:00Z
7181,50599,wochenfeedback,3,tempo,5,2025-05-09T11:45:00Z
299,50029,wochenfeedback,3,zufriedenheit_gesamt,3,2025-05-09T12:07:00Z
300,50029,wochenfeedback,3,tempo,3,2025-05-09T12:07:00Z
5778,50481,wochenfeedback,23,zufriedenheit_gesamt,2,2025-05-09T12:35:00Z
5779,50481,wochenfeedback,23,tempo,2,2025-05-09T12:35:00Z
5780,50481,wochenfeedback,23,freitext,Die Plattform hatte diese Woche mehrfach Ausfälle.,2025-05-09T12:35:00Z
2976,50276,wochenfeedback,15,zufriedenheit_gesamt,4,2025-05-09T12:42:00Z
2977,50276,wochenfeedback,15,tempo,1,2025-05-09T12:42:00Z
4088,50362,wochenfeedback,3,zufriedenheit_gesamt,3,2025-05-09T12:52:00Z
4089,50362,wochenfeedback,3,tempo,4,2025-05-09T12:52:00Z
6867,50567,wochenfeedback,7,zufriedenheit_gesamt,2,2025-05-09T13:15:00Z
6868,50567,wochenfeedback,7,tempo,3,2025-05-09T13:15:00Z
723,50067,wochenfeedback,11,zufriedenheit_gesamt,5,2025-05-09T13:27:00Z
724,50067,wochenfeedback,11,tempo,3,2025-05-09T13:27:00Z
7885,50647,wochenfeedback,15,zufriedenheit_gesamt,4,2025-05-09T13:50:00Z
7886,50647,wochenfeedback,15,tempo,4,2025-05-09T13:50:00Z
6629,50550,wochenfeedback,7,zufriedenheit_gesamt,4,2025-05-09T14:21:00Z
6630,50550,wochenfeedback,7,tempo,3,2025-05-09T14:21:00Z
6287,50519,wochenfeedback,19,zufriedenheit_gesamt,2,2025-05-09T14:52:00Z
6288,50519,wochenfeedback,19,tempo,5,2025-05-09T14:52:00Z
6289,50519,wochenfeedback,19,freitext,Zu wenig Feedback zu den Abgaben.,2025-05-09T14:52:00Z
1159,50107,wochenfeedback,3,zufriedenheit_gesamt,2,2025-05-09T15:10:00Z
1160,50107,wochenfeedback,3,tempo,4,2025-05-09T15:10:00Z
1161,50107,wochenfeedback,3,freitext,Zu wenig Feedback zu den Abgaben.,2025-05-09T15:10:00Z
1805,50162,wochenfeedback,3,zufriedenheit_gesamt,5,2025-05-09T15:23:00Z
1806,50162,wochenfeedback,3,tempo,4,2025-05-09T15:23:00Z
3294,50297,wochenfeedback,11,zufriedenheit_gesamt,2,2025-05-09T15:33:00Z
3295,50297,wochenfeedback,11,tempo,5,2025-05-09T15:33:00Z
3296,50297,wochenfeedback,11,freitext,Zu wenig Feedback zu den Abgaben.,2025-05-09T15:33:00Z
2909,50269,wochenfeedback,11,zufriedenheit_gesamt,2,2025-05-09T16:01:00Z
2910,50269,wochenfeedback,11,tempo,3,2025-05-09T16:01:00Z
4202,50371,wochenfeedback,23,zufriedenheit_gesamt,5,2025-05-09T16:34:00Z
4203,50371,wochenfeedback,23,tempo,3,2025-05-09T16:34:00Z
5621,50473,wochenfeedback,3,zufriedenheit_gesamt,4,2025-05-09T16:48:00Z
5622,50473,wochenfeedback,3,tempo,1,2025-05-09T16:48:00Z
815,50075,wochenfeedback,7,zufriedenheit_gesamt,5,2025-05-09T17:11:00Z
816,50075,wochenfeedback,7,tempo,4,2025-05-09T17:11:00Z
2378,50222,wochenfeedback,3,zufriedenheit_gesamt,4,2025-05-09T17:21:00Z
2379,50222,wochenfeedback,3,tempo,1,2025-05-09T17:21:00Z
7609,50621,wochenfeedback,15,zufriedenheit_gesamt,3,2025-05-09T17:28:00Z
7610,50621,wochenfeedback,15,tempo,3,2025-05-09T17:28:00Z
7611,50621,wochenfeedback,15,freitext,Aufgabenstellungen sind teilweise unklar formuliert.,2025-05-09T17:28:00Z
6060,50501,abschlussfeedback,,nps,8,2025-05-14T07:00:00Z
6061,50501,abschlussfeedback,,zufriedenheit_coach,5,2025-05-14T07:00:00Z
6062,50501,abschlussfeedback,,weiterempfehlung_grund,Ich hätte gern mehr Live-Termine.,2025-05-14T07:00:00Z
3714,50324,abschlussfeedback,,nps,9,2025-05-15T19:00:00Z
3715,50324,abschlussfeedback,,zufriedenheit_coach,3,2025-05-15T19:00:00Z
3716,50324,abschlussfeedback,,weiterempfehlung_grund,"Das Tempo ist mir zu hoch, ich komme kaum hinterher.",2025-05-15T19:00:00Z
808,50074,abschlussfeedback,,nps,6,2025-05-16T01:00:00Z
809,50074,abschlussfeedback,,zufriedenheit_coach,2,2025-05-16T01:00:00Z
810,50074,abschlussfeedback,,weiterempfehlung_grund,Die Live-Sessions sind Gold wert.,2025-05-16T01:00:00Z
7339,50611,wochenfeedback,12,zufriedenheit_gesamt,5,2025-05-16T06:12:00Z
7340,50611,wochenfeedback,12,tempo,3,2025-05-16T06:12:00Z
5301,50449,wochenfeedback,12,zufriedenheit_gesamt,2,2025-05-16T06:15:00Z
5302,50449,wochenfeedback,12,tempo,4,2025-05-16T06:15:00Z
5623,50473,wochenfeedback,4,zufriedenheit_gesamt,2,2025-05-16T06:18:00Z
5624,50473,wochenfeedback,4,tempo,2,2025-05-16T06:18:00Z
6631,50550,wochenfeedback,8,zufriedenheit_gesamt,5,2025-05-16T07:06:00Z
6632,50550,wochenfeedback,8,tempo,4,2025-05-16T07:06:00Z
6633,50550,wochenfeedback,8,freitext,Der Coach erklärt super verständlich.,2025-05-16T07:06:00Z
8111,50672,wochenfeedback,20,zufriedenheit_gesamt,3,2025-05-16T08:00:00Z
8112,50672,wochenfeedback,20,tempo,4,2025-05-16T08:00:00Z
1807,50162,wochenfeedback,4,zufriedenheit_gesamt,5,2025-05-16T08:38:00Z
1808,50162,wochenfeedback,4,tempo,2,2025-05-16T08:38:00Z
4090,50362,wochenfeedback,4,zufriedenheit_gesamt,2,2025-05-16T08:48:00Z
4091,50362,wochenfeedback,4,tempo,3,2025-05-16T08:48:00Z
1792,50161,wochenfeedback,4,zufriedenheit_gesamt,2,2025-05-16T08:58:00Z
1793,50161,wochenfeedback,4,tempo,3,2025-05-16T08:58:00Z
5781,50481,wochenfeedback,24,zufriedenheit_gesamt,5,2025-05-16T09:41:00Z
5782,50481,wochenfeedback,24,tempo,5,2025-05-16T09:41:00Z
5783,50481,wochenfeedback,24,freitext,"<p>Die Videos sind gut, aber die Quizze sind zu leicht.</p>",2025-05-16T09:41:00Z
4967,50427,wochenfeedback,16,zufriedenheit_gesamt,4,2025-05-16T09:53:00Z
4968,50427,wochenfeedback,16,tempo,3,2025-05-16T09:53:00Z
4096,50363,wochenfeedback,4,zufriedenheit_gesamt,5,2025-05-16T10:03:00Z
4097,50363,wochenfeedback,4,tempo,3,2025-05-16T10:03:00Z
4593,50394,wochenfeedback,28,zufriedenheit_gesamt,4,2025-05-16T10:06:00Z
4594,50394,wochenfeedback,28,tempo,3,2025-05-16T10:06:00Z
639,50060,wochenfeedback,8,zufriedenheit_gesamt,4,2025-05-16T10:30:00Z
640,50060,wochenfeedback,8,tempo,2,2025-05-16T10:30:00Z
2727,50249,wochenfeedback,12,zufriedenheit_gesamt,4,2025-05-16T10:57:00Z
2728,50249,wochenfeedback,12,tempo,3,2025-05-16T10:57:00Z
2729,50249,wochenfeedback,12,freitext,"Top Inhalte, besonders das SQL-Modul.",2025-05-16T10:57:00Z
6773,50560,wochenfeedback,6,zufriedenheit_gesamt,5,2025-05-16T11:53:00Z
6774,50560,wochenfeedback,6,tempo,3,2025-05-16T11:53:00Z
587,50056,wochenfeedback,8,zufriedenheit_gesamt,3,2025-05-16T12:09:00Z
588,50056,wochenfeedback,8,tempo,4,2025-05-16T12:09:00Z
7706,50628,wochenfeedback,4,zufriedenheit_gesamt,5,2025-05-16T12:34:00Z
7707,50628,wochenfeedback,4,tempo,3,2025-05-16T12:34:00Z
725,50067,wochenfeedback,12,zufriedenheit_gesamt,5,2025-05-16T12:54:00Z
726,50067,wochenfeedback,12,tempo,4,2025-05-16T12:54:00Z
3493,50307,wochenfeedback,8,zufriedenheit_gesamt,4,2025-05-16T13:32:00Z
3494,50307,wochenfeedback,8,tempo,3,2025-05-16T13:32:00Z
7542,50620,wochenfeedback,36,zufriedenheit_gesamt,4,2025-05-16T13:32:00Z
7543,50620,wochenfeedback,36,tempo,2,2025-05-16T13:32:00Z
2627,50239,wochenfeedback,12,zufriedenheit_gesamt,4,2025-05-16T14:19:00Z
2628,50239,wochenfeedback,12,tempo,1,2025-05-16T14:19:00Z
2978,50276,wochenfeedback,16,zufriedenheit_gesamt,3,2025-05-16T14:42:00Z
2979,50276,wochenfeedback,16,tempo,3,2025-05-16T14:42:00Z
2980,50276,wochenfeedback,16,freitext,Die Plattform hatte diese Woche mehrfach Ausfälle.,2025-05-16T14:42:00Z
5034,50430,wochenfeedback,28,zufriedenheit_gesamt,5,2025-05-16T14:52:00Z
5035,50430,wochenfeedback,28,tempo,3,2025-05-16T14:52:00Z
5696,50477,wochenfeedback,8,zufriedenheit_gesamt,5,2025-05-16T15:27:00Z
5697,50477,wochenfeedback,8,tempo,1,2025-05-16T15:27:00Z
5698,50477,wochenfeedback,8,freitext,"Top Inhalte, besonders das SQL-Modul.",2025-05-16T15:27:00Z
832,50076,wochenfeedback,4,zufriedenheit_gesamt,2,2025-05-16T15:30:00Z
833,50076,wochenfeedback,4,tempo,1,2025-05-16T15:30:00Z
834,50076,wochenfeedback,4,freitext,Statistik-Modul ist zu theoretisch.,2025-05-16T15:30:00Z
3063,50280,wochenfeedback,12,zufriedenheit_gesamt,2,2025-05-16T15:50:00Z
3064,50280,wochenfeedback,12,tempo,4,2025-05-16T15:50:00Z
1231,50113,wochenfeedback,12,zufriedenheit_gesamt,3,2025-05-16T16:49:00Z
1232,50113,wochenfeedback,12,tempo,3,2025-05-16T16:49:00Z
3880,50342,wochenfeedback,12,zufriedenheit_gesamt,5,2025-05-16T17:22:00Z
3881,50342,wochenfeedback,12,tempo,4,2025-05-16T17:22:00Z
7182,50599,wochenfeedback,4,zufriedenheit_gesamt,5,2025-05-16T17:30:00Z
7183,50599,wochenfeedback,4,tempo,3,2025-05-16T17:30:00Z
7233,50600,wochenfeedback,8,zufriedenheit_gesamt,5,2025-05-16T17:39:00Z
7234,50600,wochenfeedback,8,tempo,4,2025-05-16T17:39:00Z
7235,50600,wochenfeedback,8,freitext,"Top Inhalte, besonders das SQL-Modul.",2025-05-16T17:39:00Z
1244,50114,abschlussfeedback,,nps,6,2025-05-16T21:00:00Z
1245,50114,abschlussfeedback,,zufriedenheit_coach,5,2025-05-16T21:00:00Z
1246,50114,abschlussfeedback,,weiterempfehlung_grund,Der Coach erklärt super verständlich.,2025-05-16T21:00:00Z
5015,50429,abschlussfeedback,,nps,8,2025-05-17T18:00:00Z
5016,50429,abschlussfeedback,,zufriedenheit_coach,5,2025-05-17T18:00:00Z
5017,50429,abschlussfeedback,,weiterempfehlung_grund,Der Coach erklärt super verständlich.,2025-05-17T18:00:00Z
8550,50708,abschlussfeedback,,nps,7,2025-05-17T19:00:00Z
8551,50708,abschlussfeedback,,zufriedenheit_coach,5,2025-05-17T19:00:00Z
8552,50708,abschlussfeedback,,weiterempfehlung_grund,"Top Inhalte, besonders das SQL-Modul.",2025-05-17T19:00:00Z
3764,50328,abschlussfeedback,,nps,6/10,2025-05-18T17:00:00Z
3765,50328,abschlussfeedback,,zufriedenheit_coach,5,2025-05-18T17:00:00Z
3766,50328,abschlussfeedback,,weiterempfehlung_grund,"Sehr gute Betreuung, die Übungen sind praxisnah.",2025-05-18T17:00:00Z
5885,50487,abschlussfeedback,,nps,8,2025-05-20T01:00:00Z
5886,50487,abschlussfeedback,,zufriedenheit_coach,2,2025-05-20T01:00:00Z
5887,50487,abschlussfeedback,,weiterempfehlung_grund,"Sehr gute Betreuung, die Übungen sind praxisnah.",2025-05-20T01:00:00Z
4273,50373,abschlussfeedback,,nps,8,2025-05-20T04:00:00Z
4274,50373,abschlussfeedback,,zufriedenheit_coach,4,2025-05-20T04:00:00Z
4275,50373,abschlussfeedback,,weiterempfehlung_grund,Die Plattform hatte diese Woche mehrfach Ausfälle.,2025-05-20T04:00:00Z
864,50079,abschlussfeedback,,nps,8/10,2025-05-22T06:00:00Z
865,50079,abschlussfeedback,,zufriedenheit_coach,4,2025-05-22T06:00:00Z
866,50079,abschlussfeedback,,weiterempfehlung_grund,Ich fühle mich gut vorbereitet.,2025-05-22T06:00:00Z
4848,50413,wochenfeedback,1,zufriedenheit_gesamt,5,2025-05-23T07:56:00Z
4849,50413,wochenfeedback,1,tempo,3,2025-05-23T07:56:00Z
7184,50599,wochenfeedback,5,zufriedenheit_gesamt,4,2025-05-23T08:06:00Z
7185,50599,wochenfeedback,5,tempo,5,2025-05-23T08:06:00Z
4480,50388,wochenfeedback,13,zufriedenheit_gesamt,5,2025-05-23T09:22:00Z
4481,50388,wochenfeedback,13,tempo,1,2025-05-23T09:22:00Z
4482,50388,wochenfeedback,13,freitext,Die Live-Sessions sind Gold wert.,2025-05-23T09:22:00Z
121,50011,wochenfeedback,1,zufriedenheit_gesamt,5,2025-05-23T09:30:00Z
122,50011,wochenfeedback,1,tempo,2,2025-05-23T09:30:00Z
5441,50455,wochenfeedback,5,zufriedenheit_gesamt,4,2025-05-23T09:42:00Z
5442,50455,wochenfeedback,5,tempo,3,2025-05-23T09:42:00Z
5443,50455,wochenfeedback,5,freitext,"Sehr gute Betreuung, die Übungen sind praxisnah.",2025-05-23T09:42:00Z
1684,50150,wochenfeedback,5,zufriedenheit_gesamt,5,2025-05-23T10:05:00Z
1685,50150,wochenfeedback,5,tempo,3,2025-05-23T10:05:00Z
4204,50371,wochenfeedback,25,zufriedenheit_gesamt,3,2025-05-23T10:11:00Z
4205,50371,wochenfeedback,25,tempo,3,2025-05-23T10:11:00Z
4206,50371,wochenfeedback,25,freitext,Die Plattform hatte diese Woche mehrfach Ausfälle.,2025-05-23T10:11:00Z
1599,50144,wochenfeedback,9,zufriedenheit_gesamt,4,2025-05-23T11:03:00Z
1600,50144,wochenfeedback,9,tempo,5,2025-05-23T11:03:00Z
817,50075,wochenfeedback,9,zufriedenheit_gesamt,3,2025-05-23T11:07:00Z
818,50075,wochenfeedback,9,tempo,5,2025-05-23T11:07:00Z
4092,50362,wochenfeedback,5,zufriedenheit_gesamt,2,2025-05-23T11:11:00Z
4093,50362,wochenfeedback,5,tempo,3,2025-05-23T11:11:00Z
1483,50137,wochenfeedback,17,zufriedenheit_gesamt,5,2025-05-23T11:23:00Z
1484,50137,wochenfeedback,17,tempo,3,2025-05-23T11:23:00Z
1485,50137,wochenfeedback,17,freitext,"Sehr gute Betreuung, die Übungen sind praxisnah.",2025-05-23T11:23:00Z
6927,50573,wochenfeedback,9,zufriedenheit_gesamt,1,2025-05-23T11:28:00Z
6928,50573,wochenfeedback,9,tempo,4,2025-05-23T11:28:00Z
4523,50391,wochenfeedback,13,zufriedenheit_gesamt,5,2025-05-23T12:09:00Z
4524,50391,wochenfeedback,13,tempo,3,2025-05-23T12:09:00Z
7320,50609,wochenfeedback,1,zufriedenheit_gesamt,2,2025-05-23T12:28:00Z
7321,50609,wochenfeedback,1,tempo,2,2025-05-23T12:28:00Z
3154,50286,wochenfeedback,1,zufriedenheit_gesamt,5,2025-05-23T12:32:00Z
3155,50286,wochenfeedback,1,tempo,1,2025-05-23T12:32:00Z
613,50059,wochenfeedback,29,zufriedenheit_gesamt,4,2025-05-23T13:15:00Z
614,50059,wochenfeedback,29,tempo,1,2025-05-23T13:15:00Z
615,50059,wochenfeedback,29,freitext,"Top Inhalte, besonders das SQL-Modul.",2025-05-23T13:15:00Z
2189,50203,wochenfeedback,1,zufriedenheit_gesamt,2,2025-05-23T13:19:00Z
2190,50203,wochenfeedback,1,tempo,4,2025-05-23T13:19:00Z
1880,50167,wochenfeedback,13,zufriedenheit_gesamt,5,2025-05-23T13:22:00Z
1881,50167,wochenfeedback,13,tempo,3,2025-05-23T13:22:00Z
1882,50167,wochenfeedback,13,freitext,"Top Inhalte, besonders das SQL-Modul.",2025-05-23T13:22:00Z
653,50061,wochenfeedback,13,zufriedenheit_gesamt,4,2025-05-23T13:59:00Z
654,50061,wochenfeedback,13,tempo,2,2025-05-23T13:59:00Z
6994,50580,wochenfeedback,1,zufriedenheit_gesamt,5,2025-05-23T14:11:00Z
6995,50580,wochenfeedback,1,tempo,4,2025-05-23T14:11:00Z
6813,50563,wochenfeedback,29,zufriedenheit_gesamt,2,2025-05-23T14:37:00Z
6814,50563,wochenfeedback,29,tempo,3,2025-05-23T14:37:00Z
6815,50563,wochenfeedback,29,freitext,"Das Tempo ist mir zu hoch, ich komme kaum hinterher.",2025-05-23T14:37:00Z
6723,50554,wochenfeedback,13,zufriedenheit_gesamt,4,2025-05-23T15:01:00Z
6724,50554,wochenfeedback,13,tempo,3,2025-05-23T15:01:00Z
3981,50347,wochenfeedback,29,zufriedenheit_gesamt,3,2025-05-23T15:09:00Z
3982,50347,wochenfeedback,29,tempo,2,2025-05-23T15:09:00Z
727,50067,wochenfeedback,13,zufriedenheit_gesamt,4,2025-05-23T15:11:00Z
728,50067,wochenfeedback,13,tempo,1,2025-05-23T15:11:00Z
4147,50366,wochenfeedback,29,zufriedenheit_gesamt,4,2025-05-23T15:17:00Z
4148,50366,wochenfeedback,29,tempo,5,2025-05-23T15:17:00Z
5842,50482,wochenfeedback,1,zufriedenheit_gesamt,2,2025-05-23T15:28:00Z
5843,50482,wochenfeedback,1,tempo,4,2025-05-23T15:28:00Z
5844,50482,wochenfeedback,1,freitext,"Das Tempo ist mir zu hoch, ich komme kaum hinterher.",2025-05-23T15:28:00Z
7544,50620,wochenfeedback,37,zufriedenheit_gesamt,3,2025-05-23T16:20:00Z
7545,50620,wochenfeedback,37,tempo,3,2025-05-23T16:20:00Z
7546,50620,wochenfeedback,37,freitext,Aufgabenstellungen sind teilweise unklar formuliert.,2025-05-23T16:20:00Z
3344,50302,wochenfeedback,13,zufriedenheit_gesamt,4,2025-05-23T16:47:00Z
3345,50302,wochenfeedback,13,tempo,3,2025-05-23T16:47:00Z
7350,50612,wochenfeedback,9,zufriedenheit_gesamt,4,2025-05-23T17:10:00Z
7351,50612,wochenfeedback,9,tempo,3,2025-05-23T17:10:00Z
3866,50339,wochenfeedback,17,zufriedenheit_gesamt,5,2025-05-23T17:18:00Z
3867,50339,wochenfeedback,17,tempo,3,2025-05-23T17:18:00Z
4981,50428,wochenfeedback,13,zufriedenheit_gesamt,4,2025-05-23T17:28:00Z
4982,50428,wochenfeedback,13,tempo,4,2025-05-23T17:28:00Z
4983,50428,wochenfeedback,13,freitext,Ich fühle mich gut vorbereitet.,2025-05-23T17:28:00Z
3177,50287,wochenfeedback,13,zufriedenheit_gesamt,3,2025-05-23T17:41:00Z
3178,50287,wochenfeedback,13,tempo,2,2025-05-23T17:41:00Z
3179,50287,wochenfeedback,13,freitext,Die Plattform hatte diese Woche mehrfach Ausfälle.,2025-05-23T17:41:00Z
4346,50379,wochenfeedback,22,zufriedenheit_gesamt,5,2025-05-30T06:58:00Z
4347,50379,wochenfeedback,22,tempo,3,2025-05-30T06:58:00Z
7236,50600,wochenfeedback,10,zufriedenheit_gesamt,3,2025-05-30T07:14:00Z
7237,50600,wochenfeedback,10,tempo,3,2025-05-30T07:14:00Z
7238,50600,wochenfeedback,10,freitext,"Das Tempo ist mir zu hoch, ich komme kaum hinterher.",2025-05-30T07:14:00Z
4149,50366,wochenfeedback,30,zufriedenheit_gesamt,5,2025-05-30T07:18:00Z
4150,50366,wochenfeedback,30,tempo,3,2025-05-30T07:18:00Z
4595,50394,wochenfeedback,30,zufriedenheit_gesamt,5,2025-05-30T08:21:00Z
4596,50394,wochenfeedback,30,tempo,3,2025-05-30T08:21:00Z
4098,50363,wochenfeedback,6,zufriedenheit_gesamt,4,2025-05-30T08:48:00Z
4099,50363,wochenfeedback,6,tempo,3,2025-05-30T08:48:00Z
7666,50625,wochenfeedback,14,zufriedenheit_gesamt,5,2025-05-30T09:00:00Z
7667,50625,wochenfeedback,14,tempo,3,2025-05-30T09:00:00Z
301,50029,wochenfeedback,6,zufriedenheit_gesamt,4,2025-05-30T09:33:00Z
302,50029,wochenfeedback,6,tempo,4,2025-05-30T09:33:00Z
2981,50276,wochenfeedback,18,zufriedenheit_gesamt,4,2025-05-30T09:48:00Z
2982,50276,wochenfeedback,18,tempo,3,2025-05-30T09:48:00Z
3983,50347,wochenfeedback,30,zufriedenheit_gesamt,4,2025-05-30T09:52:00Z
3984,50347,wochenfeedback,30,tempo,5,2025-05-30T09:52:00Z
7306,50608,wochenfeedback,14,zufriedenheit_gesamt,4,2025-05-30T09:55:00Z
7307,50608,wochenfeedback,14,tempo,3,2025-05-30T09:55:00Z
5625,50473,wochenfeedback,6,zufriedenheit_gesamt,5,2025-05-30T10:16:00Z
5626,50473,wochenfeedback,6,tempo,3,2025-05-30T10:16:00Z
4483,50388,wochenfeedback,14,zufriedenheit_gesamt,5,2025-05-30T11:20:00Z
4484,50388,wochenfeedback,14,tempo,5,2025-05-30T11:20:00Z
4485,50388,wochenfeedback,14,freitext,Die Live-Sessions sind Gold wert.,2025-05-30T11:20:00Z
7744,50631,wochenfeedback,18,zufriedenheit_gesamt,4,2025-05-30T11:24:00Z
7745,50631,wochenfeedback,18,tempo,4,2025-05-30T11:24:00Z
7746,50631,wochenfeedback,18,freitext,"<p>Die Videos sind gut, aber die Quizze sind zu leicht.</p>",2025-05-30T11:24:00Z
2939,50272,wochenfeedback,6,zufriedenheit_gesamt,5,2025-05-30T11:55:00Z
2940,50272,wochenfeedback,6,tempo,2,2025-05-30T11:55:00Z
3694,50323,wochenfeedback,14,zufriedenheit_gesamt,5,2025-05-30T11:55:00Z
3695,50323,wochenfeedback,14,tempo,3,2025-05-30T11:55:00Z
7352,50612,wochenfeedback,10,zufriedenheit_gesamt,4,2025-05-30T12:01:00Z
7353,50612,wochenfeedback,10,tempo,2,2025-05-30T12:01:00Z
7887,50647,wochenfeedback,18,zufriedenheit_gesamt,5,2025-05-30T12:58:00Z
7888,50647,wochenfeedback,18,tempo,4,2025-05-30T12:58:00Z
6996,50580,wochenfeedback,2,zufriedenheit_gesamt,4,2025-05-30T13:13:00Z
6997,50580,wochenfeedback,2,tempo,3,2025-05-30T13:13:00Z
123,50011,wochenfeedback,2,zufriedenheit_gesamt,4,2025-05-30T13:15:00Z
124,50011,wochenfeedback,2,tempo,1,2025-05-30T13:15:00Z
125,50011,wochenfeedback,2,freitext,Der Coach erklärt super verständlich.,2025-05-30T13:15:00Z
641,50060,wochenfeedback,10,zufriedenheit_gesamt,4,2025-05-30T13:41:00Z
642,50060,wochenfeedback,10,tempo,1,2025-05-30T13:41:00Z
1486,50137,wochenfeedback,18,zufriedenheit_gesamt,5,2025-05-30T14:22:00Z
1487,50137,wochenfeedback,18,tempo,4,2025-05-30T14:22:00Z
1488,50137,wochenfeedback,18,freitext,Die Live-Sessions sind Gold wert.,2025-05-30T14:22:00Z
3050,50279,wochenfeedback,18,zufriedenheit_gesamt,3,2025-05-30T16:05:00Z
3051,50279,wochenfeedback,18,tempo,2,2025-05-30T16:05:00Z
3052,50279,wochenfeedback,18,freitext,Aufgabenstellungen sind teilweise unklar formuliert.,2025-05-30T16:05:00Z
5303,50449,wochenfeedback,14,zufriedenheit_gesamt,3,2025-05-30T17:57:00Z
5304,50449,wochenfeedback,14,tempo,3,2025-05-30T17:57:00Z
5305,50449,wochenfeedback,14,freitext,Statistik-Modul ist zu theoretisch.,2025-05-30T17:57:00Z
5036,50430,wochenfeedback,30,zufriedenheit_gesamt,5,2025-05-30T17:59:00Z
5037,50430,wochenfeedback,30,tempo,4,2025-05-30T17:59:00Z
99,50008,abschlussfeedback,,nps,7,2025-06-01T20:00:00Z
100,50008,abschlussfeedback,,zufriedenheit_coach,4,2025-06-01T20:00:00Z
101,50008,abschlussfeedback,,weiterempfehlung_grund,Der Coach erklärt super verständlich.,2025-06-01T20:00:00Z
616,50059,wochenfeedback,31,zufriedenheit_gesamt,3,2025-06-06T07:11:00Z
617,50059,wochenfeedback,31,tempo,3,2025-06-06T07:11:00Z
5845,50482,wochenfeedback,3,zufriedenheit_gesamt,5,2025-06-06T07:41:00Z
5846,50482,wochenfeedback,3,tempo,3,2025-06-06T07:41:00Z
6998,50580,wochenfeedback,3,zufriedenheit_gesamt,4,2025-06-06T07:42:00Z
6999,50580,wochenfeedback,3,tempo,3,2025-06-06T07:42:00Z
4969,50427,wochenfeedback,19,zufriedenheit_gesamt,2,2025-06-06T07:55:00Z
4970,50427,wochenfeedback,19,tempo,4,2025-06-06T07:55:00Z
4971,50427,wochenfeedback,19,freitext,Aufgabenstellungen sind teilweise unklar formuliert.,2025-06-06T07:55:00Z
7547,50620,wochenfeedback,39,zufriedenheit_gesamt,4,2025-06-06T07:59:00Z
7548,50620,wochenfeedback,39,tempo,4,2025-06-06T07:59:00Z
6387,50529,wochenfeedback,23,zufriedenheit_gesamt,4,2025-06-06T08:10:00Z
6388,50529,wochenfeedback,23,tempo,3,2025-06-06T08:10:00Z
6389,50529,wochenfeedback,23,freitext,Der Coach erklärt super verständlich.,2025-06-06T08:10:00Z
3156,50286,wochenfeedback,3,zufriedenheit_gesamt,5,2025-06-06T09:07:00Z
3157,50286,wochenfeedback,3,tempo,2,2025-06-06T09:07:00Z
3158,50286,wochenfeedback,3,freitext,"<p>Die Videos sind gut, aber die Quizze sind zu leicht.</p>",2025-06-06T09:07:00Z
303,50029,wochenfeedback,7,zufriedenheit_gesamt,5,2025-06-06T09:11:00Z
304,50029,wochenfeedback,7,tempo,4,2025-06-06T09:11:00Z
5444,50455,wochenfeedback,7,zufriedenheit_gesamt,5,2025-06-06T09:16:00Z
5445,50455,wochenfeedback,7,tempo,5,2025-06-06T09:16:00Z
1809,50162,wochenfeedback,7,zufriedenheit_gesamt,5,2025-06-06T10:31:00Z
1810,50162,wochenfeedback,7,tempo,3,2025-06-06T10:31:00Z
5306,50449,wochenfeedback,15,zufriedenheit_gesamt,4,2025-06-06T10:33:00Z
5307,50449,wochenfeedback,15,tempo,1,2025-06-06T10:33:00Z
2566,50236,wochenfeedback,19,zufriedenheit_gesamt,4,2025-06-06T10:56:00Z
2567,50236,wochenfeedback,19,tempo,4,2025-06-06T10:56:00Z
6929,50573,wochenfeedback,11,zufriedenheit_gesamt,2,2025-06-06T11:22:00Z
6930,50573,wochenfeedback,11,tempo,3,2025-06-06T11:22:00Z
1686,50150,wochenfeedback,7,zufriedenheit_gesamt,4,2025-06-06T11:25:00Z
1687,50150,wochenfeedback,7,tempo,5,2025-06-06T11:25:00Z
7239,50600,wochenfeedback,11,zufriedenheit_gesamt,2,2025-06-06T12:06:00Z
7240,50600,wochenfeedback,11,tempo,5,2025-06-06T12:06:00Z
7241,50600,wochenfeedback,11,freitext,"Das Tempo ist mir zu hoch, ich komme kaum hinterher.",2025-06-06T12:06:00Z
3180,50287,wochenfeedback,15,zufriedenheit_gesamt,5,2025-06-06T12:10:00Z
3181,50287,wochenfeedback,15,tempo,1,2025-06-06T12:10:00Z
4525,50391,wochenfeedback,15,zufriedenheit_gesamt,3,2025-06-06T12:14:00Z
4526,50391,wochenfeedback,15,tempo,2,2025-06-06T12:14:00Z
4825,50409,wochenfeedback,31,zufriedenheit_gesamt,5,2025-06-06T13:18:00Z
4826,50409,wochenfeedback,31,tempo,5,2025-06-06T13:18:00Z
4827,50409,wochenfeedback,31,freitext,"Top Inhalte, besonders das SQL-Modul.",2025-06-06T13:18:00Z
7727,50630,wochenfeedback,15,zufriedenheit_gesamt,2,2025-06-06T13:22:00Z
7728,50630,wochenfeedback,15,tempo,2,2025-06-06T13:22:00Z
3696,50323,wochenfeedback,15,zufriedenheit_gesamt,5,2025-06-06T13:33:00Z
3697,50323,wochenfeedback,15,tempo,2,2025-06-06T13:33:00Z
3698,50323,wochenfeedback,15,freitext,"Tempo passt für mich, gerne mehr Praxisbeispiele.",2025-06-06T13:33:00Z
3346,50302,wochenfeedback,15,zufriedenheit_gesamt,4,2025-06-06T15:14:00Z
3347,50302,wochenfeedback,15,tempo,5,2025-06-06T15:14:00Z
2629,50239,wochenfeedback,15,zufriedenheit_gesamt,3,2025-06-06T15:38:00Z
2630,50239,wochenfeedback,15,tempo,1,2025-06-06T15:38:00Z
4207,50371,wochenfeedback,27,zufriedenheit_gesamt,2,2025-06-06T15:50:00Z
4208,50371,wochenfeedback,27,tempo,1,2025-06-06T15:50:00Z
4209,50371,wochenfeedback,27,freitext,Die Plattform hatte diese Woche mehrfach Ausfälle.,2025-06-06T15:50:00Z
4151,50366,wochenfeedback,31,zufriedenheit_gesamt,2,2025-06-06T16:00:00Z
4152,50366,wochenfeedback,31,tempo,3,2025-06-06T16:00:00Z
7308,50608,wochenfeedback,15,zufriedenheit_gesamt,4,2025-06-06T16:21:00Z
7309,50608,wochenfeedback,15,tempo,5,2025-06-06T16:21:00Z
7310,50608,wochenfeedback,15,freitext,Der Coach erklärt super verständlich.,2025-06-06T16:21:00Z
367,50034,wochenfeedback,3,zufriedenheit_gesamt,5,2025-06-06T17:00:00Z
368,50034,wochenfeedback,3,tempo,4,2025-06-06T17:00:00Z
369,50034,wochenfeedback,3,freitext,"<p>Die Videos sind gut, aber die Quizze sind zu leicht.</p>",2025-06-06T17:00:00Z
126,50011,wochenfeedback,3,zufriedenheit_gesamt,4,2025-06-06T17:14:00Z
127,50011,wochenfeedback,3,tempo,4,2025-06-06T17:14:00Z
128,50011,wochenfeedback,3,freitext,"<p>Die Videos sind gut, aber die Quizze sind zu leicht.</p>",2025-06-06T17:14:00Z
819,50075,wochenfeedback,11,zufriedenheit_gesamt,5,2025-06-06T17:17:00Z
820,50075,wochenfeedback,11,tempo,2,2025-06-06T17:17:00Z
729,50067,wochenfeedback,15,zufriedenheit_gesamt,4,2025-06-06T17:42:00Z
730,50067,wochenfeedback,15,tempo,4,2025-06-06T17:42:00Z
731,50067,wochenfeedback,15,freitext,Die Live-Sessions sind Gold wert.,2025-06-06T17:42:00Z
3297,50297,abschlussfeedback,,nps,7,2025-06-07T01:00:00Z
3298,50297,abschlussfeedback,,zufriedenheit_coach,2,2025-06-07T01:00:00Z
3299,50297,abschlussfeedback,,weiterempfehlung_grund,Aufgabenstellungen sind teilweise unklar formuliert.,2025-06-07T01:00:00Z
7612,50621,abschlussfeedback,,nps,9,2025-06-08T01:00:00Z
7613,50621,abschlussfeedback,,zufriedenheit_coach,4,2025-06-08T01:00:00Z
7614,50621,abschlussfeedback,,weiterempfehlung_grund,"Sehr gute Betreuung, die Übungen sind praxisnah.",2025-06-08T01:00:00Z
732,50067,abschlussfeedback,,nps,10/10,2025-06-11T01:00:00Z
733,50067,abschlussfeedback,,zufriedenheit_coach,2,2025-06-11T01:00:00Z
734,50067,abschlussfeedback,,weiterempfehlung_grund,Zu wenig Feedback zu den Abgaben.,2025-06-11T01:00:00Z
1489,50137,abschlussfeedback,,nps,7,2025-06-12T23:00:00Z
1490,50137,abschlussfeedback,,zufriedenheit_coach,4,2025-06-12T23:00:00Z
1491,50137,abschlussfeedback,,weiterempfehlung_grund,"Tempo passt für mich, gerne mehr Praxisbeispiele.",2025-06-12T23:00:00Z
2678,50247,wochenfeedback,4,zufriedenheit_gesamt,4,2025-06-13T06:42:00Z
2679,50247,wochenfeedback,4,tempo,2,2025-06-13T06:42:00Z
3699,50323,wochenfeedback,16,zufriedenheit_gesamt,2,2025-06-13T06:43:00Z
3700,50323,wochenfeedback,16,tempo,1,2025-06-13T06:43:00Z
2310,50217,wochenfeedback,16,zufriedenheit_gesamt,5,2025-06-13T07:01:00Z
2311,50217,wochenfeedback,16,tempo,4,2025-06-13T07:01:00Z
6105,50505,wochenfeedback,4,zufriedenheit_gesamt,4,2025-06-13T07:08:00Z
6106,50505,wochenfeedback,4,tempo,5,2025-06-13T07:08:00Z
6107,50505,wochenfeedback,4,freitext,Ich fühle mich gut vorbereitet.,2025-06-13T07:08:00Z
4348,50379,wochenfeedback,24,zufriedenheit_gesamt,2,2025-06-13T07:35:00Z
4349,50379,wochenfeedback,24,tempo,1,2025-06-13T07:35:00Z
305,50029,wochenfeedback,8,zufriedenheit_gesamt,3,2025-06-13T07:55:00Z
306,50029,wochenfeedback,8,tempo,4,2025-06-13T07:55:00Z
307,50029,wochenfeedback,8,freitext,Zu wenig Feedback zu den Abgaben.,2025-06-13T07:55:00Z
7729,50630,wochenfeedback,16,zufriedenheit_gesamt,3,2025-06-13T08:50:00Z
7730,50630,wochenfeedback,16,tempo,1,2025-06-13T08:50:00Z
7731,50630,wochenfeedback,16,freitext,<p>Insgesamt <strong>sehr zufrieden</strong>.</p>,2025-06-13T08:50:00Z
2380,50222,wochenfeedback,8,zufriedenheit_gesamt,5,2025-06-13T09:09:00Z
2381,50222,wochenfeedback,8,tempo,2,2025-06-13T09:09:00Z
6775,50560,wochenfeedback,10,zufriedenheit_gesamt,5,2025-06-13T09:31:00Z
6776,50560,wochenfeedback,10,tempo,2,2025-06-13T09:31:00Z
6777,50560,wochenfeedback,10,freitext,"Sehr gute Betreuung, die Übungen sind praxisnah.",2025-06-13T09:31:00Z
3182,50287,wochenfeedback,16,zufriedenheit_gesamt,4,2025-06-13T09:40:00Z
3183,50287,wochenfeedback,16,tempo,4,2025-06-13T09:40:00Z
129,50011,wochenfeedback,4,zufriedenheit_gesamt,2,2025-06-13T11:51:00Z
130,50011,wochenfeedback,4,tempo,5,2025-06-13T11:51:00Z
131,50011,wochenfeedback,4,freitext,Statistik-Modul ist zu theoretisch.,2025-06-13T11:51:00Z
5627,50473,wochenfeedback,8,zufriedenheit_gesamt,4,2025-06-13T12:30:00Z
5628,50473,wochenfeedback,8,tempo,3,2025-06-13T12:30:00Z
1601,50144,wochenfeedback,12,zufriedenheit_gesamt,5,2025-06-13T13:16:00Z
1602,50144,wochenfeedback,12,tempo,3,2025-06-13T13:16:00Z
1603,50144,wochenfeedback,12,freitext,Die Live-Sessions sind Gold wert.,2025-06-13T13:16:00Z
2191,50203,wochenfeedback,4,zufriedenheit_gesamt,2,2025-06-13T13:16:00Z
2192,50203,wochenfeedback,4,tempo,4,2025-06-13T13:16:00Z
1688,50150,wochenfeedback,8,zufriedenheit_gesamt,5,2025-06-13T14:21:00Z
1689,50150,wochenfeedback,8,tempo,3,2025-06-13T14:21:00Z
8113,50672,wochenfeedback,24,zufriedenheit_gesamt,3,2025-06-13T14:28:00Z
8114,50672,wochenfeedback,24,tempo,2,2025-06-13T14:28:00Z
4210,50371,wochenfeedback,28,zufriedenheit_gesamt,4,2025-06-13T15:07:00Z
4211,50371,wochenfeedback,28,tempo,4,2025-06-13T15:07:00Z
5446,50455,wochenfeedback,8,zufriedenheit_gesamt,4,2025-06-13T15:07:00Z
5447,50455,wochenfeedback,8,tempo,5,2025-06-13T15:07:00Z
2983,50276,wochenfeedback,20,zufriedenheit_gesamt,5,2025-06-13T15:20:00Z
2984,50276,wochenfeedback,20,tempo,5,2025-06-13T15:20:00Z
5308,50449,wochenfeedback,16,zufriedenheit_gesamt,5,2025-06-13T15:44:00Z
5309,50449,wochenfeedback,16,tempo,1,2025-06-13T15:44:00Z
5310,50449,wochenfeedback,16,freitext,"<p>Die Videos sind gut, aber die Quizze sind zu leicht.</p>",2025-06-13T15:44:00Z
7000,50580,wochenfeedback,4,zufriedenheit_gesamt,2,2025-06-13T15:51:00Z
7001,50580,wochenfeedback,4,tempo,2,2025-06-13T15:51:00Z
4486,50388,wochenfeedback,16,zufriedenheit_gesamt,2,2025-06-13T16:22:00Z
4487,50388,wochenfeedback,16,tempo,1,2025-06-13T16:22:00Z
7354,50612,wochenfeedback,12,zufriedenheit_gesamt,5,2025-06-13T16:23:00Z
7355,50612,wochenfeedback,12,tempo,3,2025-06-13T16:23:00Z
7747,50631,wochenfeedback,20,zufriedenheit_gesamt,4,2025-06-13T16:37:00Z
7748,50631,wochenfeedback,20,tempo,1,2025-06-13T16:37:00Z
3495,50307,wochenfeedback,12,zufriedenheit_gesamt,5,2025-06-13T16:59:00Z
3496,50307,wochenfeedback,12,tempo,3,2025-06-13T16:59:00Z
3497,50307,wochenfeedback,12,freitext,"Sehr gute Betreuung, die Übungen sind praxisnah.",2025-06-13T16:59:00Z
2053,50188,wochenfeedback,8,zufriedenheit_gesamt,4,2025-06-13T17:18:00Z
2054,50188,wochenfeedback,8,tempo,2,2025-06-13T17:18:00Z
3807,50332,wochenfeedback,8,zufriedenheit_gesamt,4,2025-06-13T17:56:00Z
3808,50332,wochenfeedback,8,tempo,3,2025-06-13T17:56:00Z
7889,50647,abschlussfeedback,,nps,10,2025-06-15T19:00:00Z
7890,50647,abschlussfeedback,,zufriedenheit_coach,5,2025-06-15T19:00:00Z
7891,50647,abschlussfeedback,,weiterempfehlung_grund,Die Live-Sessions sind Gold wert.,2025-06-15T19:00:00Z
7668,50625,abschlussfeedback,,nps,10,2025-06-16T00:00:00Z
7669,50625,abschlussfeedback,,zufriedenheit_coach,3,2025-06-16T00:00:00Z
7670,50625,abschlussfeedback,,weiterempfehlung_grund,Der Coach erklärt super verständlich.,2025-06-16T00:00:00Z
4972,50427,abschlussfeedback,,nps,9,2025-06-17T01:00:00Z
4973,50427,abschlussfeedback,,zufriedenheit_coach,4,2025-06-17T01:00:00Z
4974,50427,abschlussfeedback,,weiterempfehlung_grund,"Top Inhalte, besonders das SQL-Modul.",2025-06-17T01:00:00Z
3868,50339,abschlussfeedback,,nps,7,2025-06-17T18:00:00Z
3869,50339,abschlussfeedback,,zufriedenheit_coach,5,2025-06-17T18:00:00Z
3870,50339,abschlussfeedback,,weiterempfehlung_grund,Der Coach erklärt super verständlich.,2025-06-17T18:00:00Z
4153,50366,abschlussfeedback,,nps,9,2025-06-18T01:00:00Z
4154,50366,abschlussfeedback,,zufriedenheit_coach,4,2025-06-18T01:00:00Z
4155,50366,abschlussfeedback,,weiterempfehlung_grund,Ich hätte gern mehr Live-Termine.,2025-06-18T01:00:00Z
3053,50279,abschlussfeedback,,nps,6,2025-06-18T02:00:00Z
3054,50279,abschlussfeedback,,zufriedenheit_coach,4,2025-06-18T02:00:00Z
3055,50279,abschlussfeedback,,weiterempfehlung_grund,Die Live-Sessions sind Gold wert.,2025-06-18T02:00:00Z
4828,50409,abschlussfeedback,,nps,7,2025-06-18T23:00:00Z
4829,50409,abschlussfeedback,,zufriedenheit_coach,4,2025-06-18T23:00:00Z
4830,50409,abschlussfeedback,,weiterempfehlung_grund,Aufgabenstellungen sind teilweise unklar formuliert.,2025-06-18T23:00:00Z
1745,50156,wochenfeedback,1,zufriedenheit_gesamt,4,2025-06-20T06:35:00Z
1746,50156,wochenfeedback,1,tempo,4,2025-06-20T06:35:00Z
1747,50156,wochenfeedback,1,freitext,<p>Insgesamt <strong>sehr zufrieden</strong>.</p>,2025-06-20T06:35:00Z
3065,50280,wochenfeedback,17,zufriedenheit_gesamt,4,2025-06-20T06:40:00Z
3066,50280,wochenfeedback,17,tempo,4,2025-06-20T06:40:00Z
6816,50563,wochenfeedback,33,zufriedenheit_gesamt,3,2025-06-20T06:49:00Z
6817,50563,wochenfeedback,33,tempo,3,2025-06-20T06:49:00Z
164,50015,wochenfeedback,17,zufriedenheit_gesamt,5,2025-06-20T07:02:00Z
165,50015,wochenfeedback,17,tempo,3,2025-06-20T07:02:00Z
7356,50612,wochenfeedback,13,zufriedenheit_gesamt,3,2025-06-20T07:18:00Z
7357,50612,wochenfeedback,13,tempo,3,2025-06-20T07:18:00Z
6963,50579,wochenfeedback,1,zufriedenheit_gesamt,4,2025-06-20T07:55:00Z
6964,50579,wochenfeedback,1,tempo,4,2025-06-20T07:55:00Z
6965,50579,wochenfeedback,1,freitext,"Top Inhalte, besonders das SQL-Modul.",2025-06-20T07:55:00Z
6725,50554,wochenfeedback,17,zufriedenheit_gesamt,5,2025-06-20T08:52:00Z
6726,50554,wochenfeedback,17,tempo,1,2025-06-20T08:52:00Z
6727,50554,wochenfeedback,17,freitext,"Top Inhalte, besonders das SQL-Modul.",2025-06-20T08:52:00Z
3498,50307,wochenfeedback,13,zufriedenheit_gesamt,2,2025-06-20T09:01:00Z
3499,50307,wochenfeedback,13,tempo,3,2025-06-20T09:01:00Z
6778,50560,wochenfeedback,11,zufriedenheit_gesamt,4,2025-06-20T09:30:00Z
6779,50560,wochenfeedback,11,tempo,5,2025-06-20T09:30:00Z
5448,50455,wochenfeedback,9,zufriedenheit_gesamt,5,2025-06-20T09:37:00Z
5449,50455,wochenfeedback,9,tempo,4,2025-06-20T09:37:00Z
5450,50455,wochenfeedback,9,freitext,<p>Mehr Praxis bitte!</p>,2025-06-20T09:37:00Z
8135,50674,wochenfeedback,1,zufriedenheit_gesamt,5,2025-06-20T09:47:00Z
8136,50674,wochenfeedback,1,tempo,3,2025-06-20T09:47:00Z
8137,50674,wochenfeedback,1,freitext,Der Coach erklärt super verständlich.,2025-06-20T09:47:00Z
132,50011,wochenfeedback,5,zufriedenheit_gesamt,4,2025-06-20T09:56:00Z
133,50011,wochenfeedback,5,tempo,4,2025-06-20T09:56:00Z
134,50011,wochenfeedback,5,freitext,Ich fühle mich gut vorbereitet.,2025-06-20T09:56:00Z
643,50060,wochenfeedback,13,zufriedenheit_gesamt,4,2025-06-20T10:07:00Z
644,50060,wochenfeedback,13,tempo,2,2025-06-20T10:07:00Z
645,50060,wochenfeedback,13,freitext,Der Coach erklärt super verständlich.,2025-06-20T10:07:00Z
7549,50620,wochenfeedback,41,zufriedenheit_gesamt,3,2025-06-20T10:18:00Z
7550,50620,wochenfeedback,41,tempo,2,2025-06-20T10:18:00Z
7551,50620,wochenfeedback,41,freitext,Ich hätte gern mehr Live-Termine.,2025-06-20T10:18:00Z
3226,50293,wochenfeedback,5,zufriedenheit_gesamt,4,2025-06-20T10:39:00Z
3227,50293,wochenfeedback,5,tempo,2,2025-06-20T10:39:00Z
5699,50477,wochenfeedback,13,zufriedenheit_gesamt,3,2025-06-20T11:45:00Z
5700,50477,wochenfeedback,13,tempo,2,2025-06-20T11:45:00Z
1794,50161,wochenfeedback,9,zufriedenheit_gesamt,2,2025-06-20T12:13:00Z
1795,50161,wochenfeedback,9,tempo,2,2025-06-20T12:13:00Z
4167,50369,wochenfeedback,1,zufriedenheit_gesamt,5,2025-06-20T12:13:00Z
4168,50369,wochenfeedback,1,tempo,4,2025-06-20T12:13:00Z
4169,50369,wochenfeedback,1,freitext,Die Live-Sessions sind Gold wert.,2025-06-20T12:13:00Z
1162,50107,wochenfeedback,9,zufriedenheit_gesamt,5,2025-06-20T12:31:00Z
1163,50107,wochenfeedback,9,tempo,2,2025-06-20T12:31:00Z
1233,50113,wochenfeedback,17,zufriedenheit_gesamt,5,2025-06-20T13:03:00Z
1234,50113,wochenfeedback,17,tempo,3,2025-06-20T13:03:00Z
4100,50363,wochenfeedback,9,zufriedenheit_gesamt,5,2025-06-20T13:12:00Z
4101,50363,wochenfeedback,9,tempo,1,2025-06-20T13:12:00Z
3376,50303,wochenfeedback,41,zufriedenheit_gesamt,4,2025-06-20T13:18:00Z
3377,50303,wochenfeedback,41,tempo,1,2025-06-20T13:18:00Z
1811,50162,wochenfeedback,9,zufriedenheit_gesamt,4,2025-06-20T13:48:00Z
1812,50162,wochenfeedback,9,tempo,4,2025-06-20T13:48:00Z
1670,50149,wochenfeedback,1,zufriedenheit_gesamt,5,2025-06-20T13:50:00Z
1671,50149,wochenfeedback,1,tempo,2,2025-06-20T13:50:00Z
4850,50413,wochenfeedback,5,zufriedenheit_gesamt,4,2025-06-20T13:50:00Z
4851,50413,wochenfeedback,5,tempo,3,2025-06-20T13:50:00Z
4852,50413,wochenfeedback,5,freitext,Der Coach erklärt super verständlich.,2025-06-20T13:50:00Z
2985,50276,wochenfeedback,21,zufriedenheit_gesamt,4,2025-06-20T13:51:00Z
2986,50276,wochenfeedback,21,tempo,2,2025-06-20T13:51:00Z
757,50071,wochenfeedback,1,zufriedenheit_gesamt,4,2025-06-20T14:00:00Z
758,50071,wochenfeedback,1,tempo,2,2025-06-20T14:00:00Z
7852,50644,wochenfeedback,5,zufriedenheit_gesamt,4,2025-06-20T14:00:00Z
7853,50644,wochenfeedback,5,tempo,3,2025-06-20T14:00:00Z
7854,50644,wochenfeedback,5,freitext,Der Coach erklärt super verständlich.,2025-06-20T14:00:00Z
1883,50167,wochenfeedback,17,zufriedenheit_gesamt,4,2025-06-20T14:05:00Z
1884,50167,wochenfeedback,17,tempo,3,2025-06-20T14:05:00Z
3192,50288,wochenfeedback,1,zufriedenheit_gesamt,2,2025-06-20T14:05:00Z
3193,50288,wochenfeedback,1,tempo,4,2025-06-20T14:05:00Z
3122,50285,wochenfeedback,1,zufriedenheit_gesamt,4,2025-06-20T14:13:00Z
3123,50285,wochenfeedback,1,tempo,2,2025-06-20T14:13:00Z
7242,50600,wochenfeedback,13,zufriedenheit_gesamt,3,2025-06-20T16:06:00Z
7243,50600,wochenfeedback,13,tempo,3,2025-06-20T16:06:00Z
3454,50304,wochenfeedback,25,zufriedenheit_gesamt,5,2025-06-20T16:24:00Z
3455,50304,wochenfeedback,25,tempo,4,2025-06-20T16:24:00Z
618,50059,wochenfeedback,33,zufriedenheit_gesamt,4,2025-06-20T16:41:00Z
619,50059,wochenfeedback,33,tempo,5,2025-06-20T16:41:00Z
2231,50206,wochenfeedback,1,zufriedenheit_gesamt,2,2025-06-20T17:30:00Z
2232,50206,wochenfeedback,1,tempo,4,2025-06-20T17:30:00Z
2233,50206,wochenfeedback,1,freitext,Zu wenig Feedback zu den Abgaben.,2025-06-20T17:30:00Z
3348,50302,wochenfeedback,17,zufriedenheit_gesamt,4,2025-06-20T17:55:00Z
3349,50302,wochenfeedback,17,tempo,4,2025-06-20T17:55:00Z
6780,50560,abschlussfeedback,,nps,7,2025-06-23T20:00:00Z
6781,50560,abschlussfeedback,,zufriedenheit_coach,3,2025-06-23T20:00:00Z
6782,50560,abschlussfeedback,,weiterempfehlung_grund,Zu wenig Feedback zu den Abgaben.,2025-06-23T20:00:00Z
8530,50704,abschlussfeedback,,nps,8,2025-06-24T17:00:00Z
8531,50704,abschlussfeedback,,zufriedenheit_coach,2,2025-06-24T17:00:00Z
8532,50704,abschlussfeedback,,weiterempfehlung_grund,Die Plattform hatte diese Woche mehrfach Ausfälle.,2025-06-24T17:00:00Z
2768,50251,wochenfeedback,6,zufriedenheit_gesamt,4,2025-06-27T07:12:00Z
2769,50251,wochenfeedback,6,tempo,3,2025-06-27T07:12:00Z
3456,50304,wochenfeedback,26,zufriedenheit_gesamt,2,2025-06-27T07:13:00Z
3457,50304,wochenfeedback,26,tempo,4,2025-06-27T07:13:00Z
3458,50304,wochenfeedback,26,freitext,<p>Insgesamt <strong>sehr zufrieden</strong>.</p>,2025-06-27T07:13:00Z
370,50034,wochenfeedback,6,zufriedenheit_gesamt,4,2025-06-27T07:41:00Z
371,50034,wochenfeedback,6,tempo,5,2025-06-27T07:41:00Z
372,50034,wochenfeedback,6,freitext,Ich fühle mich gut vorbereitet.,2025-06-27T07:41:00Z
2680,50247,wochenfeedback,6,zufriedenheit_gesamt,4,2025-06-27T07:45:00Z
2681,50247,wochenfeedback,6,tempo,3,2025-06-27T07:45:00Z
166,50015,wochenfeedback,18,zufriedenheit_gesamt,5,2025-06-27T08:04:00Z
167,50015,wochenfeedback,18,tempo,3,2025-06-27T08:04:00Z
4901,50418,wochenfeedback,2,zufriedenheit_gesamt,4,2025-06-27T08:15:00Z
4902,50418,wochenfeedback,2,tempo,4,2025-06-27T08:15:00Z
4903,50418,wochenfeedback,2,freitext,Die Live-Sessions sind Gold wert.,2025-06-27T08:15:00Z
3184,50287,wochenfeedback,18,zufriedenheit_gesamt,5,2025-06-27T08:25:00Z
3185,50287,wochenfeedback,18,tempo,3,2025-06-27T08:25:00Z
3186,50287,wochenfeedback,18,freitext,"Tempo passt für mich, gerne mehr Praxisbeispiele.",2025-06-27T08:25:00Z
7002,50580,wochenfeedback,6,zufriedenheit_gesamt,5,2025-06-27T09:06:00Z
7003,50580,wochenfeedback,6,tempo,1,2025-06-27T09:06:00Z
7004,50580,wochenfeedback,6,freitext,"Tempo passt für mich, gerne mehr Praxisbeispiele.",2025-06-27T09:06:00Z
3159,50286,wochenfeedback,6,zufriedenheit_gesamt,2,2025-06-27T09:08:00Z
3160,50286,wochenfeedback,6,tempo,2,2025-06-27T09:08:00Z
1690,50150,wochenfeedback,10,zufriedenheit_gesamt,5,2025-06-27T09:09:00Z
1691,50150,wochenfeedback,10,tempo,1,2025-06-27T09:09:00Z
3378,50303,wochenfeedback,42,zufriedenheit_gesamt,3,2025-06-27T10:04:00Z
3379,50303,wochenfeedback,42,tempo,4,2025-06-27T10:04:00Z
3834,50338,wochenfeedback,2,zufriedenheit_gesamt,4,2025-06-27T10:35:00Z
3835,50338,wochenfeedback,2,tempo,1,2025-06-27T10:35:00Z
6460,50534,wochenfeedback,2,zufriedenheit_gesamt,4,2025-06-27T10:52:00Z
6461,50534,wochenfeedback,2,tempo,5,2025-06-27T10:52:00Z
4597,50394,wochenfeedback,34,zufriedenheit_gesamt,5,2025-06-27T10:54:00Z
4598,50394,wochenfeedback,34,tempo,2,2025-06-27T10:54:00Z
7708,50628,wochenfeedback,10,zufriedenheit_gesamt,5,2025-06-27T11:21:00Z
7709,50628,wochenfeedback,10,tempo,1,2025-06-27T11:21:00Z
3124,50285,wochenfeedback,2,zufriedenheit_gesamt,5,2025-06-27T11:35:00Z
3125,50285,wochenfeedback,2,tempo,1,2025-06-27T11:35:00Z
3126,50285,wochenfeedback,2,freitext,Der Coach erklärt super verständlich.,2025-06-27T11:35:00Z
5038,50430,wochenfeedback,34,zufriedenheit_gesamt,4,2025-06-27T11:47:00Z
5039,50430,wochenfeedback,34,tempo,4,2025-06-27T11:47:00Z
5040,50430,wochenfeedback,34,freitext,Die Live-Sessions sind Gold wert.,2025-06-27T11:47:00Z
2382,50222,wochenfeedback,10,zufriedenheit_gesamt,4,2025-06-27T12:52:00Z
2383,50222,wochenfeedback,10,tempo,5,2025-06-27T12:52:00Z
4853,50413,wochenfeedback,6,zufriedenheit_gesamt,4,2025-06-27T13:12:00Z
4854,50413,wochenfeedback,6,tempo,5,2025-06-27T13:12:00Z
1885,50167,wochenfeedback,18,zufriedenheit_gesamt,5,2025-06-27T13:39:00Z
1886,50167,wochenfeedback,18,tempo,3,2025-06-27T13:39:00Z
1887,50167,wochenfeedback,18,freitext,"Sehr gute Betreuung, die Übungen sind praxisnah.",2025-06-27T13:39:00Z
3882,50342,wochenfeedback,18,zufriedenheit_gesamt,2,2025-06-27T13:52:00Z
3883,50342,wochenfeedback,18,tempo,3,2025-06-27T13:52:00Z
8354,50692,wochenfeedback,38,zufriedenheit_gesamt,3,2025-06-27T13:54:00Z
8355,50692,wochenfeedback,38,tempo,5,2025-06-27T13:54:00Z
4488,50388,wochenfeedback,18,zufriedenheit_gesamt,5,2025-06-27T13:58:00Z
4489,50388,wochenfeedback,18,tempo,3,2025-06-27T13:58:00Z
4490,50388,wochenfeedback,18,freitext,Die Live-Sessions sind Gold wert.,2025-06-27T13:58:00Z
2055,50188,wochenfeedback,10,zufriedenheit_gesamt,2,2025-06-27T14:10:00Z
2056,50188,wochenfeedback,10,tempo,4,2025-06-27T14:10:00Z
835,50077,wochenfeedback,2,zufriedenheit_gesamt,5,2025-06-27T14:26:00Z
836,50077,wochenfeedback,2,tempo,5,2025-06-27T14:26:00Z
6790,50562,wochenfeedback,2,zufriedenheit_gesamt,4,2025-06-27T14:28:00Z
6791,50562,wochenfeedback,2,tempo,3,2025-06-27T14:28:00Z
5311,50449,wochenfeedback,18,zufriedenheit_gesamt,4,2025-06-27T15:59:00Z
5312,50449,wochenfeedback,18,tempo,5,2025-06-27T15:59:00Z
1,50001,wochenfeedback,10,zufriedenheit_gesamt,5,2025-06-27T16:03:00Z
2,50001,wochenfeedback,10,tempo,3,2025-06-27T16:03:00Z
3,50001,wochenfeedback,10,freitext,<p>Insgesamt <strong>sehr zufrieden</strong>.</p>,2025-06-27T16:03:00Z
646,50060,wochenfeedback,14,zufriedenheit_gesamt,2,2025-06-27T16:16:00Z
647,50060,wochenfeedback,14,tempo,2,2025-06-27T16:16:00Z
3985,50347,wochenfeedback,34,zufriedenheit_gesamt,5,2025-06-27T16:25:00Z
3986,50347,wochenfeedback,34,tempo,3,2025-06-27T16:25:00Z
4170,50369,wochenfeedback,2,zufriedenheit_gesamt,5,2025-06-27T16:33:00Z
4171,50369,wochenfeedback,2,tempo,3,2025-06-27T16:33:00Z
4172,50369,wochenfeedback,2,freitext,Die Live-Sessions sind Gold wert.,2025-06-27T16:33:00Z
5629,50473,wochenfeedback,10,zufriedenheit_gesamt,5,2025-06-27T16:50:00Z
5630,50473,wochenfeedback,10,tempo,3,2025-06-27T16:50:00Z
5708,50479,wochenfeedback,2,zufriedenheit_gesamt,5,2025-06-27T16:56:00Z
5709,50479,wochenfeedback,2,tempo,4,2025-06-27T16:56:00Z
2525,50234,wochenfeedback,6,zufriedenheit_gesamt,5,2025-06-27T17:03:00Z
2526,50234,wochenfeedback,6,tempo,5,2025-06-27T17:03:00Z
4527,50391,wochenfeedback,18,zufriedenheit_gesamt,4,2025-06-27T17:13:00Z
4528,50391,wochenfeedback,18,tempo,1,2025-06-27T17:13:00Z
2312,50217,wochenfeedback,18,zufriedenheit_gesamt,2,2025-06-27T17:46:00Z
2313,50217,wochenfeedback,18,tempo,5,2025-06-27T17:46:00Z
6954,50578,wochenfeedback,2,zufriedenheit_gesamt,2,2025-06-27T17:57:00Z
6955,50578,wochenfeedback,2,tempo,3,2025-06-27T17:57:00Z
6956,50578,wochenfeedback,2,freitext,Ich hätte gern mehr Live-Termine.,2025-06-27T17:57:00Z
2631,50239,wochenfeedback,19,zufriedenheit_gesamt,3,2025-07-04T06:15:00Z
2632,50239,wochenfeedback,19,tempo,2,2025-07-04T06:15:00Z
45,50003,wochenfeedback,1,zufriedenheit_gesamt,4,2025-07-04T06:20:00Z
46,50003,wochenfeedback,1,tempo,4,2025-07-04T06:20:00Z
47,50003,wochenfeedback,1,freitext,<p>Mehr Praxis bitte!</p>,2025-07-04T06:20:00Z
8138,50674,wochenfeedback,3,zufriedenheit_gesamt,3,2025-07-04T06:20:00Z
8139,50674,wochenfeedback,3,tempo,3,2025-07-04T06:20:00Z
8140,50674,wochenfeedback,3,freitext,Aufgabenstellungen sind teilweise unklar formuliert.,2025-07-04T06:20:00Z
7732,50630,wochenfeedback,19,zufriedenheit_gesamt,4,2025-07-04T07:00:00Z
7733,50630,wochenfeedback,19,tempo,2,2025-07-04T07:00:00Z
7734,50630,wochenfeedback,19,freitext,Der Coach erklärt super verständlich.,2025-07-04T07:00:00Z
3194,50288,wochenfeedback,3,zufriedenheit_gesamt,2,2025-07-04T07:35:00Z
3195,50288,wochenfeedback,3,tempo,3,2025-07-04T07:35:00Z
2389,50223,wochenfeedback,3,zufriedenheit_gesamt,4,2025-07-04T07:36:00Z
2390,50223,wochenfeedback,3,tempo,3,2025-07-04T07:36:00Z
1888,50167,wochenfeedback,19,zufriedenheit_gesamt,2,2025-07-04T07:40:00Z
1889,50167,wochenfeedback,19,tempo,2,2025-07-04T07:40:00Z
5451,50455,wochenfeedback,11,zufriedenheit_gesamt,5,2025-07-04T08:00:00Z
5452,50455,wochenfeedback,11,tempo,4,2025-07-04T08:00:00Z
7855,50644,wochenfeedback,7,zufriedenheit_gesamt,4,2025-07-04T08:22:00Z
7856,50644,wochenfeedback,7,tempo,2,2025-07-04T08:22:00Z
7857,50644,wochenfeedback,7,freitext,Der Coach erklärt super verständlich.,2025-07-04T08:22:00Z
5710,50479,wochenfeedback,3,zufriedenheit_gesamt,5,2025-07-04T08:42:00Z
5711,50479,wochenfeedback,3,tempo,3,2025-07-04T08:42:00Z
2154,50202,wochenfeedback,3,zufriedenheit_gesamt,2,2025-07-04T09:14:00Z
2155,50202,wochenfeedback,3,tempo,5,2025-07-04T09:14:00Z
2156,50202,wochenfeedback,3,freitext,<p>Mehr Praxis bitte!</p>,2025-07-04T09:14:00Z
4855,50413,wochenfeedback,7,zufriedenheit_gesamt,4,2025-07-04T09:26:00Z
4856,50413,wochenfeedback,7,tempo,3,2025-07-04T09:26:00Z
1000,50094,wochenfeedback,31,zufriedenheit_gesamt,5,2025-07-04T09:27:00Z
1001,50094,wochenfeedback,31,tempo,3,2025-07-04T09:27:00Z
2911,50269,wochenfeedback,19,zufriedenheit_gesamt,5,2025-07-04T10:16:00Z
2912,50269,wochenfeedback,19,tempo,2,2025-07-04T10:16:00Z
2913,50269,wochenfeedback,19,freitext,<p>Mehr Praxis bitte!</p>,2025-07-04T10:16:00Z
5402,50453,wochenfeedback,3,zufriedenheit_gesamt,4,2025-07-04T10:25:00Z
5403,50453,wochenfeedback,3,tempo,2,2025-07-04T10:25:00Z
5404,50453,wochenfeedback,3,freitext,"Top Inhalte, besonders das SQL-Modul.",2025-07-04T10:25:00Z
2790,50255,wochenfeedback,1,zufriedenheit_gesamt,4,2025-07-04T10:29:00Z
2791,50255,wochenfeedback,1,tempo,2,2025-07-04T10:29:00Z
3987,50347,wochenfeedback,35,zufriedenheit_gesamt,4,2025-07-04T11:21:00Z
3988,50347,wochenfeedback,35,tempo,3,2025-07-04T11:21:00Z
4657,50396,wochenfeedback,3,zufriedenheit_gesamt,2,2025-07-04T12:08:00Z
4658,50396,wochenfeedback,3,tempo,3,2025-07-04T12:08:00Z
3884,50342,wochenfeedback,19,zufriedenheit_gesamt,5,2025-07-04T12:35:00Z
3885,50342,wochenfeedback,19,tempo,1,2025-07-04T12:35:00Z
6728,50554,wochenfeedback,19,zufriedenheit_gesamt,5,2025-07-04T12:42:00Z
6729,50554,wochenfeedback,19,tempo,3,2025-07-04T12:42:00Z
6730,50554,wochenfeedback,19,freitext,Ich fühle mich gut vorbereitet.,2025-07-04T12:42:00Z
373,50034,wochenfeedback,7,zufriedenheit_gesamt,5,2025-07-04T13:12:00Z
374,50034,wochenfeedback,7,tempo,3,2025-07-04T13:12:00Z
375,50034,wochenfeedback,7,freitext,Der Coach erklärt super verständlich.,2025-07-04T13:12:00Z
2057,50188,wochenfeedback,11,zufriedenheit_gesamt,5,2025-07-04T13:56:00Z
2058,50188,wochenfeedback,11,tempo,2,2025-07-04T13:56:00Z
3228,50293,wochenfeedback,7,zufriedenheit_gesamt,4,2025-07-04T14:58:00Z
3229,50293,wochenfeedback,7,tempo,3,2025-07-04T14:58:00Z
5631,50473,wochenfeedback,11,zufriedenheit_gesamt,5,2025-07-04T15:17:00Z
5632,50473,wochenfeedback,11,tempo,3,2025-07-04T15:17:00Z
3380,50303,wochenfeedback,43,zufriedenheit_gesamt,5,2025-07-04T17:02:00Z
3381,50303,wochenfeedback,43,tempo,4,2025-07-04T17:02:00Z
3382,50303,wochenfeedback,43,freitext,"Tempo passt für mich, gerne mehr Praxisbeispiele.",2025-07-04T17:02:00Z
3500,50307,wochenfeedback,15,zufriedenheit_gesamt,5,2025-07-04T17:11:00Z
3501,50307,wochenfeedback,15,tempo,4,2025-07-04T17:11:00Z
3701,50323,wochenfeedback,19,zufriedenheit_gesamt,4,2025-07-04T17:25:00Z
3702,50323,wochenfeedback,19,tempo,3,2025-07-04T17:25:00Z
4102,50363,wochenfeedback,11,zufriedenheit_gesamt,5,2025-07-04T17:27:00Z
4103,50363,wochenfeedback,11,tempo,4,2025-07-04T17:27:00Z
6215,50514,wochenfeedback,11,zufriedenheit_gesamt,4,2025-07-04T17:36:00Z
6216,50514,wochenfeedback,11,tempo,3,2025-07-04T17:36:00Z
2234,50206,wochenfeedback,3,zufriedenheit_gesamt,2,2025-07-04T17:37:00Z
2235,50206,wochenfeedback,3,tempo,4,2025-07-04T17:37:00Z
2236,50206,wochenfeedback,3,freitext,Statistik-Modul ist zu theoretisch.,2025-07-04T17:37:00Z
8280,50687,wochenfeedback,3,zufriedenheit_gesamt,4,2025-07-04T17:47:00Z
8281,50687,wochenfeedback,3,tempo,3,2025-07-04T17:47:00Z
2240,50207,wochenfeedback,3,zufriedenheit_gesamt,4,2025-07-04T17:53:00Z
2241,50207,wochenfeedback,3,tempo,3,2025-07-04T17:53:00Z
3350,50302,wochenfeedback,19,zufriedenheit_gesamt,4,2025-07-04T17:58:00Z
3351,50302,wochenfeedback,19,tempo,2,2025-07-04T17:58:00Z
1235,50113,abschlussfeedback,,nps,8,2025-07-07T20:00:00Z
1236,50113,abschlussfeedback,,zufriedenheit_coach,5,2025-07-07T20:00:00Z
1237,50113,abschlussfeedback,,weiterempfehlung_grund,"Top Inhalte, besonders das SQL-Modul.",2025-07-07T20:00:00Z
7244,50600,abschlussfeedback,,nps,5,2025-07-08T22:00:00Z
7245,50600,abschlussfeedback,,zufriedenheit_coach,5,2025-07-08T22:00:00Z
7246,50600,abschlussfeedback,,weiterempfehlung_grund,Der Coach erklärt super verständlich.,2025-07-08T22:00:00Z
6731,50554,abschlussfeedback,,nps,10,2025-07-09T02:00:00Z
6732,50554,abschlussfeedback,,zufriedenheit_coach,4,2025-07-09T02:00:00Z
6733,50554,abschlussfeedback,,weiterempfehlung_grund,Aufgabenstellungen sind teilweise unklar formuliert.,2025-07-09T02:00:00Z
648,50060,abschlussfeedback,,nps,10,2025-07-10T02:00:00Z
649,50060,abschlussfeedback,,zufriedenheit_coach,4,2025-07-10T02:00:00Z
650,50060,abschlussfeedback,,weiterempfehlung_grund,Zu wenig Feedback zu den Abgaben.,2025-07-10T02:00:00Z
8141,50674,wochenfeedback,4,zufriedenheit_gesamt,4,2025-07-11T07:25:00Z
8142,50674,wochenfeedback,4,tempo,1,2025-07-11T07:25:00Z
5701,50477,wochenfeedback,16,zufriedenheit_gesamt,5,2025-07-11T07:45:00Z
5702,50477,wochenfeedback,16,tempo,5,2025-07-11T07:45:00Z
3459,50304,wochenfeedback,28,zufriedenheit_gesamt,4,2025-07-11T07:52:00Z
3460,50304,wochenfeedback,28,tempo,2,2025-07-11T07:52:00Z
2682,50247,wochenfeedback,8,zufriedenheit_gesamt,5,2025-07-11T07:55:00Z
2683,50247,wochenfeedback,8,tempo,3,2025-07-11T07:55:00Z
2684,50247,wochenfeedback,8,freitext,Der Coach erklärt super verständlich.,2025-07-11T07:55:00Z
8282,50687,wochenfeedback,4,zufriedenheit_gesamt,5,2025-07-11T08:18:00Z
8283,50687,wochenfeedback,4,tempo,5,2025-07-11T08:18:00Z
8284,50687,wochenfeedback,4,freitext,<p>Mehr Praxis bitte!</p>,2025-07-11T08:18:00Z
8115,50672,wochenfeedback,28,zufriedenheit_gesamt,5,2025-07-11T08:22:00Z
8116,50672,wochenfeedback,28,tempo,4,2025-07-11T08:22:00Z
4599,50394,wochenfeedback,36,zufriedenheit_gesamt,2,2025-07-11T08:32:00Z
4600,50394,wochenfeedback,36,tempo,4,2025-07-11T08:32:00Z
4173,50369,wochenfeedback,4,zufriedenheit_gesamt,4,2025-07-11T09:29:00Z
4174,50369,wochenfeedback,4,tempo,4,2025-07-11T09:29:00Z
4175,50369,wochenfeedback,4,freitext,"Tempo passt für mich, gerne mehr Praxisbeispiele.",2025-07-11T09:29:00Z
6108,50505,wochenfeedback,8,zufriedenheit_gesamt,5,2025-07-11T09:55:00Z
6109,50505,wochenfeedback,8,tempo,5,2025-07-11T09:55:00Z
4289,50375,wochenfeedback,20,zufriedenheit_gesamt,4,2025-07-11T10:25:00Z
4290,50375,wochenfeedback,20,tempo,3,2025-07-11T10:25:00Z
4291,50375,wochenfeedback,20,freitext,Ich fühle mich gut vorbereitet.,2025-07-11T10:25:00Z
7552,50620,wochenfeedback,44,zufriedenheit_gesamt,4,2025-07-11T11:10:00Z
7553,50620,wochenfeedback,44,tempo,1,2025-07-11T11:10:00Z
2633,50239,wochenfeedback,20,zufriedenheit_gesamt,4,2025-07-11T11:45:00Z
2634,50239,wochenfeedback,20,tempo,2,2025-07-11T11:45:00Z
2568,50236,wochenfeedback,24,zufriedenheit_gesamt,5,2025-07-11T12:05:00Z
2569,50236,wochenfeedback,24,tempo,4,2025-07-11T12:05:00Z
2570,50236,wochenfeedback,24,freitext,<p>Mehr Praxis bitte!</p>,2025-07-11T12:05:00Z
3196,50288,wochenfeedback,4,zufriedenheit_gesamt,2,2025-07-11T12:47:00Z
3197,50288,wochenfeedback,4,tempo,4,2025-07-11T12:47:00Z
1164,50107,wochenfeedback,12,zufriedenheit_gesamt,5,2025-07-11T12:57:00Z
1165,50107,wochenfeedback,12,tempo,4,2025-07-11T12:57:00Z
6634,50550,wochenfeedback,16,zufriedenheit_gesamt,2,2025-07-11T13:06:00Z
6635,50550,wochenfeedback,16,tempo,3,2025-07-11T13:06:00Z
6462,50534,wochenfeedback,4,zufriedenheit_gesamt,4,2025-07-11T13:08:00Z
6463,50534,wochenfeedback,4,tempo,1,2025-07-11T13:08:00Z
5453,50455,wochenfeedback,12,zufriedenheit_gesamt,4,2025-07-11T13:23:00Z
5454,50455,wochenfeedback,12,tempo,3,2025-07-11T13:23:00Z
4857,50413,wochenfeedback,8,zufriedenheit_gesamt,2,2025-07-11T13:35:00Z
4858,50413,wochenfeedback,8,tempo,3,2025-07-11T13:35:00Z
4350,50379,wochenfeedback,28,zufriedenheit_gesamt,5,2025-07-11T13:59:00Z
4351,50379,wochenfeedback,28,tempo,1,2025-07-11T13:59:00Z
3809,50332,wochenfeedback,12,zufriedenheit_gesamt,5,2025-07-11T14:02:00Z
3810,50332,wochenfeedback,12,tempo,3,2025-07-11T14:02:00Z
3811,50332,wochenfeedback,12,freitext,<p>Mehr Praxis bitte!</p>,2025-07-11T14:02:00Z
1672,50149,wochenfeedback,4,zufriedenheit_gesamt,2,2025-07-11T15:27:00Z
1673,50149,wochenfeedback,4,tempo,3,2025-07-11T15:27:00Z
2447,50230,wochenfeedback,4,zufriedenheit_gesamt,4,2025-07-11T15:30:00Z
2448,50230,wochenfeedback,4,tempo,3,2025-07-11T15:30:00Z
3067,50280,wochenfeedback,20,zufriedenheit_gesamt,3,2025-07-11T15:34:00Z
3068,50280,wochenfeedback,20,tempo,2,2025-07-11T15:34:00Z
3989,50347,wochenfeedback,36,zufriedenheit_gesamt,5,2025-07-11T16:05:00Z
3990,50347,wochenfeedback,36,tempo,3,2025-07-11T16:05:00Z
1748,50156,wochenfeedback,4,zufriedenheit_gesamt,3,2025-07-11T17:16:00Z
1749,50156,wochenfeedback,4,tempo,3,2025-07-11T17:16:00Z
5313,50449,wochenfeedback,20,zufriedenheit_gesamt,3,2025-07-11T17:39:00Z
5314,50449,wochenfeedback,20,tempo,2,2025-07-11T17:39:00Z
5315,50449,wochenfeedback,20,freitext,<p>Insgesamt <strong>sehr zufrieden</strong>.</p>,2025-07-11T17:39:00Z
698,50066,wochenfeedback,20,zufriedenheit_gesamt,5,2025-07-11T17:44:00Z
699,50066,wochenfeedback,20,tempo,5,2025-07-11T17:44:00Z
700,50066,wochenfeedback,20,freitext,"<p>Die Videos sind gut, aber die Quizze sind zu leicht.</p>",2025-07-11T17:44:00Z
3703,50323,abschlussfeedback,,nps,9,2025-07-13T03:00:00Z
3704,50323,abschlussfeedback,,zufriedenheit_coach,4,2025-07-13T03:00:00Z
3705,50323,abschlussfeedback,,weiterempfehlung_grund,Ich hätte gern mehr Live-Termine.,2025-07-13T03:00:00Z
4491,50388,abschlussfeedback,,nps,8,2025-07-13T07:00:00Z
4492,50388,abschlussfeedback,,zufriedenheit_coach,5,2025-07-13T07:00:00Z
4493,50388,abschlussfeedback,,weiterempfehlung_grund,"Sehr gute Betreuung, die Übungen sind praxisnah.",2025-07-13T07:00:00Z
7735,50630,abschlussfeedback,,nps,10,2025-07-14T01:00:00Z
7736,50630,abschlussfeedback,,zufriedenheit_coach,3,2025-07-14T01:00:00Z
7737,50630,abschlussfeedback,,weiterempfehlung_grund,"Sehr gute Betreuung, die Übungen sind praxisnah.",2025-07-14T01:00:00Z
3886,50342,wochenfeedback,21,zufriedenheit_gesamt,5,2025-07-18T06:43:00Z
3887,50342,wochenfeedback,21,tempo,3,2025-07-18T06:43:00Z
3888,50342,wochenfeedback,21,freitext,Ich fühle mich gut vorbereitet.,2025-07-18T06:43:00Z
2941,50272,wochenfeedback,13,zufriedenheit_gesamt,5,2025-07-18T06:52:00Z
2942,50272,wochenfeedback,13,tempo,3,2025-07-18T06:52:00Z
2943,50272,wochenfeedback,13,freitext,Der Coach erklärt super verständlich.,2025-07-18T06:52:00Z
6390,50529,wochenfeedback,29,zufriedenheit_gesamt,2,2025-07-18T07:02:00Z
6391,50529,wochenfeedback,29,tempo,4,2025-07-18T07:02:00Z
6392,50529,wochenfeedback,29,freitext,"Das Tempo ist mir zu hoch, ich komme kaum hinterher.",2025-07-18T07:02:00Z
7710,50628,wochenfeedback,13,zufriedenheit_gesamt,3,2025-07-18T07:04:00Z
7711,50628,wochenfeedback,13,tempo,4,2025-07-18T07:04:00Z
945,50090,wochenfeedback,1,zufriedenheit_gesamt,4,2025-07-18T07:12:00Z
946,50090,wochenfeedback,1,tempo,1,2025-07-18T07:12:00Z
5041,50430,wochenfeedback,37,zufriedenheit_gesamt,5,2025-07-18T07:32:00Z
5042,50430,wochenfeedback,37,tempo,1,2025-07-18T07:32:00Z
3461,50304,wochenfeedback,29,zufriedenheit_gesamt,5,2025-07-18T08:11:00Z
3462,50304,wochenfeedback,29,tempo,4,2025-07-18T08:11:00Z
3463,50304,wochenfeedback,29,freitext,Ich fühle mich gut vorbereitet.,2025-07-18T08:11:00Z
3127,50285,wochenfeedback,5,zufriedenheit_gesamt,4,2025-07-18T08:31:00Z
3128,50285,wochenfeedback,5,tempo,3,2025-07-18T08:31:00Z
5784,50481,wochenfeedback,33,zufriedenheit_gesamt,4,2025-07-18T08:50:00Z
5785,50481,wochenfeedback,33,tempo,4,2025-07-18T08:50:00Z
4904,50418,wochenfeedback,5,zufriedenheit_gesamt,4,2025-07-18T09:08:00Z
4905,50418,wochenfeedback,5,tempo,5,2025-07-18T09:08:00Z
4906,50418,wochenfeedback,5,freitext,"Top Inhalte, besonders das SQL-Modul.",2025-07-18T09:08:00Z
8117,50672,wochenfeedback,29,zufriedenheit_gesamt,4,2025-07-18T09:16:00Z
8118,50672,wochenfeedback,29,tempo,3,2025-07-18T09:16:00Z
8119,50672,wochenfeedback,29,freitext,"Sehr gute Betreuung, die Übungen sind praxisnah.",2025-07-18T09:16:00Z
2103,50193,wochenfeedback,1,zufriedenheit_gesamt,1,2025-07-18T10:05:00Z
2104,50193,wochenfeedback,1,tempo,5,2025-07-18T10:05:00Z
2105,50193,wochenfeedback,1,freitext,Zu wenig Feedback zu den Abgaben.,2025-07-18T10:05:00Z
1934,50173,wochenfeedback,5,zufriedenheit_gesamt,3,2025-07-18T10:37:00Z
1935,50173,wochenfeedback,5,tempo,4,2025-07-18T10:37:00Z
4859,50413,wochenfeedback,9,zufriedenheit_gesamt,4,2025-07-18T11:27:00Z
4860,50413,wochenfeedback,9,tempo,4,2025-07-18T11:27:00Z
1692,50150,wochenfeedback,13,zufriedenheit_gesamt,5,2025-07-18T11:34:00Z
1693,50150,wochenfeedback,13,tempo,3,2025-07-18T11:34:00Z
4659,50396,wochenfeedback,5,zufriedenheit_gesamt,4,2025-07-18T11:52:00Z
4660,50396,wochenfeedback,5,tempo,1,2025-07-18T11:52:00Z
48,50003,wochenfeedback,3,zufriedenheit_gesamt,4,2025-07-18T12:09:00Z
49,50003,wochenfeedback,3,tempo,2,2025-07-18T12:09:00Z
6599,50546,wochenfeedback,1,zufriedenheit_gesamt,2,2025-07-18T12:18:00Z
6600,50546,wochenfeedback,1,tempo,3,2025-07-18T12:18:00Z
308,50029,wochenfeedback,13,zufriedenheit_gesamt,4,2025-07-18T12:31:00Z
309,50029,wochenfeedback,13,tempo,2,2025-07-18T12:31:00Z
7005,50580,wochenfeedback,9,zufriedenheit_gesamt,5,2025-07-18T12:31:00Z
7006,50580,wochenfeedback,9,tempo,3,2025-07-18T12:31:00Z
5847,50482,wochenfeedback,9,zufriedenheit_gesamt,4,2025-07-18T12:44:00Z
5848,50482,wochenfeedback,9,tempo,4,2025-07-18T12:44:00Z
5849,50482,wochenfeedback,9,freitext,"Top Inhalte, besonders das SQL-Modul.",2025-07-18T12:44:00Z
2527,50234,wochenfeedback,9,zufriedenheit_gesamt,4,2025-07-18T12:55:00Z
2528,50234,wochenfeedback,9,tempo,4,2025-07-18T12:55:00Z
2529,50234,wochenfeedback,9,freitext,"<p>Die Videos sind gut, aber die Quizze sind zu leicht.</p>",2025-07-18T12:55:00Z
3198,50288,wochenfeedback,5,zufriedenheit_gesamt,2,2025-07-18T13:15:00Z
3199,50288,wochenfeedback,5,tempo,1,2025-07-18T13:15:00Z
5455,50455,wochenfeedback,13,zufriedenheit_gesamt,4,2025-07-18T13:18:00Z
5456,50455,wochenfeedback,13,tempo,3,2025-07-18T13:18:00Z
1270,50116,wochenfeedback,29,zufriedenheit_gesamt,5,2025-07-18T13:30:00Z
1271,50116,wochenfeedback,29,tempo,3,2025-07-18T13:30:00Z
1247,50115,wochenfeedback,1,zufriedenheit_gesamt,2,2025-07-18T13:35:00Z
1248,50115,wochenfeedback,1,tempo,3,2025-07-18T13:35:00Z
1674,50149,wochenfeedback,5,zufriedenheit_gesamt,4,2025-07-18T14:27:00Z
1675,50149,wochenfeedback,5,tempo,3,2025-07-18T14:27:00Z
1676,50149,wochenfeedback,5,freitext,"Sehr gute Betreuung, die Übungen sind praxisnah.",2025-07-18T14:27:00Z
3553,50312,wochenfeedback,1,zufriedenheit_gesamt,4,2025-07-18T14:29:00Z
3554,50312,wochenfeedback,1,tempo,5,2025-07-18T14:29:00Z
5712,50479,wochenfeedback,5,zufriedenheit_gesamt,4,2025-07-18T14:56:00Z
5713,50479,wochenfeedback,5,tempo,3,2025-07-18T14:56:00Z
5714,50479,wochenfeedback,5,freitext,"Sehr gute Betreuung, die Übungen sind praxisnah.",2025-07-18T14:56:00Z
759,50071,wochenfeedback,5,zufriedenheit_gesamt,3,2025-07-18T15:40:00Z
760,50071,wochenfeedback,5,tempo,5,2025-07-18T15:40:00Z
761,50071,wochenfeedback,5,freitext,"Das Tempo ist mir zu hoch, ich komme kaum hinterher.",2025-07-18T15:40:00Z
6110,50505,wochenfeedback,9,zufriedenheit_gesamt,5,2025-07-18T15:48:00Z
6111,50505,wochenfeedback,9,tempo,1,2025-07-18T15:48:00Z
6112,50505,wochenfeedback,9,freitext,Die Live-Sessions sind Gold wert.,2025-07-18T15:48:00Z
2418,50226,wochenfeedback,1,zufriedenheit_gesamt,2,2025-07-18T16:16:00Z
2419,50226,wochenfeedback,1,tempo,1,2025-07-18T16:16:00Z
6698,50553,wochenfeedback,1,zufriedenheit_gesamt,5,2025-07-18T16:17:00Z
6699,50553,wochenfeedback,1,tempo,4,2025-07-18T16:17:00Z
5597,50470,wochenfeedback,1,zufriedenheit_gesamt,4,2025-07-18T16:22:00Z
5598,50470,wochenfeedback,1,tempo,3,2025-07-18T16:22:00Z
5599,50470,wochenfeedback,1,freitext,<p>Insgesamt <strong>sehr zufrieden</strong>.</p>,2025-07-18T16:22:00Z
2449,50230,wochenfeedback,5,zufriedenheit_gesamt,2,2025-07-18T16:36:00Z
2450,50230,wochenfeedback,5,tempo,4,2025-07-18T16:36:00Z
749,50070,wochenfeedback,1,zufriedenheit_gesamt,4,2025-07-18T16:42:00Z
750,50070,wochenfeedback,1,tempo,3,2025-07-18T16:42:00Z
620,50059,wochenfeedback,37,zufriedenheit_gesamt,5,2025-07-18T16:49:00Z
621,50059,wochenfeedback,37,tempo,5,2025-07-18T16:49:00Z
376,50034,wochenfeedback,9,zufriedenheit_gesamt,2,2025-07-18T17:10:00Z
377,50034,wochenfeedback,9,tempo,3,2025-07-18T17:10:00Z
168,50015,wochenfeedback,21,zufriedenheit_gesamt,2,2025-07-18T17:11:00Z
169,50015,wochenfeedback,21,tempo,4,2025-07-18T17:11:00Z
2987,50276,wochenfeedback,25,zufriedenheit_gesamt,5,2025-07-18T17:36:00Z
2988,50276,wochenfeedback,25,tempo,5,2025-07-18T17:36:00Z
6217,50514,wochenfeedback,13,zufriedenheit_gesamt,5,2025-07-18T17:43:00Z
6218,50514,wochenfeedback,13,tempo,2,2025-07-18T17:43:00Z
3502,50307,wochenfeedback,17,zufriedenheit_gesamt,4,2025-07-18T17:45:00Z
3503,50307,wochenfeedback,17,tempo,3,2025-07-18T17:45:00Z
2989,50276,wochenfeedback,26,zufriedenheit_gesamt,5,2025-07-25T06:38:00Z
2990,50276,wochenfeedback,26,tempo,3,2025-07-25T06:38:00Z
2991,50276,wochenfeedback,26,freitext,"Sehr gute Betreuung, die Übungen sind praxisnah.",2025-07-25T06:38:00Z
7186,50599,wochenfeedback,14,zufriedenheit_gesamt,4,2025-07-25T06:51:00Z
7187,50599,wochenfeedback,14,tempo,5,2025-07-25T06:51:00Z
622,50059,wochenfeedback,38,zufriedenheit_gesamt,2,2025-07-25T07:01:00Z
623,50059,wochenfeedback,38,tempo,3,2025-07-25T07:01:00Z
624,50059,wochenfeedback,38,freitext,Statistik-Modul ist zu theoretisch.,2025-07-25T07:01:00Z
6113,50505,wochenfeedback,10,zufriedenheit_gesamt,3,2025-07-25T07:21:00Z
6114,50505,wochenfeedback,10,tempo,3,2025-07-25T07:21:00Z
6115,50505,wochenfeedback,10,freitext,"Das Tempo ist mir zu hoch, ich komme kaum hinterher.",2025-07-25T07:21:00Z
3161,50286,wochenfeedback,10,zufriedenheit_gesamt,5,2025-07-25T07:42:00Z
3162,50286,wochenfeedback,10,tempo,4,2025-07-25T07:42:00Z
1272,50116,wochenfeedback,30,zufriedenheit_gesamt,5,2025-07-25T07:50:00Z
1273,50116,wochenfeedback,30,tempo,4,2025-07-25T07:50:00Z
1274,50116,wochenfeedback,30,freitext,"Top Inhalte, besonders das SQL-Modul.",2025-07-25T07:50:00Z
3836,50338,wochenfeedback,6,zufriedenheit_gesamt,4,2025-07-25T08:41:00Z
3837,50338,wochenfeedback,6,tempo,1,2025-07-25T08:41:00Z
2685,50247,wochenfeedback,10,zufriedenheit_gesamt,4,2025-07-25T08:59:00Z
2686,50247,wochenfeedback,10,tempo,5,2025-07-25T08:59:00Z
4212,50371,wochenfeedback,34,zufriedenheit_gesamt,5,2025-07-25T08:59:00Z
4213,50371,wochenfeedback,34,tempo,1,2025-07-25T08:59:00Z
2792,50255,wochenfeedback,4,zufriedenheit_gesamt,2,2025-07-25T09:09:00Z
2793,50255,wochenfeedback,4,tempo,2,2025-07-25T09:09:00Z
5043,50430,wochenfeedback,38,zufriedenheit_gesamt,4,2025-07-25T09:11:00Z
5044,50430,wochenfeedback,38,tempo,4,2025-07-25T09:11:00Z
5457,50455,wochenfeedback,14,zufriedenheit_gesamt,4,2025-07-25T09:13:00Z
5458,50455,wochenfeedback,14,tempo,5,2025-07-25T09:13:00Z
6601,50546,wochenfeedback,2,zufriedenheit_gesamt,5,2025-07-25T09:14:00Z
6602,50546,wochenfeedback,2,tempo,3,2025-07-25T09:14:00Z
6603,50546,wochenfeedback,2,freitext,"<p>Die Videos sind gut, aber die Quizze sind zu leicht.</p>",2025-07-25T09:14:00Z
2914,50269,wochenfeedback,22,zufriedenheit_gesamt,5,2025-07-25T09:49:00Z
2915,50269,wochenfeedback,22,tempo,3,2025-07-25T09:49:00Z
7712,50628,wochenfeedback,14,zufriedenheit_gesamt,2,2025-07-25T10:01:00Z
7713,50628,wochenfeedback,14,tempo,5,2025-07-25T10:01:00Z
3069,50280,wochenfeedback,22,zufriedenheit_gesamt,4,2025-07-25T10:29:00Z
3070,50280,wochenfeedback,22,tempo,2,2025-07-25T10:29:00Z
3383,50303,wochenfeedback,46,zufriedenheit_gesamt,4,2025-07-25T10:42:00Z
3384,50303,wochenfeedback,46,tempo,4,2025-07-25T10:42:00Z
1604,50144,wochenfeedback,18,zufriedenheit_gesamt,5,2025-07-25T10:53:00Z
1605,50144,wochenfeedback,18,tempo,3,2025-07-25T10:53:00Z
1606,50144,wochenfeedback,18,freitext,"Top Inhalte, besonders das SQL-Modul.",2025-07-25T10:53:00Z
2157,50202,wochenfeedback,6,zufriedenheit_gesamt,4,2025-07-25T10:56:00Z
2158,50202,wochenfeedback,6,tempo,3,2025-07-25T10:56:00Z
1750,50156,wochenfeedback,6,zufriedenheit_gesamt,4,2025-07-25T10:59:00Z
1751,50156,wochenfeedback,6,tempo,1,2025-07-25T10:59:00Z
8143,50674,wochenfeedback,6,zufriedenheit_gesamt,2,2025-07-25T11:43:00Z
8144,50674,wochenfeedback,6,tempo,3,2025-07-25T11:43:00Z
3991,50347,wochenfeedback,38,zufriedenheit_gesamt,4,2025-07-25T11:59:00Z
3992,50347,wochenfeedback,38,tempo,3,2025-07-25T11:59:00Z
3200,50288,wochenfeedback,6,zufriedenheit_gesamt,2,2025-07-25T12:23:00Z
3201,50288,wochenfeedback,6,tempo,5,2025-07-25T12:23:00Z
3202,50288,wochenfeedback,6,freitext,Die Plattform hatte diese Woche mehrfach Ausfälle.,2025-07-25T12:23:00Z
2391,50223,wochenfeedback,6,zufriedenheit_gesamt,3,2025-07-25T12:46:00Z
2392,50223,wochenfeedback,6,tempo,2,2025-07-25T12:46:00Z
4984,50428,wochenfeedback,22,zufriedenheit_gesamt,4,2025-07-25T13:33:00Z
4985,50428,wochenfeedback,22,tempo,3,2025-07-25T13:33:00Z
4986,50428,wochenfeedback,22,freitext,Die Live-Sessions sind Gold wert.,2025-07-25T13:33:00Z
3812,50332,wochenfeedback,14,zufriedenheit_gesamt,4,2025-07-25T13:45:00Z
3813,50332,wochenfeedback,14,tempo,1,2025-07-25T13:45:00Z
3814,50332,wochenfeedback,14,freitext,"Sehr gute Betreuung, die Übungen sind praxisnah.",2025-07-25T13:45:00Z
5850,50482,wochenfeedback,10,zufriedenheit_gesamt,4,2025-07-25T13:46:00Z
5851,50482,wochenfeedback,10,tempo,5,2025-07-25T13:46:00Z
2420,50226,wochenfeedback,2,zufriedenheit_gesamt,3,2025-07-25T14:09:00Z
2421,50226,wochenfeedback,2,tempo,1,2025-07-25T14:09:00Z
1890,50167,wochenfeedback,22,zufriedenheit_gesamt,5,2025-07-25T14:31:00Z
1891,50167,wochenfeedback,22,tempo,3,2025-07-25T14:31:00Z
1892,50167,wochenfeedback,22,freitext,"Top Inhalte, besonders das SQL-Modul.",2025-07-25T14:31:00Z
3464,50304,wochenfeedback,30,zufriedenheit_gesamt,5,2025-07-25T15:52:00Z
3465,50304,wochenfeedback,30,tempo,3,2025-07-25T15:52:00Z
6464,50534,wochenfeedback,6,zufriedenheit_gesamt,3,2025-07-25T15:54:00Z
6465,50534,wochenfeedback,6,tempo,4,2025-07-25T15:54:00Z
6700,50553,wochenfeedback,2,zufriedenheit_gesamt,4,2025-07-25T16:18:00Z
6701,50553,wochenfeedback,2,tempo,5,2025-07-25T16:18:00Z
6702,50553,wochenfeedback,2,freitext,"Sehr gute Betreuung, die Übungen sind praxisnah.",2025-07-25T16:18:00Z
7311,50608,wochenfeedback,22,zufriedenheit_gesamt,3,2025-07-25T16:24:00Z
7312,50608,wochenfeedback,22,tempo,4,2025-07-25T16:24:00Z
7554,50620,wochenfeedback,46,zufriedenheit_gesamt,5,2025-07-25T16:29:00Z
7555,50620,wochenfeedback,46,tempo,5,2025-07-25T16:29:00Z
3129,50285,wochenfeedback,6,zufriedenheit_gesamt,4,2025-07-25T17:00:00Z
3130,50285,wochenfeedback,6,tempo,3,2025-07-25T17:00:00Z
1002,50094,wochenfeedback,34,zufriedenheit_gesamt,3,2025-07-25T17:09:00Z
1003,50094,wochenfeedback,34,tempo,5,2025-07-25T17:09:00Z
1004,50094,wochenfeedback,34,freitext,Aufgabenstellungen sind teilweise unklar formuliert.,2025-07-25T17:09:00Z
4601,50394,wochenfeedback,38,zufriedenheit_gesamt,4,2025-07-25T17:42:00Z
4602,50394,wochenfeedback,38,tempo,3,2025-07-25T17:42:00Z
4603,50394,wochenfeedback,38,freitext,Der Coach erklärt super verständlich.,2025-07-25T17:42:00Z
8120,50672,wochenfeedback,31,zufriedenheit_gesamt,5,2025-08-01T06:09:00Z
8121,50672,wochenfeedback,31,tempo,3,2025-08-01T06:09:00Z
8122,50672,wochenfeedback,31,freitext,"Sehr gute Betreuung, die Übungen sind praxisnah.",2025-08-01T06:09:00Z
2635,50239,wochenfeedback,23,zufriedenheit_gesamt,2,2025-08-01T06:11:00Z
2636,50239,wochenfeedback,23,tempo,5,2025-08-01T06:11:00Z
2637,50239,wochenfeedback,23,freitext,Zu wenig Feedback zu den Abgaben.,2025-08-01T06:11:00Z
3555,50312,wochenfeedback,3,zufriedenheit_gesamt,4,2025-08-01T06:13:00Z
3556,50312,wochenfeedback,3,tempo,3,2025-08-01T06:13:00Z
3557,50312,wochenfeedback,3,freitext,"Top Inhalte, besonders das SQL-Modul.",2025-08-01T06:13:00Z
170,50015,wochenfeedback,23,zufriedenheit_gesamt,5,2025-08-01T06:15:00Z
171,50015,wochenfeedback,23,tempo,3,2025-08-01T06:15:00Z
1796,50161,wochenfeedback,15,zufriedenheit_gesamt,4,2025-08-01T06:50:00Z
1797,50161,wochenfeedback,15,tempo,3,2025-08-01T06:50:00Z
1798,50161,wochenfeedback,15,freitext,Ich fühle mich gut vorbereitet.,2025-08-01T06:50:00Z
2422,50226,wochenfeedback,3,zufriedenheit_gesamt,5,2025-08-01T08:16:00Z
2423,50226,wochenfeedback,3,tempo,5,2025-08-01T08:16:00Z
2424,50226,wochenfeedback,3,freitext,Die Live-Sessions sind Gold wert.,2025-08-01T08:16:00Z
7267,50604,wochenfeedback,3,zufriedenheit_gesamt,3,2025-08-01T08:21:00Z
7268,50604,wochenfeedback,3,tempo,1,2025-08-01T08:21:00Z
7269,50604,wochenfeedback,3,freitext,Zu wenig Feedback zu den Abgaben.,2025-08-01T08:21:00Z
7858,50644,wochenfeedback,11,zufriedenheit_gesamt,5,2025-08-01T08:42:00Z
7859,50644,wochenfeedback,11,tempo,2,2025-08-01T08:42:00Z
6636,50550,wochenfeedback,19,zufriedenheit_gesamt,4,2025-08-01T09:50:00Z
6637,50550,wochenfeedback,19,tempo,3,2025-08-01T09:50:00Z
1371,50125,wochenfeedback,3,zufriedenheit_gesamt,4,2025-08-01T10:06:00Z
1372,50125,wochenfeedback,3,tempo,1,2025-08-01T10:06:00Z
1373,50125,wochenfeedback,3,freitext,"Sehr gute Betreuung, die Übungen sind praxisnah.",2025-08-01T10:06:00Z
1166,50107,wochenfeedback,15,zufriedenheit_gesamt,5,2025-08-01T10:08:00Z
1167,50107,wochenfeedback,15,tempo,5,2025-08-01T10:08:00Z
2530,50234,wochenfeedback,11,zufriedenheit_gesamt,5,2025-08-01T11:03:00Z
2531,50234,wochenfeedback,11,tempo,5,2025-08-01T11:03:00Z
7007,50580,wochenfeedback,11,zufriedenheit_gesamt,5,2025-08-01T11:19:00Z
7008,50580,wochenfeedback,11,tempo,3,2025-08-01T11:19:00Z
7009,50580,wochenfeedback,11,freitext,"<p>Die Videos sind gut, aber die Quizze sind zu leicht.</p>",2025-08-01T11:19:00Z
5633,50473,wochenfeedback,15,zufriedenheit_gesamt,4,2025-08-01T11:22:00Z
5634,50473,wochenfeedback,15,tempo,4,2025-08-01T11:22:00Z
3504,50307,wochenfeedback,19,zufriedenheit_gesamt,4,2025-08-01T11:54:00Z
3505,50307,wochenfeedback,19,tempo,2,2025-08-01T11:54:00Z
1249,50115,wochenfeedback,3,zufriedenheit_gesamt,5,2025-08-01T12:07:00Z
1250,50115,wochenfeedback,3,tempo,3,2025-08-01T12:07:00Z
1251,50115,wochenfeedback,3,freitext,Ich fühle mich gut vorbereitet.,2025-08-01T12:07:00Z
3071,50280,wochenfeedback,23,zufriedenheit_gesamt,5,2025-08-01T12:18:00Z
3072,50280,wochenfeedback,23,tempo,4,2025-08-01T12:18:00Z
2571,50236,wochenfeedback,27,zufriedenheit_gesamt,5,2025-08-01T12:25:00Z
2572,50236,wochenfeedback,27,tempo,4,2025-08-01T12:25:00Z
2573,50236,wochenfeedback,27,freitext,"Tempo passt für mich, gerne mehr Praxisbeispiele.",2025-08-01T12:25:00Z
1005,50094,wochenfeedback,35,zufriedenheit_gesamt,4,2025-08-01T12:40:00Z
1006,50094,wochenfeedback,35,tempo,4,2025-08-01T12:40:00Z
5715,50479,wochenfeedback,7,zufriedenheit_gesamt,4,2025-08-01T12:56:00Z
5716,50479,wochenfeedback,7,tempo,4,2025-08-01T12:56:00Z
5459,50455,wochenfeedback,15,zufriedenheit_gesamt,4,2025-08-01T13:22:00Z
5460,50455,wochenfeedback,15,tempo,2,2025-08-01T13:22:00Z
3889,50342,wochenfeedback,23,zufriedenheit_gesamt,4,2025-08-01T13:24:00Z
3890,50342,wochenfeedback,23,tempo,3,2025-08-01T13:24:00Z
3891,50342,wochenfeedback,23,freitext,Die Live-Sessions sind Gold wert.,2025-08-01T13:24:00Z
5786,50481,wochenfeedback,35,zufriedenheit_gesamt,4,2025-08-01T13:24:00Z
5787,50481,wochenfeedback,35,tempo,5,2025-08-01T13:24:00Z
5788,50481,wochenfeedback,35,freitext,Die Live-Sessions sind Gold wert.,2025-08-01T13:24:00Z
7358,50612,wochenfeedback,19,zufriedenheit_gesamt,5,2025-08-01T13:53:00Z
7359,50612,wochenfeedback,19,tempo,3,2025-08-01T13:53:00Z
8356,50692,wochenfeedback,43,zufriedenheit_gesamt,5,2025-08-01T14:04:00Z
8357,50692,wochenfeedback,43,tempo,2,2025-08-01T14:04:00Z
8358,50692,wochenfeedback,43,freitext,"Top Inhalte, besonders das SQL-Modul.",2025-08-01T14:04:00Z
701,50066,wochenfeedback,23,zufriedenheit_gesamt,5,2025-08-01T14:13:00Z
702,50066,wochenfeedback,23,tempo,3,2025-08-01T14:13:00Z
703,50066,wochenfeedback,23,freitext,"Top Inhalte, besonders das SQL-Modul.",2025-08-01T14:13:00Z
4,50001,wochenfeedback,15,zufriedenheit_gesamt,4,2025-08-01T14:29:00Z
5,50001,wochenfeedback,15,tempo,1,2025-08-01T14:29:00Z
6,50001,wochenfeedback,15,freitext,Ich fühle mich gut vorbereitet.,2025-08-01T14:29:00Z
6261,50518,wochenfeedback,11,zufriedenheit_gesamt,5,2025-08-01T14:31:00Z
6262,50518,wochenfeedback,11,tempo,3,2025-08-01T14:31:00Z
5600,50470,wochenfeedback,3,zufriedenheit_gesamt,4,2025-08-01T14:52:00Z
5601,50470,wochenfeedback,3,tempo,3,2025-08-01T14:52:00Z
6393,50529,wochenfeedback,31,zufriedenheit_gesamt,4,2025-08-01T15:05:00Z
6394,50529,wochenfeedback,31,tempo,1,2025-08-01T15:05:00Z
6395,50529,wochenfeedback,31,freitext,<p>Mehr Praxis bitte!</p>,2025-08-01T15:05:00Z
3385,50303,wochenfeedback,47,zufriedenheit_gesamt,5,2025-08-01T15:23:00Z
3386,50303,wochenfeedback,47,tempo,2,2025-08-01T15:23:00Z
3655,50318,wochenfeedback,5,zufriedenheit_gesamt,4,2025-08-01T16:25:00Z
3656,50318,wochenfeedback,5,tempo,3,2025-08-01T16:25:00Z
474,50043,wochenfeedback,3,zufriedenheit_gesamt,5,2025-08-01T17:04:00Z
475,50043,wochenfeedback,3,tempo,3,2025-08-01T17:04:00Z
6957,50578,wochenfeedback,7,zufriedenheit_gesamt,5,2025-08-01T17:32:00Z
6958,50578,wochenfeedback,7,tempo,5,2025-08-01T17:32:00Z
6959,50578,wochenfeedback,7,freitext,"Top Inhalte, besonders das SQL-Modul.",2025-08-01T17:32:00Z
3815,50332,abschlussfeedback,,nps,5,2025-08-01T21:00:00Z
3816,50332,abschlussfeedback,,zufriedenheit_coach,4,2025-08-01T21:00:00Z
3817,50332,abschlussfeedback,,weiterempfehlung_grund,Ich hätte gern mehr Live-Termine.,2025-08-01T21:00:00Z
1607,50144,abschlussfeedback,,nps,8,2025-08-08T01:00:00Z
1608,50144,abschlussfeedback,,zufriedenheit_coach,5,2025-08-08T01:00:00Z
1609,50144,abschlussfeedback,,weiterempfehlung_grund,"Das Tempo ist mir zu hoch, ich komme kaum hinterher.",2025-08-08T01:00:00Z
1168,50107,abschlussfeedback,,nps,7,2025-08-08T03:00:00Z
1169,50107,abschlussfeedback,,zufriedenheit_coach,4,2025-08-08T03:00:00Z
1170,50107,abschlussfeedback,,weiterempfehlung_grund,Aufgabenstellungen sind teilweise unklar formuliert.,2025-08-08T03:00:00Z
6466,50534,wochenfeedback,8,zufriedenheit_gesamt,4,2025-08-08T06:07:00Z
6467,50534,wochenfeedback,8,tempo,4,2025-08-08T06:07:00Z
6468,50534,wochenfeedback,8,freitext,"Top Inhalte, besonders das SQL-Modul.",2025-08-08T06:07:00Z
655,50061,wochenfeedback,24,zufriedenheit_gesamt,3,2025-08-08T06:34:00Z
656,50061,wochenfeedback,24,tempo,4,2025-08-08T06:34:00Z
657,50061,wochenfeedback,24,freitext,Zu wenig Feedback zu den Abgaben.,2025-08-08T06:34:00Z
821,50075,wochenfeedback,20,zufriedenheit_gesamt,4,2025-08-08T06:43:00Z
822,50075,wochenfeedback,20,tempo,4,2025-08-08T06:43:00Z
1007,50094,wochenfeedback,36,zufriedenheit_gesamt,4,2025-08-08T06:44:00Z
1008,50094,wochenfeedback,36,tempo,1,2025-08-08T06:44:00Z
1009,50094,wochenfeedback,36,freitext,Der Coach erklärt super verständlich.,2025-08-08T06:44:00Z
5635,50473,wochenfeedback,16,zufriedenheit_gesamt,3,2025-08-08T06:54:00Z
5636,50473,wochenfeedback,16,tempo,2,2025-08-08T06:54:00Z
476,50043,wochenfeedback,4,zufriedenheit_gesamt,5,2025-08-08T07:15:00Z
477,50043,wochenfeedback,4,tempo,1,2025-08-08T07:15:00Z
4604,50394,wochenfeedback,40,zufriedenheit_gesamt,5,2025-08-08T08:32:00Z
4605,50394,wochenfeedback,40,tempo,4,2025-08-08T08:32:00Z
6604,50546,wochenfeedback,4,zufriedenheit_gesamt,2,2025-08-08T08:42:00Z
6605,50546,wochenfeedback,4,tempo,4,2025-08-08T08:42:00Z
4352,50379,wochenfeedback,32,zufriedenheit_gesamt,2,2025-08-08T08:49:00Z
4353,50379,wochenfeedback,32,tempo,4,2025-08-08T08:49:00Z
8359,50692,wochenfeedback,44,zufriedenheit_gesamt,5,2025-08-08T09:04:00Z
8360,50692,wochenfeedback,44,tempo,2,2025-08-08T09:04:00Z
8361,50692,wochenfeedback,44,freitext,"Tempo passt für mich, gerne mehr Praxisbeispiele.",2025-08-08T09:04:00Z
6966,50579,wochenfeedback,8,zufriedenheit_gesamt,4,2025-08-08T09:10:00Z
6967,50579,wochenfeedback,8,tempo,4,2025-08-08T09:10:00Z
704,50066,wochenfeedback,24,zufriedenheit_gesamt,3,2025-08-08T12:33:00Z
705,50066,wochenfeedback,24,tempo,1,2025-08-08T12:33:00Z
2384,50222,wochenfeedback,16,zufriedenheit_gesamt,5,2025-08-08T13:03:00Z
2385,50222,wochenfeedback,16,tempo,4,2025-08-08T13:03:00Z
3838,50338,wochenfeedback,8,zufriedenheit_gesamt,5,2025-08-08T14:15:00Z
3839,50338,wochenfeedback,8,tempo,3,2025-08-08T14:15:00Z
7270,50604,wochenfeedback,4,zufriedenheit_gesamt,3,2025-08-08T14:18:00Z
7271,50604,wochenfeedback,4,tempo,1,2025-08-08T14:18:00Z
4529,50391,wochenfeedback,24,zufriedenheit_gesamt,4,2025-08-08T14:29:00Z
4530,50391,wochenfeedback,24,tempo,5,2025-08-08T14:29:00Z
4531,50391,wochenfeedback,24,freitext,Die Live-Sessions sind Gold wert.,2025-08-08T14:29:00Z
7,50001,wochenfeedback,16,zufriedenheit_gesamt,2,2025-08-08T14:43:00Z
8,50001,wochenfeedback,16,tempo,4,2025-08-08T14:43:00Z
9,50001,wochenfeedback,16,freitext,"Das Tempo ist mir zu hoch, ich komme kaum hinterher.",2025-08-08T14:43:00Z
3131,50285,wochenfeedback,8,zufriedenheit_gesamt,3,2025-08-08T14:53:00Z
3132,50285,wochenfeedback,8,tempo,1,2025-08-08T14:53:00Z
3133,50285,wochenfeedback,8,freitext,Statistik-Modul ist zu theoretisch.,2025-08-08T14:53:00Z
6219,50514,wochenfeedback,16,zufriedenheit_gesamt,4,2025-08-08T14:56:00Z
6220,50514,wochenfeedback,16,tempo,4,2025-08-08T14:56:00Z
2916,50269,wochenfeedback,24,zufriedenheit_gesamt,5,2025-08-08T15:04:00Z
2917,50269,wochenfeedback,24,tempo,2,2025-08-08T15:04:00Z
5789,50481,wochenfeedback,36,zufriedenheit_gesamt,5,2025-08-08T15:25:00Z
5790,50481,wochenfeedback,36,tempo,5,2025-08-08T15:25:00Z
4987,50428,wochenfeedback,24,zufriedenheit_gesamt,2,2025-08-08T15:33:00Z
4988,50428,wochenfeedback,24,tempo,4,2025-08-08T15:33:00Z
4861,50413,wochenfeedback,12,zufriedenheit_gesamt,4,2025-08-08T15:52:00Z
4862,50413,wochenfeedback,12,tempo,4,2025-08-08T15:52:00Z
5938,50491,wochenfeedback,4,zufriedenheit_gesamt,4,2025-08-08T16:06:00Z
5939,50491,wochenfeedback,4,tempo,3,2025-08-08T16:06:00Z
5940,50491,wochenfeedback,4,freitext,"Tempo passt für mich, gerne mehr Praxisbeispiele.",2025-08-08T16:06:00Z
6638,50550,wochenfeedback,20,zufriedenheit_gesamt,5,2025-08-08T16:41:00Z
6639,50550,wochenfeedback,20,tempo,4,2025-08-08T16:41:00Z
6640,50550,wochenfeedback,20,freitext,Der Coach erklärt super verständlich.,2025-08-08T16:41:00Z
2574,50236,wochenfeedback,28,zufriedenheit_gesamt,5,2025-08-08T16:43:00Z
2575,50236,wochenfeedback,28,tempo,3,2025-08-08T16:43:00Z
589,50056,abschlussfeedback,,nps,6,2025-08-08T21:00:00Z
590,50056,abschlussfeedback,,zufriedenheit_coach,4,2025-08-08T21:00:00Z
591,50056,abschlussfeedback,,weiterempfehlung_grund,Der Coach erklärt super verständlich.,2025-08-08T21:00:00Z
3506,50307,abschlussfeedback,,nps,7,2025-08-09T21:00:00Z
3507,50307,abschlussfeedback,,zufriedenheit_coach,3,2025-08-09T21:00:00Z
3508,50307,abschlussfeedback,,weiterempfehlung_grund,"Sehr gute Betreuung, die Übungen sind praxisnah.",2025-08-09T21:00:00Z
5045,50430,abschlussfeedback,,nps,6,2025-08-10T03:00:00Z
5046,50430,abschlussfeedback,,zufriedenheit_coach,2,2025-08-10T03:00:00Z
5047,50430,abschlussfeedback,,weiterempfehlung_grund,Ich hätte gern mehr Live-Termine.,2025-08-10T03:00:00Z
1694,50150,abschlussfeedback,,nps,10,2025-08-10T21:00:00Z
1695,50150,abschlussfeedback,,zufriedenheit_coach,5,2025-08-10T21:00:00Z
1696,50150,abschlussfeedback,,weiterempfehlung_grund,Statistik-Modul ist zu theoretisch.,2025-08-10T21:00:00Z
5461,50455,abschlussfeedback,,nps,10,2025-08-11T02:00:00Z
5462,50455,abschlussfeedback,,zufriedenheit_coach,5,2025-08-11T02:00:00Z
5463,50455,abschlussfeedback,,weiterempfehlung_grund,Ich fühle mich gut vorbereitet.,2025-08-11T02:00:00Z
6960,50578,abschlussfeedback,,nps,7,2025-08-11T02:00:00Z
6961,50578,abschlussfeedback,,zufriedenheit_coach,5,2025-08-11T02:00:00Z
6962,50578,abschlussfeedback,,weiterempfehlung_grund,Ich fühle mich gut vorbereitet.,2025-08-11T02:00:00Z
625,50059,abschlussfeedback,,nps,9,2025-08-12T00:00:00Z
626,50059,abschlussfeedback,,zufriedenheit_coach,2,2025-08-12T00:00:00Z
627,50059,abschlussfeedback,,weiterempfehlung_grund,Ich fühle mich gut vorbereitet.,2025-08-12T00:00:00Z
310,50029,abschlussfeedback,,nps,7,2025-08-12T03:00:00Z
311,50029,abschlussfeedback,,zufriedenheit_coach,4,2025-08-12T03:00:00Z
312,50029,abschlussfeedback,,weiterempfehlung_grund,Aufgabenstellungen sind teilweise unklar formuliert.,2025-08-12T03:00:00Z
5703,50477,abschlussfeedback,,nps,6,2025-08-12T05:00:00Z
5704,50477,abschlussfeedback,,zufriedenheit_coach,4,2025-08-12T05:00:00Z
5705,50477,abschlussfeedback,,weiterempfehlung_grund,"Tempo passt für mich, gerne mehr Praxisbeispiele.",2025-08-12T05:00:00Z
823,50075,abschlussfeedback,,nps,10,2025-08-12T16:00:00Z
824,50075,abschlussfeedback,,zufriedenheit_coach,3,2025-08-12T16:00:00Z
825,50075,abschlussfeedback,,weiterempfehlung_grund,Ich hätte gern mehr Live-Termine.,2025-08-12T16:00:00Z
1799,50161,abschlussfeedback,,nps,9,2025-08-12T22:00:00Z
1800,50161,abschlussfeedback,,zufriedenheit_coach,4,2025-08-12T22:00:00Z
1801,50161,abschlussfeedback,,weiterempfehlung_grund,Zu wenig Feedback zu den Abgaben.,2025-08-12T22:00:00Z
6469,50534,wochenfeedback,9,zufriedenheit_gesamt,5,2025-08-15T06:16:00Z
6470,50534,wochenfeedback,9,tempo,4,2025-08-15T06:16:00Z
6471,50534,wochenfeedback,9,freitext,<p>Mehr Praxis bitte!</p>,2025-08-15T06:16:00Z
2451,50230,wochenfeedback,9,zufriedenheit_gesamt,4,2025-08-15T06:23:00Z
2452,50230,wochenfeedback,9,tempo,1,2025-08-15T06:23:00Z
2453,50230,wochenfeedback,9,freitext,Die Live-Sessions sind Gold wert.,2025-08-15T06:23:00Z
3840,50338,wochenfeedback,9,zufriedenheit_gesamt,4,2025-08-15T06:26:00Z
3841,50338,wochenfeedback,9,tempo,2,2025-08-15T06:26:00Z
3842,50338,wochenfeedback,9,freitext,Ich fühle mich gut vorbereitet.,2025-08-15T06:26:00Z
2794,50255,wochenfeedback,7,zufriedenheit_gesamt,5,2025-08-15T06:43:00Z
2795,50255,wochenfeedback,7,tempo,3,2025-08-15T06:43:00Z
145,50012,wochenfeedback,5,zufriedenheit_gesamt,4,2025-08-15T07:23:00Z
146,50012,wochenfeedback,5,tempo,3,2025-08-15T07:23:00Z
5941,50491,wochenfeedback,5,zufriedenheit_gesamt,3,2025-08-15T07:52:00Z
5942,50491,wochenfeedback,5,tempo,1,2025-08-15T07:52:00Z
7517,50619,wochenfeedback,1,zufriedenheit_gesamt,1,2025-08-15T08:08:00Z
7518,50619,wochenfeedback,1,tempo,3,2025-08-15T08:08:00Z
7519,50619,wochenfeedback,1,freitext,Aufgabenstellungen sind teilweise unklar formuliert.,2025-08-15T08:08:00Z
2393,50223,wochenfeedback,9,zufriedenheit_gesamt,3,2025-08-15T08:10:00Z
2394,50223,wochenfeedback,9,tempo,5,2025-08-15T08:10:00Z
8123,50672,wochenfeedback,33,zufriedenheit_gesamt,5,2025-08-15T08:31:00Z
8124,50672,wochenfeedback,33,tempo,2,2025-08-15T08:31:00Z
1374,50125,wochenfeedback,5,zufriedenheit_gesamt,5,2025-08-15T08:37:00Z
1375,50125,wochenfeedback,5,tempo,3,2025-08-15T08:37:00Z
7313,50608,wochenfeedback,25,zufriedenheit_gesamt,4,2025-08-15T08:47:00Z
7314,50608,wochenfeedback,25,tempo,1,2025-08-15T08:47:00Z
3569,50313,wochenfeedback,1,zufriedenheit_gesamt,5,2025-08-15T09:19:00Z
3570,50313,wochenfeedback,1,tempo,1,2025-08-15T09:19:00Z
947,50090,wochenfeedback,5,zufriedenheit_gesamt,3,2025-08-15T09:21:00Z
948,50090,wochenfeedback,5,tempo,1,2025-08-15T09:21:00Z
5852,50482,wochenfeedback,13,zufriedenheit_gesamt,2,2025-08-15T09:53:00Z
5853,50482,wochenfeedback,13,tempo,4,2025-08-15T09:53:00Z
5854,50482,wochenfeedback,13,freitext,"Das Tempo ist mir zu hoch, ich komme kaum hinterher.",2025-08-15T09:53:00Z
1752,50156,wochenfeedback,9,zufriedenheit_gesamt,4,2025-08-15T10:45:00Z
1753,50156,wochenfeedback,9,tempo,2,2025-08-15T10:45:00Z
5717,50479,wochenfeedback,9,zufriedenheit_gesamt,4,2025-08-15T11:15:00Z
5718,50479,wochenfeedback,9,tempo,2,2025-08-15T11:15:00Z
5719,50479,wochenfeedback,9,freitext,"Sehr gute Betreuung, die Übungen sind praxisnah.",2025-08-15T11:15:00Z
1716,50154,wochenfeedback,1,zufriedenheit_gesamt,3,2025-08-15T11:16:00Z
1717,50154,wochenfeedback,1,tempo,5,2025-08-15T11:16:00Z
6116,50505,wochenfeedback,13,zufriedenheit_gesamt,4,2025-08-15T11:25:00Z
6117,50505,wochenfeedback,13,tempo,3,2025-08-15T11:25:00Z
1724,50155,wochenfeedback,1,zufriedenheit_gesamt,5,2025-08-15T12:06:00Z
1725,50155,wochenfeedback,1,tempo,2,2025-08-15T12:06:00Z
1726,50155,wochenfeedback,1,freitext,Die Live-Sessions sind Gold wert.,2025-08-15T12:06:00Z
4863,50413,wochenfeedback,13,zufriedenheit_gesamt,5,2025-08-15T12:17:00Z
4864,50413,wochenfeedback,13,tempo,2,2025-08-15T12:17:00Z
5602,50470,wochenfeedback,5,zufriedenheit_gesamt,4,2025-08-15T12:23:00Z
5603,50470,wochenfeedback,5,tempo,4,2025-08-15T12:23:00Z
6968,50579,wochenfeedback,9,zufriedenheit_gesamt,4,2025-08-15T12:32:00Z
6969,50579,wochenfeedback,9,tempo,3,2025-08-15T12:32:00Z
2159,50202,wochenfeedback,9,zufriedenheit_gesamt,4,2025-08-15T12:53:00Z
2160,50202,wochenfeedback,9,tempo,3,2025-08-15T12:53:00Z
2161,50202,wochenfeedback,9,freitext,Der Coach erklärt super verständlich.,2025-08-15T12:53:00Z
1291,50118,wochenfeedback,1,zufriedenheit_gesamt,4,2025-08-15T12:59:00Z
1292,50118,wochenfeedback,1,tempo,3,2025-08-15T12:59:00Z
2638,50239,wochenfeedback,25,zufriedenheit_gesamt,5,2025-08-15T13:14:00Z
2639,50239,wochenfeedback,25,tempo,4,2025-08-15T13:14:00Z
2640,50239,wochenfeedback,25,freitext,"<p>Die Videos sind gut, aber die Quizze sind zu leicht.</p>",2025-08-15T13:14:00Z
1129,50105,wochenfeedback,1,zufriedenheit_gesamt,4,2025-08-15T13:34:00Z
1130,50105,wochenfeedback,1,tempo,2,2025-08-15T13:34:00Z
1131,50105,wochenfeedback,1,freitext,Der Coach erklärt super verständlich.,2025-08-15T13:34:00Z
3203,50288,wochenfeedback,9,zufriedenheit_gesamt,1,2025-08-15T15:14:00Z
3204,50288,wochenfeedback,9,tempo,2,2025-08-15T15:14:00Z
7188,50599,wochenfeedback,17,zufriedenheit_gesamt,4,2025-08-15T15:18:00Z
7189,50599,wochenfeedback,17,tempo,3,2025-08-15T15:18:00Z
7190,50599,wochenfeedback,17,freitext,Die Live-Sessions sind Gold wert.,2025-08-15T15:18:00Z
3466,50304,wochenfeedback,33,zufriedenheit_gesamt,5,2025-08-15T15:31:00Z
3467,50304,wochenfeedback,33,tempo,4,2025-08-15T15:31:00Z
3468,50304,wochenfeedback,33,freitext,Ich fühle mich gut vorbereitet.,2025-08-15T15:31:00Z
4989,50428,wochenfeedback,25,zufriedenheit_gesamt,4,2025-08-15T15:49:00Z
4990,50428,wochenfeedback,25,tempo,3,2025-08-15T15:49:00Z
8362,50692,wochenfeedback,45,zufriedenheit_gesamt,5,2025-08-15T16:12:00Z
8363,50692,wochenfeedback,45,tempo,4,2025-08-15T16:12:00Z
6263,50518,wochenfeedback,13,zufriedenheit_gesamt,5,2025-08-15T16:57:00Z
6264,50518,wochenfeedback,13,tempo,3,2025-08-15T16:57:00Z
6265,50518,wochenfeedback,13,freitext,Der Coach erklärt super verständlich.,2025-08-15T16:57:00Z
7826,50640,wochenfeedback,1,zufriedenheit_gesamt,3,2025-08-15T16:58:00Z
7827,50640,wochenfeedback,1,tempo,4,2025-08-15T16:58:00Z
6396,50529,wochenfeedback,33,zufriedenheit_gesamt,5,2025-08-15T17:04:00Z
6397,50529,wochenfeedback,33,tempo,2,2025-08-15T17:04:00Z
378,50034,wochenfeedback,13,zufriedenheit_gesamt,4,2025-08-15T17:32:00Z
379,50034,wochenfeedback,13,tempo,2,2025-08-15T17:32:00Z
762,50071,wochenfeedback,9,zufriedenheit_gesamt,4,2025-08-15T17:36:00Z
763,50071,wochenfeedback,9,tempo,1,2025-08-15T17:36:00Z
7749,50631,wochenfeedback,29,zufriedenheit_gesamt,5,2025-08-15T17:38:00Z
7750,50631,wochenfeedback,29,tempo,5,2025-08-15T17:38:00Z
4865,50413,wochenfeedback,14,zufriedenheit_gesamt,5,2025-08-22T06:00:00Z
4866,50413,wochenfeedback,14,tempo,5,2025-08-22T06:00:00Z
4867,50413,wochenfeedback,14,freitext,Der Coach erklärt super verständlich.,2025-08-22T06:00:00Z
6641,50550,wochenfeedback,22,zufriedenheit_gesamt,4,2025-08-22T06:45:00Z
6642,50550,wochenfeedback,22,tempo,4,2025-08-22T06:45:00Z
6643,50550,wochenfeedback,22,freitext,Der Coach erklärt super verständlich.,2025-08-22T06:45:00Z
1010,50094,wochenfeedback,38,zufriedenheit_gesamt,4,2025-08-22T07:02:00Z
1011,50094,wochenfeedback,38,tempo,4,2025-08-22T07:02:00Z
2162,50202,wochenfeedback,10,zufriedenheit_gesamt,5,2025-08-22T07:07:00Z
2163,50202,wochenfeedback,10,tempo,1,2025-08-22T07:07:00Z
2944,50272,wochenfeedback,18,zufriedenheit_gesamt,3,2025-08-22T07:44:00Z
2945,50272,wochenfeedback,18,tempo,3,2025-08-22T07:44:00Z
4354,50379,wochenfeedback,34,zufriedenheit_gesamt,5,2025-08-22T07:44:00Z
4355,50379,wochenfeedback,34,tempo,3,2025-08-22T07:44:00Z
4356,50379,wochenfeedback,34,freitext,"Sehr gute Betreuung, die Übungen sind praxisnah.",2025-08-22T07:44:00Z
1108,50102,wochenfeedback,2,zufriedenheit_gesamt,4,2025-08-22T07:48:00Z
1109,50102,wochenfeedback,2,tempo,4,2025-08-22T07:48:00Z
7556,50620,wochenfeedback,50,zufriedenheit_gesamt,3,2025-08-22T08:41:00Z
7557,50620,wochenfeedback,50,tempo,2,2025-08-22T08:41:00Z
3558,50312,wochenfeedback,6,zufriedenheit_gesamt,4,2025-08-22T08:55:00Z
3559,50312,wochenfeedback,6,tempo,4,2025-08-22T08:55:00Z
3560,50312,wochenfeedback,6,freitext,"Tempo passt für mich, gerne mehr Praxisbeispiele.",2025-08-22T08:55:00Z
6118,50505,wochenfeedback,14,zufriedenheit_gesamt,5,2025-08-22T09:15:00Z
6119,50505,wochenfeedback,14,tempo,1,2025-08-22T09:15:00Z
6120,50505,wochenfeedback,14,freitext,<p>Mehr Praxis bitte!</p>,2025-08-22T09:15:00Z
8130,50673,wochenfeedback,6,zufriedenheit_gesamt,4,2025-08-22T09:18:00Z
8131,50673,wochenfeedback,6,tempo,3,2025-08-22T09:18:00Z
5604,50470,wochenfeedback,6,zufriedenheit_gesamt,4,2025-08-22T09:34:00Z
5605,50470,wochenfeedback,6,tempo,5,2025-08-22T09:34:00Z
1347,50123,wochenfeedback,2,zufriedenheit_gesamt,5,2025-08-22T09:38:00Z
1348,50123,wochenfeedback,2,tempo,3,2025-08-22T09:38:00Z
4292,50375,wochenfeedback,26,zufriedenheit_gesamt,4,2025-08-22T09:45:00Z
4293,50375,wochenfeedback,26,tempo,3,2025-08-22T09:45:00Z
5943,50491,wochenfeedback,6,zufriedenheit_gesamt,1,2025-08-22T10:07:00Z
5944,50491,wochenfeedback,6,tempo,4,2025-08-22T10:07:00Z
2687,50247,wochenfeedback,14,zufriedenheit_gesamt,5,2025-08-22T10:16:00Z
2688,50247,wochenfeedback,14,tempo,3,2025-08-22T10:16:00Z
8145,50674,wochenfeedback,10,zufriedenheit_gesamt,4,2025-08-22T10:42:00Z
8146,50674,wochenfeedback,10,tempo,5,2025-08-22T10:42:00Z
2532,50234,wochenfeedback,14,zufriedenheit_gesamt,5,2025-08-22T11:01:00Z
2533,50234,wochenfeedback,14,tempo,2,2025-08-22T11:01:00Z
2059,50188,wochenfeedback,18,zufriedenheit_gesamt,3,2025-08-22T11:14:00Z
2060,50188,wochenfeedback,18,tempo,3,2025-08-22T11:14:00Z
2061,50188,wochenfeedback,18,freitext,"Das Tempo ist mir zu hoch, ich komme kaum hinterher.",2025-08-22T11:14:00Z
380,50034,wochenfeedback,14,zufriedenheit_gesamt,4,2025-08-22T12:31:00Z
381,50034,wochenfeedback,14,tempo,5,2025-08-22T12:31:00Z
382,50034,wochenfeedback,14,freitext,Der Coach erklärt super verständlich.,2025-08-22T12:31:00Z
2770,50251,wochenfeedback,14,zufriedenheit_gesamt,5,2025-08-22T12:41:00Z
2771,50251,wochenfeedback,14,tempo,3,2025-08-22T12:41:00Z
2772,50251,wochenfeedback,14,freitext,"Tempo passt für mich, gerne mehr Praxisbeispiele.",2025-08-22T12:41:00Z
7633,50624,wochenfeedback,2,zufriedenheit_gesamt,4,2025-08-22T12:49:00Z
7634,50624,wochenfeedback,2,tempo,5,2025-08-22T12:49:00Z
7635,50624,wochenfeedback,2,freitext,"<p>Die Videos sind gut, aber die Quizze sind zu leicht.</p>",2025-08-22T12:49:00Z
2921,50270,wochenfeedback,2,zufriedenheit_gesamt,4,2025-08-22T13:08:00Z
2922,50270,wochenfeedback,2,tempo,4,2025-08-22T13:08:00Z
3571,50313,wochenfeedback,2,zufriedenheit_gesamt,5,2025-08-22T13:21:00Z
3572,50313,wochenfeedback,2,tempo,4,2025-08-22T13:21:00Z
135,50011,wochenfeedback,14,zufriedenheit_gesamt,4,2025-08-22T13:54:00Z
136,50011,wochenfeedback,14,tempo,5,2025-08-22T13:54:00Z
137,50011,wochenfeedback,14,freitext,Die Live-Sessions sind Gold wert.,2025-08-22T13:54:00Z
5268,50447,wochenfeedback,2,zufriedenheit_gesamt,5,2025-08-22T13:58:00Z
5269,50447,wochenfeedback,2,tempo,3,2025-08-22T13:58:00Z
4394,50381,wochenfeedback,2,zufriedenheit_gesamt,5,2025-08-22T14:01:00Z
4395,50381,wochenfeedback,2,tempo,3,2025-08-22T14:01:00Z
6266,50518,wochenfeedback,14,zufriedenheit_gesamt,2,2025-08-22T14:41:00Z
6267,50518,wochenfeedback,14,tempo,3,2025-08-22T14:41:00Z
1252,50115,wochenfeedback,6,zufriedenheit_gesamt,2,2025-08-22T14:46:00Z
1253,50115,wochenfeedback,6,tempo,3,2025-08-22T14:46:00Z
1254,50115,wochenfeedback,6,freitext,"Das Tempo ist mir zu hoch, ich komme kaum hinterher.",2025-08-22T14:46:00Z
751,50070,wochenfeedback,6,zufriedenheit_gesamt,3,2025-08-22T14:57:00Z
752,50070,wochenfeedback,6,tempo,3,2025-08-22T14:57:00Z
753,50070,wochenfeedback,6,freitext,<p>Mehr Praxis bitte!</p>,2025-08-22T14:57:00Z
658,50061,wochenfeedback,26,zufriedenheit_gesamt,4,2025-08-22T15:52:00Z
659,50061,wochenfeedback,26,tempo,2,2025-08-22T15:52:00Z
8033,50667,wochenfeedback,2,zufriedenheit_gesamt,5,2025-08-22T16:04:00Z
8034,50667,wochenfeedback,2,tempo,3,2025-08-22T16:04:00Z
3657,50318,wochenfeedback,8,zufriedenheit_gesamt,3,2025-08-22T16:59:00Z
3658,50318,wochenfeedback,8,tempo,2,2025-08-22T16:59:00Z
4907,50418,wochenfeedback,10,zufriedenheit_gesamt,4,2025-08-22T17:21:00Z
4908,50418,wochenfeedback,10,tempo,3,2025-08-22T17:21:00Z
2203,50205,wochenfeedback,2,zufriedenheit_gesamt,4,2025-08-22T17:27:00Z
2204,50205,wochenfeedback,2,tempo,3,2025-08-22T17:27:00Z
2205,50205,wochenfeedback,2,freitext,"Tempo passt für mich, gerne mehr Praxisbeispiele.",2025-08-22T17:27:00Z
7360,50612,wochenfeedback,22,zufriedenheit_gesamt,4,2025-08-22T17:59:00Z
7361,50612,wochenfeedback,22,tempo,3,2025-08-22T17:59:00Z
7362,50612,wochenfeedback,22,freitext,"Tempo passt für mich, gerne mehr Praxisbeispiele.",2025-08-22T17:59:00Z
2796,50255,abschlussfeedback,,nps,6,2025-08-26T02:00:00Z
2797,50255,abschlussfeedback,,zufriedenheit_coach,4,2025-08-26T02:00:00Z
2798,50255,abschlussfeedback,,weiterempfehlung_grund,Zu wenig Feedback zu den Abgaben.,2025-08-26T02:00:00Z
8285,50687,wochenfeedback,11,zufriedenheit_gesamt,5,2025-08-29T06:41:00Z
8286,50687,wochenfeedback,11,tempo,3,2025-08-29T06:41:00Z
2454,50230,wochenfeedback,11,zufriedenheit_gesamt,4,2025-08-29T07:03:00Z
2455,50230,wochenfeedback,11,tempo,3,2025-08-29T07:03:00Z
2456,50230,wochenfeedback,11,freitext,"Top Inhalte, besonders das SQL-Modul.",2025-08-29T07:03:00Z
1893,50167,wochenfeedback,27,zufriedenheit_gesamt,3,2025-08-29T08:11:00Z
1894,50167,wochenfeedback,27,tempo,3,2025-08-29T08:11:00Z
1895,50167,wochenfeedback,27,freitext,"Das Tempo ist mir zu hoch, ich komme kaum hinterher.",2025-08-29T08:11:00Z
6398,50529,wochenfeedback,35,zufriedenheit_gesamt,5,2025-08-29T08:46:00Z
6399,50529,wochenfeedback,35,tempo,2,2025-08-29T08:46:00Z
1132,50105,wochenfeedback,3,zufriedenheit_gesamt,4,2025-08-29T08:54:00Z
1133,50105,wochenfeedback,3,tempo,4,2025-08-29T08:54:00Z
949,50090,wochenfeedback,7,zufriedenheit_gesamt,4,2025-08-29T09:48:00Z
950,50090,wochenfeedback,7,tempo,4,2025-08-29T09:48:00Z
147,50012,wochenfeedback,7,zufriedenheit_gesamt,5,2025-08-29T09:53:00Z
148,50012,wochenfeedback,7,tempo,3,2025-08-29T09:53:00Z
5791,50481,wochenfeedback,39,zufriedenheit_gesamt,5,2025-08-29T09:53:00Z
5792,50481,wochenfeedback,39,tempo,4,2025-08-29T09:53:00Z
3073,50280,wochenfeedback,27,zufriedenheit_gesamt,5,2025-08-29T10:17:00Z
3074,50280,wochenfeedback,27,tempo,5,2025-08-29T10:17:00Z
1376,50125,wochenfeedback,7,zufriedenheit_gesamt,4,2025-08-29T10:32:00Z
1377,50125,wochenfeedback,7,tempo,3,2025-08-29T10:32:00Z
1378,50125,wochenfeedback,7,freitext,<p>Mehr Praxis bitte!</p>,2025-08-29T10:32:00Z
5405,50453,wochenfeedback,11,zufriedenheit_gesamt,5,2025-08-29T11:04:00Z
5406,50453,wochenfeedback,11,tempo,5,2025-08-29T11:04:00Z
1998,50180,wochenfeedback,3,zufriedenheit_gesamt,5,2025-08-29T11:17:00Z
1999,50180,wochenfeedback,3,tempo,2,2025-08-29T11:17:00Z
531,50053,wochenfeedback,3,zufriedenheit_gesamt,5,2025-08-29T11:25:00Z
532,50053,wochenfeedback,3,tempo,5,2025-08-29T11:25:00Z
7272,50604,wochenfeedback,7,zufriedenheit_gesamt,5,2025-08-29T13:08:00Z
7273,50604,wochenfeedback,7,tempo,4,2025-08-29T13:08:00Z
7636,50624,wochenfeedback,3,zufriedenheit_gesamt,3,2025-08-29T13:41:00Z
7637,50624,wochenfeedback,3,tempo,3,2025-08-29T13:41:00Z
4396,50381,wochenfeedback,3,zufriedenheit_gesamt,4,2025-08-29T13:52:00Z
4397,50381,wochenfeedback,3,tempo,1,2025-08-29T13:52:00Z
8147,50674,wochenfeedback,11,zufriedenheit_gesamt,4,2025-08-29T13:53:00Z
8148,50674,wochenfeedback,11,tempo,3,2025-08-29T13:53:00Z
1349,50123,wochenfeedback,3,zufriedenheit_gesamt,4,2025-08-29T14:43:00Z
1350,50123,wochenfeedback,3,tempo,4,2025-08-29T14:43:00Z
2773,50251,wochenfeedback,15,zufriedenheit_gesamt,4,2025-08-29T15:01:00Z
2774,50251,wochenfeedback,15,tempo,4,2025-08-29T15:01:00Z
2641,50239,wochenfeedback,27,zufriedenheit_gesamt,5,2025-08-29T15:03:00Z
2642,50239,wochenfeedback,27,tempo,1,2025-08-29T15:03:00Z
2643,50239,wochenfeedback,27,freitext,Der Coach erklärt super verständlich.,2025-08-29T15:03:00Z
3993,50347,wochenfeedback,43,zufriedenheit_gesamt,4,2025-08-29T15:28:00Z
3994,50347,wochenfeedback,43,tempo,2,2025-08-29T15:28:00Z
2946,50272,wochenfeedback,19,zufriedenheit_gesamt,4,2025-08-29T15:34:00Z
2947,50272,wochenfeedback,19,tempo,2,2025-08-29T15:34:00Z
5160,50438,wochenfeedback,3,zufriedenheit_gesamt,3,2025-08-29T15:44:00Z
5161,50438,wochenfeedback,3,tempo,1,2025-08-29T15:44:00Z
2689,50247,wochenfeedback,15,zufriedenheit_gesamt,5,2025-08-29T16:02:00Z
2690,50247,wochenfeedback,15,tempo,4,2025-08-29T16:02:00Z
2691,50247,wochenfeedback,15,freitext,"Top Inhalte, besonders das SQL-Modul.",2025-08-29T16:02:00Z
7363,50612,wochenfeedback,23,zufriedenheit_gesamt,4,2025-08-29T16:09:00Z
7364,50612,wochenfeedback,23,tempo,3,2025-08-29T16:09:00Z
3205,50288,wochenfeedback,11,zufriedenheit_gesamt,3,2025-08-29T16:30:00Z
3206,50288,wochenfeedback,11,tempo,4,2025-08-29T16:30:00Z
4294,50375,wochenfeedback,27,zufriedenheit_gesamt,4,2025-08-29T16:51:00Z
4295,50375,wochenfeedback,27,tempo,3,2025-08-29T16:51:00Z
4296,50375,wochenfeedback,27,freitext,"Sehr gute Betreuung, die Übungen sind praxisnah.",2025-08-29T16:51:00Z
3187,50287,wochenfeedback,27,zufriedenheit_gesamt,4,2025-08-29T17:13:00Z
3188,50287,wochenfeedback,27,tempo,3,2025-08-29T17:13:00Z
247,50022,wochenfeedback,3,zufriedenheit_gesamt,2,2025-08-29T17:18:00Z
248,50022,wochenfeedback,3,tempo,2,2025-08-29T17:18:00Z
249,50022,wochenfeedback,3,freitext,"Das Tempo ist mir zu hoch, ich komme kaum hinterher.",2025-08-29T17:18:00Z
4532,50391,wochenfeedback,27,zufriedenheit_gesamt,4,2025-08-29T17:43:00Z
4533,50391,wochenfeedback,27,tempo,2,2025-08-29T17:43:00Z
3517,50309,wochenfeedback,3,zufriedenheit_gesamt,5,2025-08-29T17:59:00Z
3518,50309,wochenfeedback,3,tempo,3,2025-08-29T17:59:00Z
8132,50673,abschlussfeedback,,nps,9,2025-09-01T23:00:00Z
8133,50673,abschlussfeedback,,zufriedenheit_coach,2,2025-09-01T23:00:00Z
8134,50673,abschlussfeedback,,weiterempfehlung_grund,Ich hätte gern mehr Live-Termine.,2025-09-01T23:00:00Z
5855,50482,abschlussfeedback,,nps,8,2025-09-03T03:00:00Z
5856,50482,abschlussfeedback,,zufriedenheit_coach,5,2025-09-03T03:00:00Z
5857,50482,abschlussfeedback,,weiterempfehlung_grund,Ich hätte gern mehr Live-Termine.,2025-09-03T03:00:00Z
1813,50162,abschlussfeedback,,nps,7,2025-09-04T07:00:00Z
1814,50162,abschlussfeedback,,zufriedenheit_coach,5,2025-09-04T07:00:00Z
1815,50162,abschlussfeedback,,weiterempfehlung_grund,Zu wenig Feedback zu den Abgaben.,2025-09-04T07:00:00Z
2386,50222,abschlussfeedback,,nps,7,2025-09-05T00:00:00Z
2387,50222,abschlussfeedback,,zufriedenheit_coach,5,2025-09-05T00:00:00Z
2388,50222,abschlussfeedback,,weiterempfehlung_grund,Der Coach erklärt super verständlich.,2025-09-05T00:00:00Z
2948,50272,wochenfeedback,20,zufriedenheit_gesamt,2,2025-09-05T06:15:00Z
2949,50272,wochenfeedback,20,tempo,5,2025-09-05T06:15:00Z
2950,50272,wochenfeedback,20,freitext,Die Plattform hatte diese Woche mehrfach Ausfälle.,2025-09-05T06:15:00Z
4661,50396,wochenfeedback,12,zufriedenheit_gesamt,4,2025-09-05T06:41:00Z
4662,50396,wochenfeedback,12,tempo,1,2025-09-05T06:41:00Z
2992,50276,wochenfeedback,32,zufriedenheit_gesamt,3,2025-09-05T06:46:00Z
2993,50276,wochenfeedback,32,tempo,3,2025-09-05T06:46:00Z
6703,50553,wochenfeedback,8,zufriedenheit_gesamt,2,2025-09-05T06:59:00Z
6704,50553,wochenfeedback,8,tempo,3,2025-09-05T06:59:00Z
5975,50494,wochenfeedback,4,zufriedenheit_gesamt,5,2025-09-05T07:10:00Z
5976,50494,wochenfeedback,4,tempo,3,2025-09-05T07:10:00Z
5977,50494,wochenfeedback,4,freitext,Der Coach erklärt super verständlich.,2025-09-05T07:10:00Z
7274,50604,wochenfeedback,8,zufriedenheit_gesamt,5,2025-09-05T07:31:00Z
7275,50604,wochenfeedback,8,tempo,1,2025-09-05T07:31:00Z
533,50053,wochenfeedback,4,zufriedenheit_gesamt,4,2025-09-05T07:38:00Z
534,50053,wochenfeedback,4,tempo,3,2025-09-05T07:38:00Z
535,50053,wochenfeedback,4,freitext,<p>Mehr Praxis bitte!</p>,2025-09-05T07:38:00Z
706,50066,wochenfeedback,28,zufriedenheit_gesamt,5,2025-09-05T08:18:00Z
707,50066,wochenfeedback,28,tempo,3,2025-09-05T08:18:00Z
660,50061,wochenfeedback,28,zufriedenheit_gesamt,2,2025-09-05T08:25:00Z
661,50061,wochenfeedback,28,tempo,4,2025-09-05T08:25:00Z
662,50061,wochenfeedback,28,freitext,Statistik-Modul ist zu theoretisch.,2025-09-05T08:25:00Z
3387,50303,wochenfeedback,52,zufriedenheit_gesamt,4,2025-09-05T08:45:00Z
3388,50303,wochenfeedback,52,tempo,4,2025-09-05T08:45:00Z
4398,50381,wochenfeedback,4,zufriedenheit_gesamt,5,2025-09-05T08:49:00Z
4399,50381,wochenfeedback,4,tempo,5,2025-09-05T08:49:00Z
4400,50381,wochenfeedback,4,freitext,"Top Inhalte, besonders das SQL-Modul.",2025-09-05T08:49:00Z
3561,50312,wochenfeedback,8,zufriedenheit_gesamt,5,2025-09-05T08:51:00Z
3562,50312,wochenfeedback,8,tempo,3,2025-09-05T08:51:00Z
3563,50312,wochenfeedback,8,freitext,"Top Inhalte, besonders das SQL-Modul.",2025-09-05T08:51:00Z
6400,50529,wochenfeedback,36,zufriedenheit_gesamt,2,2025-09-05T08:57:00Z
6401,50529,wochenfeedback,36,tempo,4,2025-09-05T08:57:00Z
6402,50529,wochenfeedback,36,freitext,Ich hätte gern mehr Live-Termine.,2025-09-05T08:57:00Z
138,50011,wochenfeedback,16,zufriedenheit_gesamt,2,2025-09-05T09:55:00Z
139,50011,wochenfeedback,16,tempo,2,2025-09-05T09:55:00Z
4776,50407,wochenfeedback,4,zufriedenheit_gesamt,5,2025-09-05T10:07:00Z
4777,50407,wochenfeedback,4,tempo,3,2025-09-05T10:07:00Z
4868,50413,wochenfeedback,16,zufriedenheit_gesamt,5,2025-09-05T10:20:00Z
4869,50413,wochenfeedback,16,tempo,1,2025-09-05T10:20:00Z
7010,50580,wochenfeedback,16,zufriedenheit_gesamt,2,2025-09-05T10:39:00Z
7011,50580,wochenfeedback,16,tempo,1,2025-09-05T10:39:00Z
7012,50580,wochenfeedback,16,freitext,Aufgabenstellungen sind teilweise unklar formuliert.,2025-09-05T10:39:00Z
7828,50640,wochenfeedback,4,zufriedenheit_gesamt,4,2025-09-05T11:51:00Z
7829,50640,wochenfeedback,4,tempo,5,2025-09-05T11:51:00Z
2398,50224,wochenfeedback,4,zufriedenheit_gesamt,4,2025-09-05T11:53:00Z
2399,50224,wochenfeedback,4,tempo,4,2025-09-05T11:53:00Z
2026,50183,wochenfeedback,4,zufriedenheit_gesamt,2,2025-09-05T12:21:00Z
2027,50183,wochenfeedback,4,tempo,4,2025-09-05T12:21:00Z
2314,50217,wochenfeedback,28,zufriedenheit_gesamt,2,2025-09-05T12:28:00Z
2315,50217,wochenfeedback,28,tempo,1,2025-09-05T12:28:00Z
2316,50217,wochenfeedback,28,freitext,"<p>Die Videos sind gut, aber die Quizze sind zu leicht.</p>",2025-09-05T12:28:00Z
2644,50239,wochenfeedback,28,zufriedenheit_gesamt,5,2025-09-05T12:48:00Z
2645,50239,wochenfeedback,28,tempo,4,2025-09-05T12:48:00Z
10,50001,wochenfeedback,20,zufriedenheit_gesamt,3,2025-09-05T13:08:00Z
11,50001,wochenfeedback,20,tempo,1,2025-09-05T13:08:00Z
12,50001,wochenfeedback,20,freitext,Ich hätte gern mehr Live-Termine.,2025-09-05T13:08:00Z
951,50090,wochenfeedback,8,zufriedenheit_gesamt,4,2025-09-05T13:26:00Z
952,50090,wochenfeedback,8,tempo,4,2025-09-05T13:26:00Z
1718,50154,wochenfeedback,4,zufriedenheit_gesamt,3,2025-09-05T13:50:00Z
1719,50154,wochenfeedback,4,tempo,1,2025-09-05T13:50:00Z
1720,50154,wochenfeedback,4,freitext,Aufgabenstellungen sind teilweise unklar formuliert.,2025-09-05T13:50:00Z
2395,50223,wochenfeedback,12,zufriedenheit_gesamt,2,2025-09-05T14:54:00Z
2396,50223,wochenfeedback,12,tempo,3,2025-09-05T14:54:00Z
2397,50223,wochenfeedback,12,freitext,"Das Tempo ist mir zu hoch, ich komme kaum hinterher.",2025-09-05T14:54:00Z
3995,50347,wochenfeedback,44,zufriedenheit_gesamt,4,2025-09-05T14:59:00Z
3996,50347,wochenfeedback,44,tempo,2,2025-09-05T14:59:00Z
3997,50347,wochenfeedback,44,freitext,Der Coach erklärt super verständlich.,2025-09-05T14:59:00Z
2826,50258,wochenfeedback,4,zufriedenheit_gesamt,3,2025-09-05T16:09:00Z
2827,50258,wochenfeedback,4,tempo,1,2025-09-05T16:09:00Z
2828,50258,wochenfeedback,4,freitext,<p>Insgesamt <strong>sehr zufrieden</strong>.</p>,2025-09-05T16:09:00Z
6644,50550,wochenfeedback,24,zufriedenheit_gesamt,4,2025-09-05T16:40:00Z
6645,50550,wochenfeedback,24,tempo,3,2025-09-05T16:40:00Z
6646,50550,wochenfeedback,24,freitext,Ich fühle mich gut vorbereitet.,2025-09-05T16:40:00Z
6221,50514,abschlussfeedback,,nps,7,2025-09-06T01:00:00Z
6222,50514,abschlussfeedback,,zufriedenheit_coach,2,2025-09-06T01:00:00Z
6223,50514,abschlussfeedback,,weiterempfehlung_grund,Die Plattform hatte diese Woche mehrfach Ausfälle.,2025-09-06T01:00:00Z
2775,50251,abschlussfeedback,,nps,9,2025-09-06T20:00:00Z
2776,50251,abschlussfeedback,,zufriedenheit_coach,2,2025-09-06T20:00:00Z
2777,50251,abschlussfeedback,,weiterempfehlung_grund,Aufgabenstellungen sind teilweise unklar formuliert.,2025-09-06T20:00:00Z
6606,50546,abschlussfeedback,,nps,8,2025-09-06T21:00:00Z
6607,50546,abschlussfeedback,,zufriedenheit_coach,3,2025-09-06T21:00:00Z
6608,50546,abschlussfeedback,,weiterempfehlung_grund,Zu wenig Feedback zu den Abgaben.,2025-09-06T21:00:00Z
2534,50234,abschlussfeedback,,nps,5,2025-09-07T21:00:00Z
2535,50234,abschlussfeedback,,zufriedenheit_coach,5,2025-09-07T21:00:00Z
2536,50234,abschlussfeedback,,weiterempfehlung_grund,Ich fühle mich gut vorbereitet.,2025-09-07T21:00:00Z
2425,50226,abschlussfeedback,,nps,9,2025-09-11T01:00:00Z
2426,50226,abschlussfeedback,,zufriedenheit_coach,4,2025-09-11T01:00:00Z
2427,50226,abschlussfeedback,,weiterempfehlung_grund,Die Plattform hatte diese Woche mehrfach Ausfälle.,2025-09-11T01:00:00Z
3573,50313,wochenfeedback,5,zufriedenheit_gesamt,4,2025-09-12T06:03:00Z
3574,50313,wochenfeedback,5,tempo,3,2025-09-12T06:03:00Z
3575,50313,wochenfeedback,5,freitext,<p>Mehr Praxis bitte!</p>,2025-09-12T06:03:00Z
4297,50375,wochenfeedback,29,zufriedenheit_gesamt,2,2025-09-12T06:14:00Z
4298,50375,wochenfeedback,29,tempo,3,2025-09-12T06:14:00Z
5945,50491,wochenfeedback,9,zufriedenheit_gesamt,2,2025-09-12T06:26:00Z
5946,50491,wochenfeedback,9,tempo,4,2025-09-12T06:26:00Z
2237,50206,wochenfeedback,13,zufriedenheit_gesamt,5,2025-09-12T07:26:00Z
2238,50206,wochenfeedback,13,tempo,3,2025-09-12T07:26:00Z
2239,50206,wochenfeedback,13,freitext,<p>Mehr Praxis bitte!</p>,2025-09-12T07:26:00Z
1677,50149,wochenfeedback,13,zufriedenheit_gesamt,4,2025-09-12T10:00:00Z
1678,50149,wochenfeedback,13,tempo,3,2025-09-12T10:00:00Z
5073,50433,wochenfeedback,5,zufriedenheit_gesamt,5,2025-09-12T10:24:00Z
5074,50433,wochenfeedback,5,tempo,5,2025-09-12T10:24:00Z
6970,50579,wochenfeedback,13,zufriedenheit_gesamt,3,2025-09-12T10:27:00Z
6971,50579,wochenfeedback,13,tempo,4,2025-09-12T10:27:00Z
1936,50173,wochenfeedback,13,zufriedenheit_gesamt,5,2025-09-12T10:47:00Z
1937,50173,wochenfeedback,13,tempo,3,2025-09-12T10:47:00Z
1938,50173,wochenfeedback,13,freitext,Die Live-Sessions sind Gold wert.,2025-09-12T10:47:00Z
536,50053,wochenfeedback,5,zufriedenheit_gesamt,4,2025-09-12T10:57:00Z
537,50053,wochenfeedback,5,tempo,4,2025-09-12T10:57:00Z
2469,50231,wochenfeedback,1,zufriedenheit_gesamt,5,2025-09-12T11:04:00Z
2470,50231,wochenfeedback,1,tempo,2,2025-09-12T11:04:00Z
2471,50231,wochenfeedback,1,freitext,Ich fühle mich gut vorbereitet.,2025-09-12T11:04:00Z
2646,50239,wochenfeedback,29,zufriedenheit_gesamt,4,2025-09-12T11:55:00Z
2647,50239,wochenfeedback,29,tempo,1,2025-09-12T11:55:00Z
3717,50325,wochenfeedback,1,zufriedenheit_gesamt,4,2025-09-12T12:04:00Z
3718,50325,wochenfeedback,1,tempo,3,2025-09-12T12:04:00Z
545,50054,wochenfeedback,5,zufriedenheit_gesamt,4,2025-09-12T12:18:00Z
546,50054,wochenfeedback,5,tempo,2,2025-09-12T12:18:00Z
547,50054,wochenfeedback,5,freitext,"Top Inhalte, besonders das SQL-Modul.",2025-09-12T12:18:00Z
5720,50479,wochenfeedback,13,zufriedenheit_gesamt,4,2025-09-12T12:24:00Z
5721,50479,wochenfeedback,13,tempo,2,2025-09-12T12:24:00Z
5468,50457,wochenfeedback,1,zufriedenheit_gesamt,2,2025-09-12T12:25:00Z
5469,50457,wochenfeedback,1,tempo,3,2025-09-12T12:25:00Z
5470,50457,wochenfeedback,1,freitext,Zu wenig Feedback zu den Abgaben.,2025-09-12T12:25:00Z
3389,50303,wochenfeedback,53,zufriedenheit_gesamt,4,2025-09-12T12:27:00Z
3390,50303,wochenfeedback,53,tempo,4,2025-09-12T12:27:00Z
2488,50233,wochenfeedback,5,zufriedenheit_gesamt,4,2025-09-12T12:39:00Z
2489,50233,wochenfeedback,5,tempo,4,2025-09-12T12:39:00Z
3230,50293,wochenfeedback,17,zufriedenheit_gesamt,4,2025-09-12T13:37:00Z
3231,50293,wochenfeedback,17,tempo,3,2025-09-12T13:37:00Z
2400,50224,wochenfeedback,5,zufriedenheit_gesamt,4,2025-09-12T14:26:00Z
2401,50224,wochenfeedback,5,tempo,4,2025-09-12T14:26:00Z
4109,50364,wochenfeedback,1,zufriedenheit_gesamt,5,2025-09-12T14:29:00Z
4110,50364,wochenfeedback,1,tempo,3,2025-09-12T14:29:00Z
6292,50522,wochenfeedback,1,zufriedenheit_gesamt,4,2025-09-12T15:04:00Z
6293,50522,wochenfeedback,1,tempo,4,2025-09-12T15:04:00Z
1727,50155,wochenfeedback,5,zufriedenheit_gesamt,5,2025-09-12T15:09:00Z
1728,50155,wochenfeedback,5,tempo,3,2025-09-12T15:09:00Z
3519,50309,wochenfeedback,5,zufriedenheit_gesamt,4,2025-09-12T15:29:00Z
3520,50309,wochenfeedback,5,tempo,2,2025-09-12T15:29:00Z
8287,50687,wochenfeedback,13,zufriedenheit_gesamt,2,2025-09-12T15:52:00Z
8288,50687,wochenfeedback,13,tempo,3,2025-09-12T15:52:00Z
172,50015,wochenfeedback,29,zufriedenheit_gesamt,5,2025-09-12T16:02:00Z
173,50015,wochenfeedback,29,tempo,4,2025-09-12T16:02:00Z
174,50015,wochenfeedback,29,freitext,Der Coach erklärt super verständlich.,2025-09-12T16:02:00Z
21,50002,wochenfeedback,5,zufriedenheit_gesamt,4,2025-09-12T16:07:00Z
22,50002,wochenfeedback,5,tempo,4,2025-09-12T16:07:00Z
23,50002,wochenfeedback,5,freitext,"Sehr gute Betreuung, die Übungen sind praxisnah.",2025-09-12T16:07:00Z
13,50001,wochenfeedback,21,zufriedenheit_gesamt,5,2025-09-12T16:19:00Z
14,50001,wochenfeedback,21,tempo,4,2025-09-12T16:19:00Z
6705,50553,wochenfeedback,9,zufriedenheit_gesamt,2,2025-09-12T16:20:00Z
6706,50553,wochenfeedback,9,tempo,4,2025-09-12T16:20:00Z
3134,50285,wochenfeedback,13,zufriedenheit_gesamt,5,2025-09-12T16:39:00Z
3135,50285,wochenfeedback,13,tempo,2,2025-09-12T16:39:00Z
4104,50363,wochenfeedback,21,zufriedenheit_gesamt,2,2025-09-12T16:40:00Z
4105,50363,wochenfeedback,21,tempo,3,2025-09-12T16:40:00Z
3075,50280,wochenfeedback,29,zufriedenheit_gesamt,5,2025-09-12T17:33:00Z
3076,50280,wochenfeedback,29,tempo,3,2025-09-12T17:33:00Z
2829,50258,wochenfeedback,5,zufriedenheit_gesamt,4,2025-09-12T17:35:00Z
2830,50258,wochenfeedback,5,tempo,3,2025-09-12T17:35:00Z
2831,50258,wochenfeedback,5,freitext,"Top Inhalte, besonders das SQL-Modul.",2025-09-12T17:35:00Z
2206,50205,wochenfeedback,5,zufriedenheit_gesamt,4,2025-09-12T17:42:00Z
2207,50205,wochenfeedback,5,tempo,4,2025-09-12T17:42:00Z
4663,50396,wochenfeedback,13,zufriedenheit_gesamt,5,2025-09-12T17:45:00Z
4664,50396,wochenfeedback,13,tempo,1,2025-09-12T17:45:00Z
3659,50318,wochenfeedback,11,zufriedenheit_gesamt,5,2025-09-12T17:54:00Z
3660,50318,wochenfeedback,11,tempo,5,2025-09-12T17:54:00Z
3661,50318,wochenfeedback,11,freitext,Die Live-Sessions sind Gold wert.,2025-09-12T17:54:00Z
6609,50548,abschlussfeedback,,nps,10,2025-09-15T01:00:00Z
6610,50548,abschlussfeedback,,zufriedenheit_coach,5,2025-09-15T01:00:00Z
6611,50548,abschlussfeedback,,weiterempfehlung_grund,Der Coach erklärt super verständlich.,2025-09-15T01:00:00Z
1729,50155,wochenfeedback,6,zufriedenheit_gesamt,4,2025-09-19T06:00:00Z
1730,50155,wochenfeedback,6,tempo,4,2025-09-19T06:00:00Z
1731,50155,wochenfeedback,6,freitext,<p>Mehr Praxis bitte!</p>,2025-09-19T06:00:00Z
837,50077,wochenfeedback,14,zufriedenheit_gesamt,4,2025-09-19T06:03:00Z
838,50077,wochenfeedback,14,tempo,4,2025-09-19T06:03:00Z
4909,50418,wochenfeedback,14,zufriedenheit_gesamt,5,2025-09-19T06:17:00Z
4910,50418,wochenfeedback,14,tempo,3,2025-09-19T06:17:00Z
7558,50620,wochenfeedback,54,zufriedenheit_gesamt,4,2025-09-19T06:19:00Z
7559,50620,wochenfeedback,54,tempo,2,2025-09-19T06:19:00Z
4357,50379,wochenfeedback,38,zufriedenheit_gesamt,5,2025-09-19T06:24:00Z
4358,50379,wochenfeedback,38,tempo,3,2025-09-19T06:24:00Z
4359,50379,wochenfeedback,38,freitext,Ich fühle mich gut vorbereitet.,2025-09-19T06:24:00Z
5637,50473,wochenfeedback,22,zufriedenheit_gesamt,4,2025-09-19T07:19:00Z
5638,50473,wochenfeedback,22,tempo,1,2025-09-19T07:19:00Z
8364,50692,wochenfeedback,50,zufriedenheit_gesamt,2,2025-09-19T07:47:00Z
8365,50692,wochenfeedback,50,tempo,4,2025-09-19T07:47:00Z
8366,50692,wochenfeedback,50,freitext,Statistik-Modul ist zu theoretisch.,2025-09-19T07:47:00Z
1492,50138,wochenfeedback,2,zufriedenheit_gesamt,4,2025-09-19T08:01:00Z
1493,50138,wochenfeedback,2,tempo,3,2025-09-19T08:01:00Z
1494,50138,wochenfeedback,2,freitext,<p>Mehr Praxis bitte!</p>,2025-09-19T08:01:00Z
2000,50180,wochenfeedback,6,zufriedenheit_gesamt,4,2025-09-19T08:14:00Z
2001,50180,wochenfeedback,6,tempo,5,2025-09-19T08:14:00Z
2002,50180,wochenfeedback,6,freitext,Ich fühle mich gut vorbereitet.,2025-09-19T08:14:00Z
3077,50280,wochenfeedback,30,zufriedenheit_gesamt,5,2025-09-19T08:29:00Z
3078,50280,wochenfeedback,30,tempo,3,2025-09-19T08:29:00Z
4176,50369,wochenfeedback,14,zufriedenheit_gesamt,5,2025-09-19T08:57:00Z
4177,50369,wochenfeedback,14,tempo,3,2025-09-19T08:57:00Z
4178,50369,wochenfeedback,14,freitext,Der Coach erklärt super verständlich.,2025-09-19T08:57:00Z
4214,50371,wochenfeedback,42,zufriedenheit_gesamt,5,2025-09-19T09:16:00Z
4215,50371,wochenfeedback,42,tempo,5,2025-09-19T09:16:00Z
4216,50371,wochenfeedback,42,freitext,"Top Inhalte, besonders das SQL-Modul.",2025-09-19T09:16:00Z
7638,50624,wochenfeedback,6,zufriedenheit_gesamt,5,2025-09-19T09:44:00Z
7639,50624,wochenfeedback,6,tempo,4,2025-09-19T09:44:00Z
2164,50202,wochenfeedback,14,zufriedenheit_gesamt,2,2025-09-19T09:57:00Z
2165,50202,wochenfeedback,14,tempo,4,2025-09-19T09:57:00Z
2166,50202,wochenfeedback,14,freitext,Statistik-Modul ist zu theoretisch.,2025-09-19T09:57:00Z
2875,50261,wochenfeedback,2,zufriedenheit_gesamt,1,2025-09-19T10:24:00Z
2876,50261,wochenfeedback,2,tempo,3,2025-09-19T10:24:00Z
2877,50261,wochenfeedback,2,freitext,Aufgabenstellungen sind teilweise unklar formuliert.,2025-09-19T10:24:00Z
6294,50522,wochenfeedback,2,zufriedenheit_gesamt,2,2025-09-19T12:15:00Z
6295,50522,wochenfeedback,2,tempo,4,2025-09-19T12:15:00Z
3576,50313,wochenfeedback,6,zufriedenheit_gesamt,4,2025-09-19T12:19:00Z
3577,50313,wochenfeedback,6,tempo,3,2025-09-19T12:19:00Z
7315,50608,wochenfeedback,30,zufriedenheit_gesamt,3,2025-09-19T13:04:00Z
7316,50608,wochenfeedback,30,tempo,5,2025-09-19T13:04:00Z
8149,50674,wochenfeedback,14,zufriedenheit_gesamt,2,2025-09-19T13:08:00Z
8150,50674,wochenfeedback,14,tempo,2,2025-09-19T13:08:00Z
8151,50674,wochenfeedback,14,freitext,Ich hätte gern mehr Live-Termine.,2025-09-19T13:08:00Z
2457,50230,wochenfeedback,14,zufriedenheit_gesamt,4,2025-09-19T14:17:00Z
2458,50230,wochenfeedback,14,tempo,5,2025-09-19T14:17:00Z
560,50055,wochenfeedback,2,zufriedenheit_gesamt,2,2025-09-19T14:18:00Z
561,50055,wochenfeedback,2,tempo,4,2025-09-19T14:18:00Z
6121,50505,wochenfeedback,18,zufriedenheit_gesamt,3,2025-09-19T14:27:00Z
6122,50505,wochenfeedback,18,tempo,5,2025-09-19T14:27:00Z
708,50066,wochenfeedback,30,zufriedenheit_gesamt,5,2025-09-19T14:31:00Z
709,50066,wochenfeedback,30,tempo,3,2025-09-19T14:31:00Z
710,50066,wochenfeedback,30,freitext,Ich fühle mich gut vorbereitet.,2025-09-19T14:31:00Z
6403,50529,wochenfeedback,38,zufriedenheit_gesamt,2,2025-09-19T15:03:00Z
6404,50529,wochenfeedback,38,tempo,3,2025-09-19T15:03:00Z
5947,50491,wochenfeedback,10,zufriedenheit_gesamt,1,2025-09-19T16:01:00Z
5948,50491,wochenfeedback,10,tempo,3,2025-09-19T16:01:00Z
140,50011,wochenfeedback,18,zufriedenheit_gesamt,2,2025-09-19T16:23:00Z
141,50011,wochenfeedback,18,tempo,3,2025-09-19T16:23:00Z
1379,50125,wochenfeedback,10,zufriedenheit_gesamt,4,2025-09-19T16:26:00Z
1380,50125,wochenfeedback,10,tempo,3,2025-09-19T16:26:00Z
1381,50125,wochenfeedback,10,freitext,Ich fühle mich gut vorbereitet.,2025-09-19T16:26:00Z
8125,50672,wochenfeedback,38,zufriedenheit_gesamt,4,2025-09-19T16:55:00Z
8126,50672,wochenfeedback,38,tempo,2,2025-09-19T16:55:00Z
5722,50479,wochenfeedback,14,zufriedenheit_gesamt,4,2025-09-19T16:58:00Z
5723,50479,wochenfeedback,14,tempo,4,2025-09-19T16:58:00Z
1012,50094,wochenfeedback,42,zufriedenheit_gesamt,4,2025-09-19T17:23:00Z
1013,50094,wochenfeedback,42,tempo,3,2025-09-19T17:23:00Z
3391,50303,wochenfeedback,54,zufriedenheit_gesamt,4,2025-09-19T17:27:00Z
3392,50303,wochenfeedback,54,tempo,3,2025-09-19T17:27:00Z
3393,50303,wochenfeedback,54,freitext,Der Coach erklärt super verständlich.,2025-09-19T17:27:00Z
953,50090,wochenfeedback,10,zufriedenheit_gesamt,5,2025-09-19T17:31:00Z
954,50090,wochenfeedback,10,tempo,4,2025-09-19T17:31:00Z
955,50090,wochenfeedback,10,freitext,"Top Inhalte, besonders das SQL-Modul.",2025-09-19T17:31:00Z
2923,50270,wochenfeedback,6,zufriedenheit_gesamt,3,2025-09-19T17:59:00Z
2924,50270,wochenfeedback,6,tempo,4,2025-09-19T17:59:00Z
3662,50318,abschlussfeedback,,nps,9,2025-09-19T19:00:00Z
3663,50318,abschlussfeedback,,zufriedenheit_coach,4,2025-09-19T19:00:00Z
3664,50318,abschlussfeedback,,weiterempfehlung_grund,Die Live-Sessions sind Gold wert.,2025-09-19T19:00:00Z
2028,50183,abschlussfeedback,,nps,6,2025-09-25T01:00:00Z
2029,50183,abschlussfeedback,,zufriedenheit_coach,2,2025-09-25T01:00:00Z
2030,50183,abschlussfeedback,,weiterempfehlung_grund,"Das Tempo ist mir zu hoch, ich komme kaum hinterher.",2025-09-25T01:00:00Z
2003,50180,wochenfeedback,7,zufriedenheit_gesamt,4,2025-09-26T06:01:00Z
2004,50180,wochenfeedback,7,tempo,5,2025-09-26T06:01:00Z
6268,50518,wochenfeedback,19,zufriedenheit_gesamt,3,2025-09-26T07:00:00Z
6269,50518,wochenfeedback,19,tempo,2,2025-09-26T07:00:00Z
6270,50518,wochenfeedback,19,freitext,Statistik-Modul ist zu theoretisch.,2025-09-26T07:00:00Z
5741,50480,wochenfeedback,3,zufriedenheit_gesamt,5,2025-09-26T07:01:00Z
5742,50480,wochenfeedback,3,tempo,4,2025-09-26T07:01:00Z
5743,50480,wochenfeedback,3,freitext,<p>Mehr Praxis bitte!</p>,2025-09-26T07:01:00Z
2832,50258,wochenfeedback,7,zufriedenheit_gesamt,2,2025-09-26T07:15:00Z
2833,50258,wochenfeedback,7,tempo,1,2025-09-26T07:15:00Z
1110,50102,wochenfeedback,7,zufriedenheit_gesamt,2,2025-09-26T07:28:00Z
1111,50102,wochenfeedback,7,tempo,4,2025-09-26T07:28:00Z
7365,50612,wochenfeedback,27,zufriedenheit_gesamt,5,2025-09-26T07:46:00Z
7366,50612,wochenfeedback,27,tempo,3,2025-09-26T07:46:00Z
1990,50179,wochenfeedback,3,zufriedenheit_gesamt,1,2025-09-26T08:19:00Z
1991,50179,wochenfeedback,3,tempo,3,2025-09-26T08:19:00Z
5639,50473,wochenfeedback,23,zufriedenheit_gesamt,5,2025-09-26T08:32:00Z
5640,50473,wochenfeedback,23,tempo,4,2025-09-26T08:32:00Z
2459,50230,wochenfeedback,15,zufriedenheit_gesamt,5,2025-09-26T08:37:00Z
2460,50230,wochenfeedback,15,tempo,2,2025-09-26T08:37:00Z
2576,50236,wochenfeedback,35,zufriedenheit_gesamt,5,2025-09-26T09:17:00Z
2577,50236,wochenfeedback,35,tempo,3,2025-09-26T09:17:00Z
2578,50236,wochenfeedback,35,freitext,<p>Mehr Praxis bitte!</p>,2025-09-26T09:17:00Z
7560,50620,wochenfeedback,55,zufriedenheit_gesamt,3,2025-09-26T10:29:00Z
7561,50620,wochenfeedback,55,tempo,4,2025-09-26T10:29:00Z
7562,50620,wochenfeedback,55,freitext,Die Plattform hatte diese Woche mehrfach Ausfälle.,2025-09-26T10:29:00Z
562,50055,wochenfeedback,3,zufriedenheit_gesamt,3,2025-09-26T10:49:00Z
563,50055,wochenfeedback,3,tempo,1,2025-09-26T10:49:00Z
4534,50391,wochenfeedback,31,zufriedenheit_gesamt,5,2025-09-26T10:49:00Z
4535,50391,wochenfeedback,31,tempo,4,2025-09-26T10:49:00Z
5978,50494,wochenfeedback,7,zufriedenheit_gesamt,4,2025-09-26T10:52:00Z
5979,50494,wochenfeedback,7,tempo,2,2025-09-26T10:52:00Z
1014,50094,wochenfeedback,43,zufriedenheit_gesamt,5,2025-09-26T11:10:00Z
1015,50094,wochenfeedback,43,tempo,4,2025-09-26T11:10:00Z
7276,50604,wochenfeedback,11,zufriedenheit_gesamt,5,2025-09-26T11:14:00Z
7277,50604,wochenfeedback,11,tempo,1,2025-09-26T11:14:00Z
6472,50534,wochenfeedback,15,zufriedenheit_gesamt,5,2025-09-26T11:58:00Z
6473,50534,wochenfeedback,15,tempo,4,2025-09-26T11:58:00Z
6474,50534,wochenfeedback,15,freitext,"<p>Die Videos sind gut, aber die Quizze sind zu leicht.</p>",2025-09-26T11:58:00Z
4111,50364,wochenfeedback,3,zufriedenheit_gesamt,4,2025-09-26T12:05:00Z
4112,50364,wochenfeedback,3,tempo,4,2025-09-26T12:05:00Z
4401,50381,wochenfeedback,7,zufriedenheit_gesamt,4,2025-09-26T12:07:00Z
4402,50381,wochenfeedback,7,tempo,2,2025-09-26T12:07:00Z
4403,50381,wochenfeedback,7,freitext,<p>Mehr Praxis bitte!</p>,2025-09-26T12:07:00Z
5407,50453,wochenfeedback,15,zufriedenheit_gesamt,4,2025-09-26T12:22:00Z
5408,50453,wochenfeedback,15,tempo,1,2025-09-26T12:22:00Z
3136,50285,wochenfeedback,15,zufriedenheit_gesamt,5,2025-09-26T12:42:00Z
3137,50285,wochenfeedback,15,tempo,3,2025-09-26T12:42:00Z
8035,50667,wochenfeedback,7,zufriedenheit_gesamt,4,2025-09-26T12:56:00Z
8036,50667,wochenfeedback,7,tempo,3,2025-09-26T12:56:00Z
7520,50619,wochenfeedback,7,zufriedenheit_gesamt,4,2025-09-26T13:00:00Z
7521,50619,wochenfeedback,7,tempo,4,2025-09-26T13:00:00Z
7522,50619,wochenfeedback,7,freitext,"Top Inhalte, besonders das SQL-Modul.",2025-09-26T13:00:00Z
4179,50369,wochenfeedback,15,zufriedenheit_gesamt,5,2025-09-26T13:16:00Z
4180,50369,wochenfeedback,15,tempo,2,2025-09-26T13:16:00Z
4181,50369,wochenfeedback,15,freitext,"Top Inhalte, besonders das SQL-Modul.",2025-09-26T13:16:00Z
4118,50365,wochenfeedback,3,zufriedenheit_gesamt,3,2025-09-26T13:57:00Z
4119,50365,wochenfeedback,3,tempo,3,2025-09-26T13:57:00Z
5523,50461,wochenfeedback,3,zufriedenheit_gesamt,2,2025-09-26T14:13:00Z
5524,50461,wochenfeedback,3,tempo,2,2025-09-26T14:13:00Z
5525,50461,wochenfeedback,3,freitext,"Das Tempo ist mir zu hoch, ich komme kaum hinterher.",2025-09-26T14:13:00Z
24,50002,wochenfeedback,7,zufriedenheit_gesamt,2,2025-09-26T14:27:00Z
25,50002,wochenfeedback,7,tempo,3,2025-09-26T14:27:00Z
8367,50692,wochenfeedback,51,zufriedenheit_gesamt,4,2025-09-26T14:47:00Z
8368,50692,wochenfeedback,51,tempo,3,2025-09-26T14:47:00Z
4606,50394,wochenfeedback,47,zufriedenheit_gesamt,4,2025-09-26T15:08:00Z
4607,50394,wochenfeedback,47,tempo,1,2025-09-26T15:08:00Z
4608,50394,wochenfeedback,47,freitext,"Tempo passt für mich, gerne mehr Praxisbeispiele.",2025-09-26T15:08:00Z
2317,50217,wochenfeedback,31,zufriedenheit_gesamt,4,2025-09-26T15:30:00Z
2318,50217,wochenfeedback,31,tempo,3,2025-09-26T15:30:00Z
8152,50674,wochenfeedback,15,zufriedenheit_gesamt,2,2025-09-26T15:45:00Z
8153,50674,wochenfeedback,15,tempo,4,2025-09-26T15:45:00Z
8154,50674,wochenfeedback,15,freitext,<p>Insgesamt <strong>sehr zufrieden</strong>.</p>,2025-09-26T15:45:00Z
3564,50312,wochenfeedback,11,zufriedenheit_gesamt,2,2025-09-26T16:04:00Z
3565,50312,wochenfeedback,11,tempo,3,2025-09-26T16:04:00Z
1732,50155,wochenfeedback,7,zufriedenheit_gesamt,2,2025-09-26T16:53:00Z
1733,50155,wochenfeedback,7,tempo,3,2025-09-26T16:53:00Z
3578,50313,wochenfeedback,7,zufriedenheit_gesamt,4,2025-09-26T17:22:00Z
3579,50313,wochenfeedback,7,tempo,1,2025-09-26T17:22:00Z
3079,50280,abschlussfeedback,,nps,9,2025-09-28T01:00:00Z
3080,50280,abschlussfeedback,,zufriedenheit_coach,2,2025-09-28T01:00:00Z
3081,50280,abschlussfeedback,,weiterempfehlung_grund,Der Coach erklärt super verständlich.,2025-09-28T01:00:00Z
1896,50167,abschlussfeedback,,nps,9,2025-09-30T02:00:00Z
1897,50167,abschlussfeedback,,zufriedenheit_coach,2,2025-09-30T02:00:00Z
1898,50167,abschlussfeedback,,weiterempfehlung_grund,Die Plattform hatte diese Woche mehrfach Ausfälle.,2025-09-30T02:00:00Z
2319,50217,abschlussfeedback,,nps,8,2025-09-30T18:00:00Z
2320,50217,abschlussfeedback,,zufriedenheit_coach,4,2025-09-30T18:00:00Z
2321,50217,abschlussfeedback,,weiterempfehlung_grund,"Sehr gute Betreuung, die Übungen sind praxisnah.",2025-09-30T18:00:00Z
3189,50287,abschlussfeedback,,nps,5,2025-09-30T21:00:00Z
3190,50287,abschlussfeedback,,zufriedenheit_coach,3,2025-09-30T21:00:00Z
3191,50287,abschlussfeedback,,weiterempfehlung_grund,Ich hätte gern mehr Live-Termine.,2025-09-30T21:00:00Z
4870,50413,abschlussfeedback,,nps,10/10,2025-10-01T18:00:00Z
4871,50413,abschlussfeedback,,zufriedenheit_coach,5,2025-10-01T18:00:00Z
4872,50413,abschlussfeedback,,weiterempfehlung_grund,Die Live-Sessions sind Gold wert.,2025-10-01T18:00:00Z
4911,50418,abschlussfeedback,,nps,7,2025-10-01T21:00:00Z
4912,50418,abschlussfeedback,,zufriedenheit_coach,4,2025-10-01T21:00:00Z
4913,50418,abschlussfeedback,,weiterempfehlung_grund,"Sehr gute Betreuung, die Übungen sind praxisnah.",2025-10-01T21:00:00Z
5980,50494,abschlussfeedback,,nps,8,2025-10-01T23:00:00Z
5981,50494,abschlussfeedback,,zufriedenheit_coach,5,2025-10-01T23:00:00Z
5982,50494,abschlussfeedback,,weiterempfehlung_grund,Ich fühle mich gut vorbereitet.,2025-10-01T23:00:00Z
3232,50293,abschlussfeedback,,nps,10,2025-10-02T06:00:00Z
3233,50293,abschlussfeedback,,zufriedenheit_coach,3,2025-10-02T06:00:00Z
3234,50293,abschlussfeedback,,weiterempfehlung_grund,Der Coach erklärt super verständlich.,2025-10-02T06:00:00Z
1351,50123,abschlussfeedback,,nps,10,2025-10-02T07:00:00Z
1352,50123,abschlussfeedback,,zufriedenheit_coach,5,2025-10-02T07:00:00Z
1353,50123,abschlussfeedback,,weiterempfehlung_grund,Ich fühle mich gut vorbereitet.,2025-10-02T07:00:00Z
142,50011,abschlussfeedback,,nps,9,2025-10-02T17:00:00Z
143,50011,abschlussfeedback,,zufriedenheit_coach,4,2025-10-02T17:00:00Z
144,50011,abschlussfeedback,,weiterempfehlung_grund,Aufgabenstellungen sind teilweise unklar formuliert.,2025-10-02T17:00:00Z
2918,50269,abschlussfeedback,,nps,8,2025-10-02T17:00:00Z
2919,50269,abschlussfeedback,,zufriedenheit_coach,5,2025-10-02T17:00:00Z
2920,50269,abschlussfeedback,,weiterempfehlung_grund,Die Plattform hatte diese Woche mehrfach Ausfälle.,2025-10-02T17:00:00Z
7317,50608,abschlussfeedback,,nps,9,2025-10-02T17:00:00Z
7318,50608,abschlussfeedback,,zufriedenheit_coach,2,2025-10-02T17:00:00Z
7319,50608,abschlussfeedback,,weiterempfehlung_grund,"Top Inhalte, besonders das SQL-Modul.",2025-10-02T17:00:00Z
3580,50313,wochenfeedback,8,zufriedenheit_gesamt,4,2025-10-03T07:04:00Z
3581,50313,wochenfeedback,8,tempo,4,2025-10-03T07:04:00Z
3582,50313,wochenfeedback,8,freitext,"Top Inhalte, besonders das SQL-Modul.",2025-10-03T07:04:00Z
3892,50342,wochenfeedback,32,zufriedenheit_gesamt,4,2025-10-03T07:11:00Z
3893,50342,wochenfeedback,32,tempo,3,2025-10-03T07:11:00Z
4609,50394,wochenfeedback,48,zufriedenheit_gesamt,4,2025-10-03T07:42:00Z
4610,50394,wochenfeedback,48,tempo,3,2025-10-03T07:42:00Z
1293,50118,wochenfeedback,8,zufriedenheit_gesamt,5,2025-10-03T08:55:00Z
1294,50118,wochenfeedback,8,tempo,3,2025-10-03T08:55:00Z
839,50077,wochenfeedback,16,zufriedenheit_gesamt,5,2025-10-03T09:15:00Z
840,50077,wochenfeedback,16,tempo,1,2025-10-03T09:15:00Z
4072,50358,wochenfeedback,2,zufriedenheit_gesamt,2,2025-10-03T09:37:00Z
4073,50358,wochenfeedback,2,tempo,3,2025-10-03T09:37:00Z
2951,50272,wochenfeedback,24,zufriedenheit_gesamt,5,2025-10-03T10:02:00Z
2952,50272,wochenfeedback,24,tempo,5,2025-10-03T10:02:00Z
2953,50272,wochenfeedback,24,freitext,<p>Mehr Praxis bitte!</p>,2025-10-03T10:02:00Z
1992,50179,wochenfeedback,4,zufriedenheit_gesamt,4,2025-10-03T10:18:00Z
1993,50179,wochenfeedback,4,tempo,4,2025-10-03T10:18:00Z
1994,50179,wochenfeedback,4,freitext,"Sehr gute Betreuung, die Übungen sind praxisnah.",2025-10-03T10:18:00Z
5949,50491,wochenfeedback,12,zufriedenheit_gesamt,4,2025-10-03T11:09:00Z
5950,50491,wochenfeedback,12,tempo,3,2025-10-03T11:09:00Z
1734,50155,wochenfeedback,8,zufriedenheit_gesamt,5,2025-10-03T11:23:00Z
1735,50155,wochenfeedback,8,tempo,3,2025-10-03T11:23:00Z
1736,50155,wochenfeedback,8,freitext,"Top Inhalte, besonders das SQL-Modul.",2025-10-03T11:23:00Z
5409,50453,wochenfeedback,16,zufriedenheit_gesamt,4,2025-10-03T11:29:00Z
5410,50453,wochenfeedback,16,tempo,4,2025-10-03T11:29:00Z
5411,50453,wochenfeedback,16,freitext,<p>Mehr Praxis bitte!</p>,2025-10-03T11:29:00Z
7191,50599,wochenfeedback,24,zufriedenheit_gesamt,4,2025-10-03T12:16:00Z
7192,50599,wochenfeedback,24,tempo,3,2025-10-03T12:16:00Z
2579,50236,wochenfeedback,36,zufriedenheit_gesamt,5,2025-10-03T12:27:00Z
2580,50236,wochenfeedback,36,tempo,4,2025-10-03T12:27:00Z
4778,50407,wochenfeedback,8,zufriedenheit_gesamt,4,2025-10-03T13:00:00Z
4779,50407,wochenfeedback,8,tempo,5,2025-10-03T13:00:00Z
6972,50579,wochenfeedback,16,zufriedenheit_gesamt,5,2025-10-03T13:08:00Z
6973,50579,wochenfeedback,16,tempo,2,2025-10-03T13:08:00Z
383,50034,wochenfeedback,20,zufriedenheit_gesamt,3,2025-10-03T13:19:00Z
384,50034,wochenfeedback,20,tempo,1,2025-10-03T13:19:00Z
385,50034,wochenfeedback,20,freitext,Aufgabenstellungen sind teilweise unklar formuliert.,2025-10-03T13:19:00Z
5526,50461,wochenfeedback,4,zufriedenheit_gesamt,4,2025-10-03T13:48:00Z
5527,50461,wochenfeedback,4,tempo,3,2025-10-03T13:48:00Z
1754,50156,wochenfeedback,16,zufriedenheit_gesamt,4,2025-10-03T14:10:00Z
1755,50156,wochenfeedback,16,tempo,5,2025-10-03T14:10:00Z
1016,50094,wochenfeedback,44,zufriedenheit_gesamt,3,2025-10-03T14:29:00Z
1017,50094,wochenfeedback,44,tempo,5,2025-10-03T14:29:00Z
8289,50687,wochenfeedback,16,zufriedenheit_gesamt,4,2025-10-03T16:25:00Z
8290,50687,wochenfeedback,16,tempo,4,2025-10-03T16:25:00Z
2834,50258,wochenfeedback,8,zufriedenheit_gesamt,4,2025-10-03T16:29:00Z
2835,50258,wochenfeedback,8,tempo,1,2025-10-03T16:29:00Z
2648,50239,wochenfeedback,32,zufriedenheit_gesamt,5,2025-10-03T16:42:00Z
2649,50239,wochenfeedback,32,tempo,5,2025-10-03T16:42:00Z
2650,50239,wochenfeedback,32,freitext,<p>Mehr Praxis bitte!</p>,2025-10-03T16:42:00Z
3207,50288,wochenfeedback,16,zufriedenheit_gesamt,2,2025-10-03T17:01:00Z
3208,50288,wochenfeedback,16,tempo,3,2025-10-03T17:01:00Z
3469,50304,abschlussfeedback,,nps,8,2025-10-05T02:00:00Z
3470,50304,abschlussfeedback,,zufriedenheit_coach,5,2025-10-05T02:00:00Z
3471,50304,abschlussfeedback,,weiterempfehlung_grund,Ich fühle mich gut vorbereitet.,2025-10-05T02:00:00Z
4991,50428,abschlussfeedback,,nps,10/10,2025-10-05T06:00:00Z
4992,50428,abschlussfeedback,,zufriedenheit_coach,3,2025-10-05T06:00:00Z
4993,50428,abschlussfeedback,,weiterempfehlung_grund,Ich hätte gern mehr Live-Termine.,2025-10-05T06:00:00Z
8127,50672,abschlussfeedback,,nps,6,2025-10-06T07:00:00Z
8128,50672,abschlussfeedback,,zufriedenheit_coach,2,2025-10-06T07:00:00Z
8129,50672,abschlussfeedback,,weiterempfehlung_grund,Aufgabenstellungen sind teilweise unklar formuliert.,2025-10-06T07:00:00Z
711,50066,abschlussfeedback,,nps,8,2025-10-07T04:00:00Z
712,50066,abschlussfeedback,,zufriedenheit_coach,5,2025-10-07T04:00:00Z
713,50066,abschlussfeedback,,weiterempfehlung_grund,Aufgabenstellungen sind teilweise unklar formuliert.,2025-10-07T04:00:00Z
7013,50580,abschlussfeedback,,nps,10,2025-10-07T06:00:00Z
7014,50580,abschlussfeedback,,zufriedenheit_coach,4,2025-10-07T06:00:00Z
7015,50580,abschlussfeedback,,weiterempfehlung_grund,Statistik-Modul ist zu theoretisch.,2025-10-07T06:00:00Z
6271,50518,abschlussfeedback,,nps,9,2025-10-07T07:00:00Z
6272,50518,abschlussfeedback,,zufriedenheit_coach,5,2025-10-07T07:00:00Z
6273,50518,abschlussfeedback,,weiterempfehlung_grund,Die Plattform hatte diese Woche mehrfach Ausfälle.,2025-10-07T07:00:00Z
4536,50391,abschlussfeedback,,nps,5,2025-10-09T00:00:00Z
4537,50391,abschlussfeedback,,zufriedenheit_coach,4,2025-10-09T00:00:00Z
4538,50391,abschlussfeedback,,weiterempfehlung_grund,Statistik-Modul ist zu theoretisch.,2025-10-09T00:00:00Z
8155,50674,abschlussfeedback,,nps,9,2025-10-10T02:00:00Z
8156,50674,abschlussfeedback,,zufriedenheit_coach,3,2025-10-10T02:00:00Z
8157,50674,abschlussfeedback,,weiterempfehlung_grund,Statistik-Modul ist zu theoretisch.,2025-10-10T02:00:00Z
5744,50480,wochenfeedback,5,zufriedenheit_gesamt,2,2025-10-10T06:12:00Z
5745,50480,wochenfeedback,5,tempo,5,2025-10-10T06:12:00Z
5746,50480,wochenfeedback,5,freitext,Die Plattform hatte diese Woche mehrfach Ausfälle.,2025-10-10T06:12:00Z
5316,50449,wochenfeedback,33,zufriedenheit_gesamt,4,2025-10-10T07:20:00Z
5317,50449,wochenfeedback,33,tempo,4,2025-10-10T07:20:00Z
1112,50102,wochenfeedback,9,zufriedenheit_gesamt,2,2025-10-10T07:49:00Z
1113,50102,wochenfeedback,9,tempo,5,2025-10-10T07:49:00Z
4360,50379,wochenfeedback,41,zufriedenheit_gesamt,3,2025-10-10T08:57:00Z
4361,50379,wochenfeedback,41,tempo,2,2025-10-10T08:57:00Z
4362,50379,wochenfeedback,41,freitext,Statistik-Modul ist zu theoretisch.,2025-10-10T08:57:00Z
5793,50481,wochenfeedback,45,zufriedenheit_gesamt,5,2025-10-10T08:58:00Z
5794,50481,wochenfeedback,45,tempo,3,2025-10-10T08:58:00Z
5795,50481,wochenfeedback,45,freitext,"Tempo passt für mich, gerne mehr Praxisbeispiele.",2025-10-10T08:58:00Z
469,50042,wochenfeedback,1,zufriedenheit_gesamt,5,2025-10-10T09:17:00Z
470,50042,wochenfeedback,1,tempo,4,2025-10-10T09:17:00Z
6405,50529,wochenfeedback,41,zufriedenheit_gesamt,4,2025-10-10T09:31:00Z
6406,50529,wochenfeedback,41,tempo,3,2025-10-10T09:31:00Z
6407,50529,wochenfeedback,41,freitext,<p>Insgesamt <strong>sehr zufrieden</strong>.</p>,2025-10-10T09:31:00Z
5162,50438,wochenfeedback,9,zufriedenheit_gesamt,2,2025-10-10T09:52:00Z
5163,50438,wochenfeedback,9,tempo,3,2025-10-10T09:52:00Z
3235,50294,wochenfeedback,1,zufriedenheit_gesamt,4,2025-10-10T10:02:00Z
3236,50294,wochenfeedback,1,tempo,2,2025-10-10T10:02:00Z
1560,50141,wochenfeedback,1,zufriedenheit_gesamt,2,2025-10-10T10:04:00Z
1561,50141,wochenfeedback,1,tempo,4,2025-10-10T10:04:00Z
7523,50619,wochenfeedback,9,zufriedenheit_gesamt,3,2025-10-10T10:05:00Z
7524,50619,wochenfeedback,9,tempo,4,2025-10-10T10:05:00Z
1388,50126,wochenfeedback,5,zufriedenheit_gesamt,5,2025-10-10T10:18:00Z
1389,50126,wochenfeedback,5,tempo,3,2025-10-10T10:18:00Z
1390,50126,wochenfeedback,5,freitext,<p>Mehr Praxis bitte!</p>,2025-10-10T10:18:00Z
3394,50303,wochenfeedback,57,zufriedenheit_gesamt,2,2025-10-10T10:35:00Z
3395,50303,wochenfeedback,57,tempo,3,2025-10-10T10:35:00Z
3396,50303,wochenfeedback,57,freitext,Die Plattform hatte diese Woche mehrfach Ausfälle.,2025-10-10T10:35:00Z
2472,50231,wochenfeedback,5,zufriedenheit_gesamt,5,2025-10-10T10:50:00Z
2473,50231,wochenfeedback,5,tempo,3,2025-10-10T10:50:00Z
2167,50202,wochenfeedback,17,zufriedenheit_gesamt,3,2025-10-10T11:04:00Z
2168,50202,wochenfeedback,17,tempo,3,2025-10-10T11:04:00Z
2169,50202,wochenfeedback,17,freitext,Aufgabenstellungen sind teilweise unklar formuliert.,2025-10-10T11:04:00Z
7193,50599,wochenfeedback,25,zufriedenheit_gesamt,5,2025-10-10T11:04:00Z
7194,50599,wochenfeedback,25,tempo,2,2025-10-10T11:04:00Z
5124,50437,wochenfeedback,1,zufriedenheit_gesamt,3,2025-10-10T11:22:00Z
5125,50437,wochenfeedback,1,tempo,2,2025-10-10T11:22:00Z
7475,50617,wochenfeedback,1,zufriedenheit_gesamt,2,2025-10-10T11:49:00Z
7476,50617,wochenfeedback,1,tempo,3,2025-10-10T11:49:00Z
7477,50617,wochenfeedback,1,freitext,Ich hätte gern mehr Live-Termine.,2025-10-10T11:49:00Z
1939,50173,wochenfeedback,17,zufriedenheit_gesamt,3,2025-10-10T11:55:00Z
1940,50173,wochenfeedback,17,tempo,3,2025-10-10T11:55:00Z
1141,50106,wochenfeedback,1,zufriedenheit_gesamt,4,2025-10-10T12:01:00Z
1142,50106,wochenfeedback,1,tempo,4,2025-10-10T12:01:00Z
3138,50285,wochenfeedback,17,zufriedenheit_gesamt,4,2025-10-10T12:09:00Z
3139,50285,wochenfeedback,17,tempo,4,2025-10-10T12:09:00Z
764,50071,wochenfeedback,17,zufriedenheit_gesamt,5,2025-10-10T12:20:00Z
765,50071,wochenfeedback,17,tempo,3,2025-10-10T12:20:00Z
538,50053,wochenfeedback,9,zufriedenheit_gesamt,5,2025-10-10T12:33:00Z
539,50053,wochenfeedback,9,tempo,3,2025-10-10T12:33:00Z
7751,50631,wochenfeedback,37,zufriedenheit_gesamt,4,2025-10-10T12:54:00Z
7752,50631,wochenfeedback,37,tempo,4,2025-10-10T12:54:00Z
6475,50534,wochenfeedback,17,zufriedenheit_gesamt,4,2025-10-10T13:16:00Z
6476,50534,wochenfeedback,17,tempo,3,2025-10-10T13:16:00Z
6974,50579,wochenfeedback,17,zufriedenheit_gesamt,2,2025-10-10T13:39:00Z
6975,50579,wochenfeedback,17,tempo,3,2025-10-10T13:39:00Z
4182,50369,wochenfeedback,17,zufriedenheit_gesamt,3,2025-10-10T13:56:00Z
4183,50369,wochenfeedback,17,tempo,4,2025-10-10T13:56:00Z
7895,50649,wochenfeedback,1,zufriedenheit_gesamt,4,2025-10-10T14:11:00Z
7896,50649,wochenfeedback,1,tempo,3,2025-10-10T14:11:00Z
2372,50221,wochenfeedback,1,zufriedenheit_gesamt,2,2025-10-10T14:36:00Z
2373,50221,wochenfeedback,1,tempo,5,2025-10-10T14:36:00Z
2374,50221,wochenfeedback,1,freitext,"Das Tempo ist mir zu hoch, ich komme kaum hinterher.",2025-10-10T14:36:00Z
4611,50394,wochenfeedback,49,zufriedenheit_gesamt,3,2025-10-10T14:39:00Z
4612,50394,wochenfeedback,49,tempo,5,2025-10-10T14:39:00Z
3264,50296,wochenfeedback,1,zufriedenheit_gesamt,5,2025-10-10T14:46:00Z
3265,50296,wochenfeedback,1,tempo,4,2025-10-10T14:46:00Z
5724,50479,wochenfeedback,17,zufriedenheit_gesamt,4,2025-10-10T15:12:00Z
5725,50479,wochenfeedback,17,tempo,5,2025-10-10T15:12:00Z
5726,50479,wochenfeedback,17,freitext,Ich fühle mich gut vorbereitet.,2025-10-10T15:12:00Z
5412,50453,wochenfeedback,17,zufriedenheit_gesamt,3,2025-10-10T15:21:00Z
5413,50453,wochenfeedback,17,tempo,3,2025-10-10T15:21:00Z
478,50043,wochenfeedback,13,zufriedenheit_gesamt,2,2025-10-10T15:24:00Z
479,50043,wochenfeedback,13,tempo,3,2025-10-10T15:24:00Z
2062,50188,wochenfeedback,25,zufriedenheit_gesamt,4,2025-10-10T15:57:00Z
2063,50188,wochenfeedback,25,tempo,3,2025-10-10T15:57:00Z
3767,50329,wochenfeedback,1,zufriedenheit_gesamt,2,2025-10-10T16:11:00Z
3768,50329,wochenfeedback,1,tempo,2,2025-10-10T16:11:00Z
2208,50205,wochenfeedback,9,zufriedenheit_gesamt,5,2025-10-10T16:23:00Z
2209,50205,wochenfeedback,9,tempo,3,2025-10-10T16:23:00Z
2581,50236,wochenfeedback,37,zufriedenheit_gesamt,4,2025-10-10T16:25:00Z
2582,50236,wochenfeedback,37,tempo,4,2025-10-10T16:25:00Z
341,50033,wochenfeedback,1,zufriedenheit_gesamt,4,2025-10-10T16:30:00Z
342,50033,wochenfeedback,1,tempo,5,2025-10-10T16:30:00Z
4797,50408,wochenfeedback,5,zufriedenheit_gesamt,4,2025-10-10T16:41:00Z
4798,50408,wochenfeedback,5,tempo,4,2025-10-10T16:41:00Z
6123,50505,wochenfeedback,21,zufriedenheit_gesamt,2,2025-10-10T16:42:00Z
6124,50505,wochenfeedback,21,tempo,2,2025-10-10T16:42:00Z
6125,50505,wochenfeedback,21,freitext,Die Plattform hatte diese Woche mehrfach Ausfälle.,2025-10-10T16:42:00Z
5951,50491,wochenfeedback,13,zufriedenheit_gesamt,2,2025-10-10T16:46:00Z
5952,50491,wochenfeedback,13,tempo,2,2025-10-10T16:46:00Z
1202,50112,wochenfeedback,1,zufriedenheit_gesamt,2,2025-10-10T17:16:00Z
1203,50112,wochenfeedback,1,tempo,5,2025-10-10T17:16:00Z
1204,50112,wochenfeedback,1,freitext,"<p>Die Videos sind gut, aber die Quizze sind zu leicht.</p>",2025-10-10T17:16:00Z
3998,50347,wochenfeedback,49,zufriedenheit_gesamt,5,2025-10-10T17:32:00Z
3999,50347,wochenfeedback,49,tempo,4,2025-10-10T17:32:00Z
4000,50347,wochenfeedback,49,freitext,"Top Inhalte, besonders das SQL-Modul.",2025-10-10T17:32:00Z
773,50072,wochenfeedback,1,zufriedenheit_gesamt,4,2025-10-10T17:41:00Z
774,50072,wochenfeedback,1,tempo,2,2025-10-10T17:41:00Z
3894,50342,wochenfeedback,33,zufriedenheit_gesamt,4,2025-10-10T17:50:00Z
3895,50342,wochenfeedback,33,tempo,4,2025-10-10T17:50:00Z
1721,50154,abschlussfeedback,,nps,5/10,2025-10-13T21:00:00Z
1722,50154,abschlussfeedback,,zufriedenheit_coach,4,2025-10-13T21:00:00Z
1723,50154,abschlussfeedback,,weiterempfehlung_grund,Ich fühle mich gut vorbereitet.,2025-10-13T21:00:00Z
4404,50381,wochenfeedback,10,zufriedenheit_gesamt,2,2025-10-17T06:00:00Z
4405,50381,wochenfeedback,10,tempo,1,2025-10-17T06:00:00Z
6477,50534,wochenfeedback,18,zufriedenheit_gesamt,4,2025-10-17T06:05:00Z
6478,50534,wochenfeedback,18,tempo,2,2025-10-17T06:05:00Z
6479,50534,wochenfeedback,18,freitext,"Sehr gute Betreuung, die Übungen sind praxisnah.",2025-10-17T06:05:00Z
4074,50358,wochenfeedback,4,zufriedenheit_gesamt,5,2025-10-17T06:17:00Z
4075,50358,wochenfeedback,4,tempo,3,2025-10-17T06:17:00Z
4076,50358,wochenfeedback,4,freitext,"Tempo passt für mich, gerne mehr Praxisbeispiele.",2025-10-17T06:17:00Z
766,50071,wochenfeedback,18,zufriedenheit_gesamt,3,2025-10-17T06:35:00Z
767,50071,wochenfeedback,18,tempo,4,2025-10-17T06:35:00Z
2994,50276,wochenfeedback,38,zufriedenheit_gesamt,5,2025-10-17T06:48:00Z
2995,50276,wochenfeedback,38,tempo,4,2025-10-17T06:48:00Z
2996,50276,wochenfeedback,38,freitext,"Tempo passt für mich, gerne mehr Praxisbeispiele.",2025-10-17T06:48:00Z
7782,50632,wochenfeedback,6,zufriedenheit_gesamt,2,2025-10-17T06:55:00Z
7783,50632,wochenfeedback,6,tempo,4,2025-10-17T06:55:00Z
7784,50632,wochenfeedback,6,freitext,Statistik-Modul ist zu theoretisch.,2025-10-17T06:55:00Z
4780,50407,wochenfeedback,10,zufriedenheit_gesamt,4,2025-10-17T06:56:00Z
4781,50407,wochenfeedback,10,tempo,3,2025-10-17T06:56:00Z
4782,50407,wochenfeedback,10,freitext,Der Coach erklärt super verständlich.,2025-10-17T06:56:00Z
4246,50372,wochenfeedback,2,zufriedenheit_gesamt,4,2025-10-17T07:03:00Z
4247,50372,wochenfeedback,2,tempo,4,2025-10-17T07:03:00Z
343,50033,wochenfeedback,2,zufriedenheit_gesamt,4,2025-10-17T07:04:00Z
344,50033,wochenfeedback,2,tempo,4,2025-10-17T07:04:00Z
3397,50303,wochenfeedback,58,zufriedenheit_gesamt,4,2025-10-17T07:22:00Z
3398,50303,wochenfeedback,58,tempo,3,2025-10-17T07:22:00Z
3399,50303,wochenfeedback,58,freitext,Ich fühle mich gut vorbereitet.,2025-10-17T07:22:00Z
1941,50173,wochenfeedback,18,zufriedenheit_gesamt,5,2025-10-17T07:30:00Z
1942,50173,wochenfeedback,18,tempo,3,2025-10-17T07:30:00Z
1943,50173,wochenfeedback,18,freitext,<p>Mehr Praxis bitte!</p>,2025-10-17T07:30:00Z
7195,50599,wochenfeedback,26,zufriedenheit_gesamt,4,2025-10-17T07:49:00Z
7196,50599,wochenfeedback,26,tempo,4,2025-10-17T07:49:00Z
7197,50599,wochenfeedback,26,freitext,Die Live-Sessions sind Gold wert.,2025-10-17T07:49:00Z
3140,50285,wochenfeedback,18,zufriedenheit_gesamt,4,2025-10-17T07:55:00Z
3141,50285,wochenfeedback,18,tempo,1,2025-10-17T07:55:00Z
3142,50285,wochenfeedback,18,freitext,"Sehr gute Betreuung, die Übungen sind praxisnah.",2025-10-17T07:55:00Z
3719,50325,wochenfeedback,6,zufriedenheit_gesamt,2,2025-10-17T07:57:00Z
3720,50325,wochenfeedback,6,tempo,3,2025-10-17T07:57:00Z
1255,50115,wochenfeedback,14,zufriedenheit_gesamt,5,2025-10-17T08:19:00Z
1256,50115,wochenfeedback,14,tempo,5,2025-10-17T08:19:00Z
3665,50319,wochenfeedback,2,zufriedenheit_gesamt,4,2025-10-17T08:21:00Z
3666,50319,wochenfeedback,2,tempo,4,2025-10-17T08:21:00Z
2925,50270,wochenfeedback,10,zufriedenheit_gesamt,5,2025-10-17T08:53:00Z
2926,50270,wochenfeedback,10,tempo,4,2025-10-17T08:53:00Z
3896,50342,wochenfeedback,34,zufriedenheit_gesamt,5,2025-10-17T08:57:00Z
3897,50342,wochenfeedback,34,tempo,3,2025-10-17T08:57:00Z
3898,50342,wochenfeedback,34,freitext,"Tempo passt für mich, gerne mehr Praxisbeispiele.",2025-10-17T08:57:00Z
2170,50202,wochenfeedback,18,zufriedenheit_gesamt,3,2025-10-17T09:00:00Z
2171,50202,wochenfeedback,18,tempo,3,2025-10-17T09:00:00Z
5747,50480,wochenfeedback,6,zufriedenheit_gesamt,5,2025-10-17T09:01:00Z
5748,50480,wochenfeedback,6,tempo,4,2025-10-17T09:01:00Z
5335,50451,wochenfeedback,2,zufriedenheit_gesamt,5,2025-10-17T09:10:00Z
5336,50451,wochenfeedback,2,tempo,4,2025-10-17T09:10:00Z
5337,50451,wochenfeedback,2,freitext,<p>Mehr Praxis bitte!</p>,2025-10-17T09:10:00Z
6707,50553,wochenfeedback,14,zufriedenheit_gesamt,4,2025-10-17T09:50:00Z
6708,50553,wochenfeedback,14,tempo,2,2025-10-17T09:50:00Z
6709,50553,wochenfeedback,14,freitext,"Tempo passt für mich, gerne mehr Praxisbeispiele.",2025-10-17T09:50:00Z
7278,50604,wochenfeedback,14,zufriedenheit_gesamt,2,2025-10-17T09:55:00Z
7279,50604,wochenfeedback,14,tempo,3,2025-10-17T09:55:00Z
4113,50364,wochenfeedback,6,zufriedenheit_gesamt,4,2025-10-17T10:51:00Z
4114,50364,wochenfeedback,6,tempo,5,2025-10-17T10:51:00Z
5414,50453,wochenfeedback,18,zufriedenheit_gesamt,4,2025-10-17T11:07:00Z
5415,50453,wochenfeedback,18,tempo,5,2025-10-17T11:07:00Z
7404,50613,wochenfeedback,2,zufriedenheit_gesamt,5,2025-10-17T11:26:00Z
7405,50613,wochenfeedback,2,tempo,5,2025-10-17T11:26:00Z
7406,50613,wochenfeedback,2,freitext,Der Coach erklärt super verständlich.,2025-10-17T11:26:00Z
5126,50437,wochenfeedback,2,zufriedenheit_gesamt,5,2025-10-17T11:33:00Z
5127,50437,wochenfeedback,2,tempo,4,2025-10-17T11:33:00Z
5128,50437,wochenfeedback,2,freitext,"Sehr gute Betreuung, die Übungen sind praxisnah.",2025-10-17T11:33:00Z
6296,50522,wochenfeedback,6,zufriedenheit_gesamt,4,2025-10-17T11:43:00Z
6297,50522,wochenfeedback,6,tempo,1,2025-10-17T11:43:00Z
386,50034,wochenfeedback,22,zufriedenheit_gesamt,3,2025-10-17T11:44:00Z
387,50034,wochenfeedback,22,tempo,3,2025-10-17T11:44:00Z
6647,50550,wochenfeedback,30,zufriedenheit_gesamt,5,2025-10-17T12:34:00Z
6648,50550,wochenfeedback,30,tempo,5,2025-10-17T12:34:00Z
7563,50620,wochenfeedback,58,zufriedenheit_gesamt,5,2025-10-17T13:08:00Z
7564,50620,wochenfeedback,58,tempo,4,2025-10-17T13:08:00Z
7565,50620,wochenfeedback,58,freitext,"Top Inhalte, besonders das SQL-Modul.",2025-10-17T13:08:00Z
1737,50155,wochenfeedback,10,zufriedenheit_gesamt,2,2025-10-17T13:22:00Z
1738,50155,wochenfeedback,10,tempo,4,2025-10-17T13:22:00Z
1739,50155,wochenfeedback,10,freitext,Ich hätte gern mehr Live-Termine.,2025-10-17T13:22:00Z
2461,50230,wochenfeedback,18,zufriedenheit_gesamt,4,2025-10-17T13:25:00Z
2462,50230,wochenfeedback,18,tempo,4,2025-10-17T13:25:00Z
1205,50112,wochenfeedback,2,zufriedenheit_gesamt,2,2025-10-17T13:43:00Z
1206,50112,wochenfeedback,2,tempo,1,2025-10-17T13:43:00Z
540,50053,wochenfeedback,10,zufriedenheit_gesamt,4,2025-10-17T13:52:00Z
541,50053,wochenfeedback,10,tempo,3,2025-10-17T13:52:00Z
542,50053,wochenfeedback,10,freitext,"Tempo passt für mich, gerne mehr Praxisbeispiele.",2025-10-17T13:52:00Z
5164,50438,wochenfeedback,10,zufriedenheit_gesamt,2,2025-10-17T14:13:00Z
5165,50438,wochenfeedback,10,tempo,3,2025-10-17T14:13:00Z
2583,50236,wochenfeedback,38,zufriedenheit_gesamt,5,2025-10-17T14:14:00Z
2584,50236,wochenfeedback,38,tempo,3,2025-10-17T14:14:00Z
7640,50624,wochenfeedback,10,zufriedenheit_gesamt,2,2025-10-17T14:33:00Z
7641,50624,wochenfeedback,10,tempo,3,2025-10-17T14:33:00Z
4665,50396,wochenfeedback,18,zufriedenheit_gesamt,3,2025-10-17T14:53:00Z
4666,50396,wochenfeedback,18,tempo,5,2025-10-17T14:53:00Z
175,50015,wochenfeedback,34,zufriedenheit_gesamt,5,2025-10-17T14:56:00Z
176,50015,wochenfeedback,34,tempo,2,2025-10-17T14:56:00Z
7897,50649,wochenfeedback,2,zufriedenheit_gesamt,5,2025-10-17T15:16:00Z
7898,50649,wochenfeedback,2,tempo,1,2025-10-17T15:16:00Z
5471,50457,wochenfeedback,6,zufriedenheit_gesamt,5,2025-10-17T15:29:00Z
5472,50457,wochenfeedback,6,tempo,4,2025-10-17T15:29:00Z
1391,50126,wochenfeedback,6,zufriedenheit_gesamt,3,2025-10-17T15:41:00Z
1392,50126,wochenfeedback,6,tempo,4,2025-10-17T15:41:00Z
3583,50313,wochenfeedback,10,zufriedenheit_gesamt,4,2025-10-17T15:59:00Z
3584,50313,wochenfeedback,10,tempo,2,2025-10-17T15:59:00Z
5796,50481,wochenfeedback,46,zufriedenheit_gesamt,4,2025-10-17T16:04:00Z
5797,50481,wochenfeedback,46,tempo,1,2025-10-17T16:04:00Z
4299,50375,wochenfeedback,34,zufriedenheit_gesamt,4,2025-10-17T17:02:00Z
4300,50375,wochenfeedback,34,tempo,3,2025-10-17T17:02:00Z
4301,50375,wochenfeedback,34,freitext,"Tempo passt für mich, gerne mehr Praxisbeispiele.",2025-10-17T17:02:00Z
26,50002,wochenfeedback,10,zufriedenheit_gesamt,5,2025-10-17T17:23:00Z
27,50002,wochenfeedback,10,tempo,5,2025-10-17T17:23:00Z
6408,50529,wochenfeedback,42,zufriedenheit_gesamt,4,2025-10-17T17:34:00Z
6409,50529,wochenfeedback,42,tempo,1,2025-10-17T17:34:00Z
6410,50529,wochenfeedback,42,freitext,"<p>Die Videos sind gut, aber die Quizze sind zu leicht.</p>",2025-10-17T17:34:00Z
177,50015,wochenfeedback,35,zufriedenheit_gesamt,4,2025-10-24T06:29:00Z
178,50015,wochenfeedback,35,tempo,4,2025-10-24T06:29:00Z
5727,50479,wochenfeedback,19,zufriedenheit_gesamt,4,2025-10-24T06:42:00Z
5728,50479,wochenfeedback,19,tempo,3,2025-10-24T06:42:00Z
2172,50202,wochenfeedback,19,zufriedenheit_gesamt,5,2025-10-24T06:43:00Z
2173,50202,wochenfeedback,19,tempo,4,2025-10-24T06:43:00Z
1495,50138,wochenfeedback,7,zufriedenheit_gesamt,4,2025-10-24T06:53:00Z
1496,50138,wochenfeedback,7,tempo,4,2025-10-24T06:53:00Z
5318,50449,wochenfeedback,35,zufriedenheit_gesamt,4,2025-10-24T07:02:00Z
5319,50449,wochenfeedback,35,tempo,3,2025-10-24T07:02:00Z
775,50072,wochenfeedback,3,zufriedenheit_gesamt,4,2025-10-24T07:03:00Z
776,50072,wochenfeedback,3,tempo,5,2025-10-24T07:03:00Z
1382,50125,wochenfeedback,15,zufriedenheit_gesamt,4,2025-10-24T07:04:00Z
1383,50125,wochenfeedback,15,tempo,3,2025-10-24T07:04:00Z
1384,50125,wochenfeedback,15,freitext,<p>Mehr Praxis bitte!</p>,2025-10-24T07:04:00Z
5473,50457,wochenfeedback,7,zufriedenheit_gesamt,4,2025-10-24T07:11:00Z
5474,50457,wochenfeedback,7,tempo,4,2025-10-24T07:11:00Z
5475,50457,wochenfeedback,7,freitext,Die Live-Sessions sind Gold wert.,2025-10-24T07:11:00Z
1679,50149,wochenfeedback,19,zufriedenheit_gesamt,4,2025-10-24T07:27:00Z
1680,50149,wochenfeedback,19,tempo,4,2025-10-24T07:27:00Z
3237,50294,wochenfeedback,3,zufriedenheit_gesamt,5,2025-10-24T07:31:00Z
3238,50294,wochenfeedback,3,tempo,4,2025-10-24T07:31:00Z
4248,50372,wochenfeedback,3,zufriedenheit_gesamt,4,2025-10-24T07:35:00Z
4249,50372,wochenfeedback,3,tempo,2,2025-10-24T07:35:00Z
4250,50372,wochenfeedback,3,freitext,Die Live-Sessions sind Gold wert.,2025-10-24T07:35:00Z
768,50071,wochenfeedback,19,zufriedenheit_gesamt,3,2025-10-24T07:55:00Z
769,50071,wochenfeedback,19,tempo,2,2025-10-24T07:55:00Z
5528,50461,wochenfeedback,7,zufriedenheit_gesamt,4,2025-10-24T08:00:00Z
5529,50461,wochenfeedback,7,tempo,4,2025-10-24T08:00:00Z
3143,50285,wochenfeedback,19,zufriedenheit_gesamt,4,2025-10-24T08:11:00Z
3144,50285,wochenfeedback,19,tempo,2,2025-10-24T08:11:00Z
1295,50118,wochenfeedback,11,zufriedenheit_gesamt,2,2025-10-24T08:17:00Z
1296,50118,wochenfeedback,11,tempo,4,2025-10-24T08:17:00Z
4799,50408,wochenfeedback,7,zufriedenheit_gesamt,2,2025-10-24T08:23:00Z
4800,50408,wochenfeedback,7,tempo,2,2025-10-24T08:23:00Z
4801,50408,wochenfeedback,7,freitext,"Das Tempo ist mir zu hoch, ich komme kaum hinterher.",2025-10-24T08:23:00Z
4001,50347,wochenfeedback,51,zufriedenheit_gesamt,2,2025-10-24T08:31:00Z
4002,50347,wochenfeedback,51,tempo,5,2025-10-24T08:31:00Z
4003,50347,wochenfeedback,51,freitext,Zu wenig Feedback zu den Abgaben.,2025-10-24T08:31:00Z
1995,50179,wochenfeedback,7,zufriedenheit_gesamt,4,2025-10-24T08:52:00Z
1996,50179,wochenfeedback,7,tempo,3,2025-10-24T08:52:00Z
1997,50179,wochenfeedback,7,freitext,"Top Inhalte, besonders das SQL-Modul.",2025-10-24T08:52:00Z
2490,50233,wochenfeedback,11,zufriedenheit_gesamt,5,2025-10-24T08:55:00Z
2491,50233,wochenfeedback,11,tempo,4,2025-10-24T08:55:00Z
2492,50233,wochenfeedback,11,freitext,Ich fühle mich gut vorbereitet.,2025-10-24T08:55:00Z
5641,50473,wochenfeedback,27,zufriedenheit_gesamt,4,2025-10-24T10:36:00Z
5642,50473,wochenfeedback,27,tempo,4,2025-10-24T10:36:00Z
5643,50473,wochenfeedback,27,freitext,<p>Insgesamt <strong>sehr zufrieden</strong>.</p>,2025-10-24T10:36:00Z
4783,50407,wochenfeedback,11,zufriedenheit_gesamt,4,2025-10-24T11:49:00Z
4784,50407,wochenfeedback,11,tempo,3,2025-10-24T11:49:00Z
4785,50407,wochenfeedback,11,freitext,Ich fühle mich gut vorbereitet.,2025-10-24T11:49:00Z
1207,50112,wochenfeedback,3,zufriedenheit_gesamt,2,2025-10-24T12:04:00Z
1208,50112,wochenfeedback,3,tempo,5,2025-10-24T12:04:00Z
1209,50112,wochenfeedback,3,freitext,Statistik-Modul ist zu theoretisch.,2025-10-24T12:04:00Z
7367,50612,wochenfeedback,31,zufriedenheit_gesamt,4,2025-10-24T12:09:00Z
7368,50612,wochenfeedback,31,tempo,4,2025-10-24T12:09:00Z
1740,50155,wochenfeedback,11,zufriedenheit_gesamt,4,2025-10-24T12:14:00Z
1741,50155,wochenfeedback,11,tempo,3,2025-10-24T12:14:00Z
7407,50613,wochenfeedback,3,zufriedenheit_gesamt,5,2025-10-24T12:37:00Z
7408,50613,wochenfeedback,3,tempo,3,2025-10-24T12:37:00Z
7409,50613,wochenfeedback,3,freitext,"Top Inhalte, besonders das SQL-Modul.",2025-10-24T12:37:00Z
2463,50230,wochenfeedback,19,zufriedenheit_gesamt,5,2025-10-24T12:42:00Z
2464,50230,wochenfeedback,19,tempo,2,2025-10-24T12:42:00Z
2465,50230,wochenfeedback,19,freitext,Der Coach erklärt super verständlich.,2025-10-24T12:42:00Z
28,50002,wochenfeedback,11,zufriedenheit_gesamt,5,2025-10-24T12:51:00Z
29,50002,wochenfeedback,11,tempo,1,2025-10-24T12:51:00Z
6649,50550,wochenfeedback,31,zufriedenheit_gesamt,5,2025-10-24T13:01:00Z
6650,50550,wochenfeedback,31,tempo,4,2025-10-24T13:01:00Z
5338,50451,wochenfeedback,3,zufriedenheit_gesamt,2,2025-10-24T13:05:00Z
5339,50451,wochenfeedback,3,tempo,4,2025-10-24T13:05:00Z
5340,50451,wochenfeedback,3,freitext,Die Plattform hatte diese Woche mehrfach Ausfälle.,2025-10-24T13:05:00Z
2005,50180,wochenfeedback,11,zufriedenheit_gesamt,4,2025-10-24T13:41:00Z
2006,50180,wochenfeedback,11,tempo,4,2025-10-24T13:41:00Z
7615,50622,wochenfeedback,3,zufriedenheit_gesamt,4,2025-10-24T14:18:00Z
7616,50622,wochenfeedback,3,tempo,2,2025-10-24T14:18:00Z
1018,50094,wochenfeedback,47,zufriedenheit_gesamt,4,2025-10-24T14:26:00Z
1019,50094,wochenfeedback,47,tempo,2,2025-10-24T14:26:00Z
4363,50379,wochenfeedback,43,zufriedenheit_gesamt,5,2025-10-24T15:01:00Z
4364,50379,wochenfeedback,43,tempo,2,2025-10-24T15:01:00Z
7642,50624,wochenfeedback,11,zufriedenheit_gesamt,4,2025-10-24T15:01:00Z
7643,50624,wochenfeedback,11,tempo,2,2025-10-24T15:01:00Z
7785,50632,wochenfeedback,7,zufriedenheit_gesamt,4,2025-10-24T16:39:00Z
7786,50632,wochenfeedback,7,tempo,3,2025-10-24T16:39:00Z
7787,50632,wochenfeedback,7,freitext,<p>Insgesamt <strong>sehr zufrieden</strong>.</p>,2025-10-24T16:39:00Z
3667,50319,wochenfeedback,3,zufriedenheit_gesamt,5,2025-10-24T17:16:00Z
3668,50319,wochenfeedback,3,tempo,5,2025-10-24T17:16:00Z
7445,50616,wochenfeedback,3,zufriedenheit_gesamt,3,2025-10-24T17:31:00Z
7446,50616,wochenfeedback,3,tempo,1,2025-10-24T17:31:00Z
7447,50616,wochenfeedback,3,freitext,Statistik-Modul ist zu theoretisch.,2025-10-24T17:31:00Z
2064,50188,wochenfeedback,27,zufriedenheit_gesamt,4,2025-10-24T17:41:00Z
2065,50188,wochenfeedback,27,tempo,1,2025-10-24T17:41:00Z
2066,50188,wochenfeedback,27,freitext,Der Coach erklärt super verständlich.,2025-10-24T17:41:00Z
5416,50453,wochenfeedback,19,zufriedenheit_gesamt,5,2025-10-24T17:44:00Z
5417,50453,wochenfeedback,19,tempo,3,2025-10-24T17:44:00Z
564,50055,wochenfeedback,7,zufriedenheit_gesamt,4,2025-10-24T17:56:00Z
565,50055,wochenfeedback,7,tempo,4,2025-10-24T17:56:00Z
566,50055,wochenfeedback,7,freitext,"Tempo passt für mich, gerne mehr Praxisbeispiele.",2025-10-24T17:56:00Z
4115,50364,abschlussfeedback,,nps,7/10,2025-10-26T00:00:00Z
4116,50364,abschlussfeedback,,zufriedenheit_coach,5,2025-10-26T00:00:00Z
4117,50364,abschlussfeedback,,weiterempfehlung_grund,Der Coach erklärt super verständlich.,2025-10-26T00:00:00Z
5606,50470,abschlussfeedback,,nps,9,2025-10-26T06:00:00Z
5607,50470,abschlussfeedback,,zufriedenheit_coach,3,2025-10-26T06:00:00Z
5608,50470,abschlussfeedback,,weiterempfehlung_grund,Statistik-Modul ist zu theoretisch.,2025-10-26T06:00:00Z
2878,50261,abschlussfeedback,,nps,5,2025-10-26T19:00:00Z
2879,50261,abschlussfeedback,,zufriedenheit_coach,2,2025-10-26T19:00:00Z
2880,50261,abschlussfeedback,,weiterempfehlung_grund,"Tempo passt für mich, gerne mehr Praxisbeispiele.",2025-10-26T19:00:00Z
1944,50173,abschlussfeedback,,nps,6,2025-10-27T20:00:00Z
1945,50173,abschlussfeedback,,zufriedenheit_coach,4,2025-10-27T20:00:00Z
1946,50173,abschlussfeedback,,weiterempfehlung_grund,Statistik-Modul ist zu theoretisch.,2025-10-27T20:00:00Z
5075,50433,abschlussfeedback,,nps,9,2025-10-28T07:00:00Z
5076,50433,abschlussfeedback,,zufriedenheit_coach,4,2025-10-28T07:00:00Z
5077,50433,abschlussfeedback,,weiterempfehlung_grund,Ich fühle mich gut vorbereitet.,2025-10-28T07:00:00Z
4184,50369,abschlussfeedback,,nps,8,2025-10-28T19:00:00Z
4185,50369,abschlussfeedback,,zufriedenheit_coach,2,2025-10-28T19:00:00Z
4186,50369,abschlussfeedback,,weiterempfehlung_grund,Ich hätte gern mehr Live-Termine.,2025-10-28T19:00:00Z
480,50043,abschlussfeedback,,nps,8,2025-10-29T02:00:00Z
481,50043,abschlussfeedback,,zufriedenheit_coach,2,2025-10-29T02:00:00Z
482,50043,abschlussfeedback,,weiterempfehlung_grund,"Tempo passt für mich, gerne mehr Praxisbeispiele.",2025-10-29T02:00:00Z
754,50070,abschlussfeedback,,nps,10,2025-10-30T03:00:00Z
755,50070,abschlussfeedback,,zufriedenheit_coach,5,2025-10-30T03:00:00Z
756,50070,abschlussfeedback,,weiterempfehlung_grund,"Top Inhalte, besonders das SQL-Modul.",2025-10-30T03:00:00Z
2007,50180,abschlussfeedback,,nps,8,2025-10-30T20:00:00Z
2008,50180,abschlussfeedback,,zufriedenheit_coach,5,2025-10-30T20:00:00Z
2009,50180,abschlussfeedback,,weiterempfehlung_grund,"Top Inhalte, besonders das SQL-Modul.",2025-10-30T20:00:00Z
5418,50453,wochenfeedback,20,zufriedenheit_gesamt,5,2025-10-31T06:42:00Z
5419,50453,wochenfeedback,20,tempo,4,2025-10-31T06:42:00Z
5420,50453,wochenfeedback,20,freitext,Der Coach erklärt super verständlich.,2025-10-31T06:42:00Z
2067,50188,wochenfeedback,28,zufriedenheit_gesamt,4,2025-10-31T06:46:00Z
2068,50188,wochenfeedback,28,tempo,4,2025-10-31T06:46:00Z
7478,50617,wochenfeedback,4,zufriedenheit_gesamt,5,2025-10-31T06:55:00Z
7479,50617,wochenfeedback,4,tempo,1,2025-10-31T06:55:00Z
6298,50522,wochenfeedback,8,zufriedenheit_gesamt,2,2025-10-31T07:50:00Z
6299,50522,wochenfeedback,8,tempo,3,2025-10-31T07:50:00Z
6300,50522,wochenfeedback,8,freitext,Zu wenig Feedback zu den Abgaben.,2025-10-31T07:50:00Z
2537,50235,wochenfeedback,4,zufriedenheit_gesamt,5,2025-10-31T07:59:00Z
2538,50235,wochenfeedback,4,tempo,1,2025-10-31T07:59:00Z
2539,50235,wochenfeedback,4,freitext,Ich fühle mich gut vorbereitet.,2025-10-31T07:59:00Z
3145,50285,wochenfeedback,20,zufriedenheit_gesamt,4,2025-10-31T08:02:00Z
3146,50285,wochenfeedback,20,tempo,4,2025-10-31T08:02:00Z
2493,50233,wochenfeedback,12,zufriedenheit_gesamt,5,2025-10-31T08:06:00Z
2494,50233,wochenfeedback,12,tempo,4,2025-10-31T08:06:00Z
2495,50233,wochenfeedback,12,freitext,"Sehr gute Betreuung, die Übungen sind praxisnah.",2025-10-31T08:06:00Z
777,50072,wochenfeedback,4,zufriedenheit_gesamt,2,2025-10-31T08:13:00Z
778,50072,wochenfeedback,4,tempo,5,2025-10-31T08:13:00Z
2210,50205,wochenfeedback,12,zufriedenheit_gesamt,5,2025-10-31T08:52:00Z
2211,50205,wochenfeedback,12,tempo,3,2025-10-31T08:52:00Z
2212,50205,wochenfeedback,12,freitext,"Top Inhalte, besonders das SQL-Modul.",2025-10-31T08:52:00Z
4406,50381,abschlussfeedback,,nps,10,2025-10-31T09:00:00Z
4407,50381,abschlussfeedback,,zufriedenheit_coach,2,2025-10-31T09:00:00Z
4408,50381,abschlussfeedback,,weiterempfehlung_grund,Der Coach erklärt super verständlich.,2025-10-31T09:00:00Z
3521,50309,wochenfeedback,12,zufriedenheit_gesamt,5,2025-10-31T09:06:00Z
3522,50309,wochenfeedback,12,tempo,1,2025-10-31T09:06:00Z
5320,50449,wochenfeedback,36,zufriedenheit_gesamt,2,2025-10-31T09:25:00Z
5321,50449,wochenfeedback,36,tempo,4,2025-10-31T09:25:00Z
179,50015,wochenfeedback,36,zufriedenheit_gesamt,5,2025-10-31T09:45:00Z
180,50015,wochenfeedback,36,tempo,2,2025-10-31T09:45:00Z
181,50015,wochenfeedback,36,freitext,Ich fühle mich gut vorbereitet.,2025-10-31T09:45:00Z
3769,50329,wochenfeedback,4,zufriedenheit_gesamt,5,2025-10-31T10:27:00Z
3770,50329,wochenfeedback,4,tempo,4,2025-10-31T10:27:00Z
3771,50329,wochenfeedback,4,freitext,<p>Insgesamt <strong>sehr zufrieden</strong>.</p>,2025-10-31T10:27:00Z
6411,50529,wochenfeedback,44,zufriedenheit_gesamt,4,2025-10-31T10:34:00Z
6412,50529,wochenfeedback,44,tempo,4,2025-10-31T10:34:00Z
6976,50579,wochenfeedback,20,zufriedenheit_gesamt,4,2025-10-31T10:35:00Z
6977,50579,wochenfeedback,20,tempo,4,2025-10-31T10:35:00Z
5749,50480,wochenfeedback,8,zufriedenheit_gesamt,5,2025-10-31T11:20:00Z
5750,50480,wochenfeedback,8,tempo,4,2025-10-31T11:20:00Z
1330,50120,wochenfeedback,8,zufriedenheit_gesamt,4,2025-10-31T11:27:00Z
1331,50120,wochenfeedback,8,tempo,4,2025-10-31T11:27:00Z
2585,50236,wochenfeedback,40,zufriedenheit_gesamt,4,2025-10-31T11:48:00Z
2586,50236,wochenfeedback,40,tempo,3,2025-10-31T11:48:00Z
2587,50236,wochenfeedback,40,freitext,<p>Insgesamt <strong>sehr zufrieden</strong>.</p>,2025-10-31T11:48:00Z
1562,50141,wochenfeedback,4,zufriedenheit_gesamt,2,2025-10-31T12:23:00Z
1563,50141,wochenfeedback,4,tempo,3,2025-10-31T12:23:00Z
1564,50141,wochenfeedback,4,freitext,Die Plattform hatte diese Woche mehrfach Ausfälle.,2025-10-31T12:23:00Z
7448,50616,wochenfeedback,4,zufriedenheit_gesamt,4,2025-10-31T12:41:00Z
7449,50616,wochenfeedback,4,tempo,1,2025-10-31T12:41:00Z
7450,50616,wochenfeedback,4,freitext,"Tempo passt für mich, gerne mehr Praxisbeispiele.",2025-10-31T12:41:00Z
8060,50668,wochenfeedback,4,zufriedenheit_gesamt,4,2025-10-31T13:03:00Z
8061,50668,wochenfeedback,4,tempo,3,2025-10-31T13:03:00Z
345,50033,wochenfeedback,4,zufriedenheit_gesamt,5,2025-10-31T13:13:00Z
346,50033,wochenfeedback,4,tempo,1,2025-10-31T13:13:00Z
2174,50202,wochenfeedback,20,zufriedenheit_gesamt,5,2025-10-31T13:41:00Z
2175,50202,wochenfeedback,20,tempo,3,2025-10-31T13:41:00Z
7493,50618,wochenfeedback,4,zufriedenheit_gesamt,3,2025-10-31T14:34:00Z
7494,50618,wochenfeedback,4,tempo,4,2025-10-31T14:34:00Z
7410,50613,wochenfeedback,4,zufriedenheit_gesamt,5,2025-10-31T14:38:00Z
7411,50613,wochenfeedback,4,tempo,2,2025-10-31T14:38:00Z
4077,50358,wochenfeedback,6,zufriedenheit_gesamt,4,2025-10-31T15:37:00Z
4078,50358,wochenfeedback,6,tempo,4,2025-10-31T15:37:00Z
4079,50358,wochenfeedback,6,freitext,"Top Inhalte, besonders das SQL-Modul.",2025-10-31T15:37:00Z
3622,50317,wochenfeedback,4,zufriedenheit_gesamt,2,2025-10-31T15:43:00Z
3623,50317,wochenfeedback,4,tempo,2,2025-10-31T15:43:00Z
3624,50317,wochenfeedback,4,freitext,Ich hätte gern mehr Live-Termine.,2025-10-31T15:43:00Z
1742,50155,wochenfeedback,12,zufriedenheit_gesamt,5,2025-10-31T16:35:00Z
1743,50155,wochenfeedback,12,tempo,5,2025-10-31T16:35:00Z
1744,50155,wochenfeedback,12,freitext,"Top Inhalte, besonders das SQL-Modul.",2025-10-31T16:35:00Z
770,50071,abschlussfeedback,,nps,6,2025-10-31T20:00:00Z
771,50071,abschlussfeedback,,zufriedenheit_coach,5,2025-10-31T20:00:00Z
772,50071,abschlussfeedback,,weiterempfehlung_grund,Ich hätte gern mehr Live-Termine.,2025-10-31T20:00:00Z
1257,50115,abschlussfeedback,,nps,7,2025-10-31T23:00:00Z
1258,50115,abschlussfeedback,,zufriedenheit_coach,5,2025-10-31T23:00:00Z
1259,50115,abschlussfeedback,,weiterempfehlung_grund,Ich hätte gern mehr Live-Termine.,2025-10-31T23:00:00Z
1681,50149,abschlussfeedback,,nps,9,2025-11-01T16:00:00Z
1682,50149,abschlussfeedback,,zufriedenheit_coach,5,2025-11-01T16:00:00Z
1683,50149,abschlussfeedback,,weiterempfehlung_grund,Zu wenig Feedback zu den Abgaben.,2025-11-01T16:00:00Z
6480,50534,abschlussfeedback,,nps,10,2025-11-01T23:00:00Z
6481,50534,abschlussfeedback,,zufriedenheit_coach,5,2025-11-01T23:00:00Z
6482,50534,abschlussfeedback,,weiterempfehlung_grund,Ich hätte gern mehr Live-Termine.,2025-11-01T23:00:00Z
1114,50102,abschlussfeedback,,nps,10,2025-11-02T01:00:00Z
1115,50102,abschlussfeedback,,zufriedenheit_coach,5,2025-11-02T01:00:00Z
1116,50102,abschlussfeedback,,weiterempfehlung_grund,Der Coach erklärt super verständlich.,2025-11-02T01:00:00Z
7788,50632,abschlussfeedback,,nps,8,2025-11-03T07:00:00Z
7789,50632,abschlussfeedback,,zufriedenheit_coach,2,2025-11-03T07:00:00Z
7790,50632,abschlussfeedback,,weiterempfehlung_grund,Ich hätte gern mehr Live-Termine.,2025-11-03T07:00:00Z
2836,50258,wochenfeedback,13,zufriedenheit_gesamt,5,2025-11-07T07:40:00Z
2837,50258,wochenfeedback,13,tempo,3,2025-11-07T07:40:00Z
2838,50258,wochenfeedback,13,freitext,Ich fühle mich gut vorbereitet.,2025-11-07T07:40:00Z
4251,50372,wochenfeedback,5,zufriedenheit_gesamt,4,2025-11-07T07:53:00Z
4252,50372,wochenfeedback,5,tempo,3,2025-11-07T07:53:00Z
3910,50344,wochenfeedback,1,zufriedenheit_gesamt,4,2025-11-07T08:31:00Z
3911,50344,wochenfeedback,1,tempo,4,2025-11-07T08:31:00Z
3912,50344,wochenfeedback,1,freitext,"Top Inhalte, besonders das SQL-Modul.",2025-11-07T08:31:00Z
543,50053,wochenfeedback,13,zufriedenheit_gesamt,5,2025-11-07T08:35:00Z
544,50053,wochenfeedback,13,tempo,4,2025-11-07T08:35:00Z
6126,50505,wochenfeedback,25,zufriedenheit_gesamt,3,2025-11-07T08:43:00Z
6127,50505,wochenfeedback,25,tempo,1,2025-11-07T08:43:00Z
4004,50347,wochenfeedback,53,zufriedenheit_gesamt,3,2025-11-07T09:22:00Z
4005,50347,wochenfeedback,53,tempo,3,2025-11-07T09:22:00Z
4006,50347,wochenfeedback,53,freitext,<p>Insgesamt <strong>sehr zufrieden</strong>.</p>,2025-11-07T09:22:00Z
2692,50247,wochenfeedback,25,zufriedenheit_gesamt,5,2025-11-07T09:27:00Z
2693,50247,wochenfeedback,25,tempo,3,2025-11-07T09:27:00Z
2694,50247,wochenfeedback,25,freitext,Der Coach erklärt super verständlich.,2025-11-07T09:27:00Z
6413,50529,wochenfeedback,45,zufriedenheit_gesamt,5,2025-11-07T09:29:00Z
6414,50529,wochenfeedback,45,tempo,3,2025-11-07T09:29:00Z
5322,50449,wochenfeedback,37,zufriedenheit_gesamt,5,2025-11-07T09:46:00Z
5323,50449,wochenfeedback,37,tempo,4,2025-11-07T09:46:00Z
5324,50449,wochenfeedback,37,freitext,"Sehr gute Betreuung, die Übungen sind praxisnah.",2025-11-07T09:46:00Z
2588,50236,wochenfeedback,41,zufriedenheit_gesamt,5,2025-11-07T10:22:00Z
2589,50236,wochenfeedback,41,tempo,3,2025-11-07T10:22:00Z
2466,50230,wochenfeedback,21,zufriedenheit_gesamt,5,2025-11-07T10:32:00Z
2467,50230,wochenfeedback,21,tempo,2,2025-11-07T10:32:00Z
2468,50230,wochenfeedback,21,freitext,"Top Inhalte, besonders das SQL-Modul.",2025-11-07T10:32:00Z
6301,50522,wochenfeedback,9,zufriedenheit_gesamt,4,2025-11-07T10:39:00Z
6302,50522,wochenfeedback,9,tempo,1,2025-11-07T10:39:00Z
6303,50522,wochenfeedback,9,freitext,"Sehr gute Betreuung, die Übungen sind praxisnah.",2025-11-07T10:39:00Z
4217,50371,wochenfeedback,49,zufriedenheit_gesamt,3,2025-11-07T10:54:00Z
4218,50371,wochenfeedback,49,tempo,4,2025-11-07T10:54:00Z
8225,50681,wochenfeedback,1,zufriedenheit_gesamt,3,2025-11-07T11:32:00Z
8226,50681,wochenfeedback,1,tempo,3,2025-11-07T11:32:00Z
548,50054,wochenfeedback,13,zufriedenheit_gesamt,5,2025-11-07T11:40:00Z
549,50054,wochenfeedback,13,tempo,4,2025-11-07T11:40:00Z
3104,50283,wochenfeedback,1,zufriedenheit_gesamt,5,2025-11-07T12:38:00Z
3105,50283,wochenfeedback,1,tempo,3,2025-11-07T12:38:00Z
3106,50283,wochenfeedback,1,freitext,<p>Insgesamt <strong>sehr zufrieden</strong>.</p>,2025-11-07T12:38:00Z
5751,50480,wochenfeedback,9,zufriedenheit_gesamt,4,2025-11-07T12:55:00Z
5752,50480,wochenfeedback,9,tempo,4,2025-11-07T12:55:00Z
5753,50480,wochenfeedback,9,freitext,Der Coach erklärt super verständlich.,2025-11-07T12:55:00Z
3899,50342,wochenfeedback,37,zufriedenheit_gesamt,5,2025-11-07T13:08:00Z
3900,50342,wochenfeedback,37,tempo,4,2025-11-07T13:08:00Z
3901,50342,wochenfeedback,37,freitext,Die Live-Sessions sind Gold wert.,2025-11-07T13:08:00Z
1134,50105,wochenfeedback,13,zufriedenheit_gesamt,4,2025-11-07T13:25:00Z
1135,50105,wochenfeedback,13,tempo,2,2025-11-07T13:25:00Z
6544,50541,wochenfeedback,1,zufriedenheit_gesamt,5,2025-11-07T13:26:00Z
6545,50541,wochenfeedback,1,tempo,4,2025-11-07T13:26:00Z
3625,50317,wochenfeedback,5,zufriedenheit_gesamt,5,2025-11-07T13:35:00Z
3626,50317,wochenfeedback,5,tempo,3,2025-11-07T13:35:00Z
3627,50317,wochenfeedback,5,freitext,Ich fühle mich gut vorbereitet.,2025-11-07T13:35:00Z
5270,50447,wochenfeedback,13,zufriedenheit_gesamt,4,2025-11-07T13:35:00Z
5271,50447,wochenfeedback,13,tempo,2,2025-11-07T13:35:00Z
5272,50447,wochenfeedback,13,freitext,"Top Inhalte, besonders das SQL-Modul.",2025-11-07T13:35:00Z
3721,50325,wochenfeedback,9,zufriedenheit_gesamt,4,2025-11-07T13:40:00Z
3722,50325,wochenfeedback,9,tempo,4,2025-11-07T13:40:00Z
841,50077,wochenfeedback,21,zufriedenheit_gesamt,5,2025-11-07T14:00:00Z
842,50077,wochenfeedback,21,tempo,3,2025-11-07T14:00:00Z
1020,50094,wochenfeedback,49,zufriedenheit_gesamt,3,2025-11-07T15:05:00Z
1021,50094,wochenfeedback,49,tempo,3,2025-11-07T15:05:00Z
388,50034,wochenfeedback,25,zufriedenheit_gesamt,4,2025-11-07T15:42:00Z
389,50034,wochenfeedback,25,tempo,1,2025-11-07T15:42:00Z
5129,50437,wochenfeedback,5,zufriedenheit_gesamt,5,2025-11-07T16:24:00Z
5130,50437,wochenfeedback,5,tempo,3,2025-11-07T16:24:00Z
7451,50616,wochenfeedback,5,zufriedenheit_gesamt,5,2025-11-07T16:37:00Z
7452,50616,wochenfeedback,5,tempo,1,2025-11-07T16:37:00Z
7453,50616,wochenfeedback,5,freitext,"Sehr gute Betreuung, die Übungen sind praxisnah.",2025-11-07T16:37:00Z
7480,50617,wochenfeedback,5,zufriedenheit_gesamt,4,2025-11-07T16:47:00Z
7481,50617,wochenfeedback,5,tempo,3,2025-11-07T16:47:00Z
3239,50294,wochenfeedback,5,zufriedenheit_gesamt,4,2025-11-07T17:39:00Z
3240,50294,wochenfeedback,5,tempo,4,2025-11-07T17:39:00Z
7412,50613,wochenfeedback,5,zufriedenheit_gesamt,4,2025-11-07T17:40:00Z
7413,50613,wochenfeedback,5,tempo,5,2025-11-07T17:40:00Z
7414,50613,wochenfeedback,5,freitext,<p>Insgesamt <strong>sehr zufrieden</strong>.</p>,2025-11-07T17:40:00Z
3585,50313,wochenfeedback,13,zufriedenheit_gesamt,4,2025-11-07T17:45:00Z
3586,50313,wochenfeedback,13,tempo,3,2025-11-07T17:45:00Z
567,50055,wochenfeedback,9,zufriedenheit_gesamt,4,2025-11-07T18:22:00Z
568,50055,wochenfeedback,9,tempo,3,2025-11-07T18:22:00Z
569,50055,wochenfeedback,9,freitext,"<p>Die Videos sind gut, aber die Quizze sind zu leicht.</p>",2025-11-07T18:22:00Z
8062,50668,wochenfeedback,5,zufriedenheit_gesamt,4,2025-11-07T18:32:00Z
8063,50668,wochenfeedback,5,tempo,3,2025-11-07T18:32:00Z
8502,50701,wochenfeedback,1,zufriedenheit_gesamt,3,2025-11-07T18:32:00Z
8503,50701,wochenfeedback,1,tempo,1,2025-11-07T18:32:00Z
5421,50453,wochenfeedback,21,zufriedenheit_gesamt,4,2025-11-07T18:53:00Z
5422,50453,wochenfeedback,21,tempo,4,2025-11-07T18:53:00Z
5423,50453,wochenfeedback,21,freitext,"Top Inhalte, besonders das SQL-Modul.",2025-11-07T18:53:00Z
4080,50358,abschlussfeedback,,nps,8,2025-11-12T02:00:00Z
4081,50358,abschlussfeedback,,zufriedenheit_coach,5,2025-11-12T02:00:00Z
4082,50358,abschlussfeedback,,weiterempfehlung_grund,"Das Tempo ist mir zu hoch, ich komme kaum hinterher.",2025-11-12T02:00:00Z
3241,50294,wochenfeedback,6,zufriedenheit_gesamt,3,2025-11-14T07:01:00Z
3242,50294,wochenfeedback,6,tempo,3,2025-11-14T07:01:00Z
3243,50294,wochenfeedback,6,freitext,"Das Tempo ist mir zu hoch, ich komme kaum hinterher.",2025-11-14T07:01:00Z
4120,50365,wochenfeedback,10,zufriedenheit_gesamt,3,2025-11-14T07:24:00Z
4121,50365,wochenfeedback,10,tempo,4,2025-11-14T07:24:00Z
5341,50451,wochenfeedback,6,zufriedenheit_gesamt,5,2025-11-14T07:26:00Z
5342,50451,wochenfeedback,6,tempo,3,2025-11-14T07:26:00Z
4667,50396,wochenfeedback,22,zufriedenheit_gesamt,3,2025-11-14T08:06:00Z
4668,50396,wochenfeedback,22,tempo,4,2025-11-14T08:06:00Z
4669,50396,wochenfeedback,22,freitext,Statistik-Modul ist zu theoretisch.,2025-11-14T08:06:00Z
4613,50394,wochenfeedback,54,zufriedenheit_gesamt,2,2025-11-14T08:09:00Z
4614,50394,wochenfeedback,54,tempo,1,2025-11-14T08:09:00Z
8504,50701,wochenfeedback,2,zufriedenheit_gesamt,3,2025-11-14T08:10:00Z
8505,50701,wochenfeedback,2,tempo,3,2025-11-14T08:10:00Z
2069,50188,wochenfeedback,30,zufriedenheit_gesamt,2,2025-11-14T08:51:00Z
2070,50188,wochenfeedback,30,tempo,4,2025-11-14T08:51:00Z
3400,50303,wochenfeedback,62,zufriedenheit_gesamt,2,2025-11-14T09:01:00Z
3401,50303,wochenfeedback,62,tempo,2,2025-11-14T09:01:00Z
7369,50612,wochenfeedback,34,zufriedenheit_gesamt,5,2025-11-14T09:04:00Z
7370,50612,wochenfeedback,34,tempo,3,2025-11-14T09:04:00Z
7371,50612,wochenfeedback,34,freitext,"Sehr gute Betreuung, die Übungen sind praxisnah.",2025-11-14T09:04:00Z
7198,50599,wochenfeedback,30,zufriedenheit_gesamt,5,2025-11-14T09:30:00Z
7199,50599,wochenfeedback,30,tempo,3,2025-11-14T09:30:00Z
7200,50599,wochenfeedback,30,freitext,Ich fühle mich gut vorbereitet.,2025-11-14T09:30:00Z
4873,50416,wochenfeedback,6,zufriedenheit_gesamt,3,2025-11-14T09:40:00Z
4874,50416,wochenfeedback,6,tempo,3,2025-11-14T09:40:00Z
956,50090,wochenfeedback,18,zufriedenheit_gesamt,2,2025-11-14T10:00:00Z
957,50090,wochenfeedback,18,tempo,2,2025-11-14T10:00:00Z
2213,50205,wochenfeedback,14,zufriedenheit_gesamt,4,2025-11-14T10:06:00Z
2214,50205,wochenfeedback,14,tempo,3,2025-11-14T10:06:00Z
4786,50407,wochenfeedback,14,zufriedenheit_gesamt,5,2025-11-14T10:20:00Z
4787,50407,wochenfeedback,14,tempo,3,2025-11-14T10:20:00Z
779,50072,wochenfeedback,6,zufriedenheit_gesamt,5,2025-11-14T11:04:00Z
780,50072,wochenfeedback,6,tempo,3,2025-11-14T11:04:00Z
1022,50094,wochenfeedback,50,zufriedenheit_gesamt,5,2025-11-14T11:53:00Z
1023,50094,wochenfeedback,50,tempo,2,2025-11-14T11:53:00Z
3723,50325,wochenfeedback,10,zufriedenheit_gesamt,3,2025-11-14T12:05:00Z
3724,50325,wochenfeedback,10,tempo,3,2025-11-14T12:05:00Z
5189,50441,wochenfeedback,2,zufriedenheit_gesamt,2,2025-11-14T12:42:00Z
5190,50441,wochenfeedback,2,tempo,4,2025-11-14T12:42:00Z
8227,50681,wochenfeedback,2,zufriedenheit_gesamt,5,2025-11-14T12:43:00Z
8228,50681,wochenfeedback,2,tempo,2,2025-11-14T12:43:00Z
8229,50681,wochenfeedback,2,freitext,"Top Inhalte, besonders das SQL-Modul.",2025-11-14T12:43:00Z
2997,50276,wochenfeedback,42,zufriedenheit_gesamt,2,2025-11-14T12:46:00Z
2998,50276,wochenfeedback,42,tempo,3,2025-11-14T12:46:00Z
7644,50624,wochenfeedback,14,zufriedenheit_gesamt,2,2025-11-14T12:48:00Z
7645,50624,wochenfeedback,14,tempo,4,2025-11-14T12:48:00Z
7646,50624,wochenfeedback,14,freitext,Statistik-Modul ist zu theoretisch.,2025-11-14T12:48:00Z
2927,50270,wochenfeedback,14,zufriedenheit_gesamt,5,2025-11-14T13:20:00Z
2928,50270,wochenfeedback,14,tempo,5,2025-11-14T13:20:00Z
5644,50473,wochenfeedback,30,zufriedenheit_gesamt,4,2025-11-14T13:55:00Z
5645,50473,wochenfeedback,30,tempo,2,2025-11-14T13:55:00Z
5646,50473,wochenfeedback,30,freitext,Ich fühle mich gut vorbereitet.,2025-11-14T13:55:00Z
4302,50375,wochenfeedback,38,zufriedenheit_gesamt,2,2025-11-14T14:40:00Z
4303,50375,wochenfeedback,38,tempo,4,2025-11-14T14:40:00Z
3772,50329,wochenfeedback,6,zufriedenheit_gesamt,4,2025-11-14T15:35:00Z
3773,50329,wochenfeedback,6,tempo,5,2025-11-14T15:35:00Z
5234,50444,wochenfeedback,2,zufriedenheit_gesamt,4,2025-11-14T16:22:00Z
5235,50444,wochenfeedback,2,tempo,3,2025-11-14T16:22:00Z
5236,50444,wochenfeedback,2,freitext,Die Live-Sessions sind Gold wert.,2025-11-14T16:22:00Z
4219,50371,wochenfeedback,50,zufriedenheit_gesamt,2,2025-11-14T16:27:00Z
4220,50371,wochenfeedback,50,tempo,5,2025-11-14T16:27:00Z
7029,50582,wochenfeedback,2,zufriedenheit_gesamt,2,2025-11-14T17:26:00Z
7030,50582,wochenfeedback,2,tempo,1,2025-11-14T17:26:00Z
7031,50582,wochenfeedback,2,freitext,"Das Tempo ist mir zu hoch, ich komme kaum hinterher.",2025-11-14T17:26:00Z
390,50034,wochenfeedback,26,zufriedenheit_gesamt,5,2025-11-14T17:34:00Z
391,50034,wochenfeedback,26,tempo,3,2025-11-14T17:34:00Z
2294,50216,wochenfeedback,6,zufriedenheit_gesamt,3,2025-11-14T18:12:00Z
2295,50216,wochenfeedback,6,tempo,3,2025-11-14T18:12:00Z
5798,50481,wochenfeedback,50,zufriedenheit_gesamt,5,2025-11-14T18:18:00Z
5799,50481,wochenfeedback,50,tempo,5,2025-11-14T18:18:00Z
6128,50505,wochenfeedback,27,zufriedenheit_gesamt,5,2025-11-21T07:00:00Z
6129,50505,wochenfeedback,27,tempo,2,2025-11-21T07:00:00Z
5343,50451,wochenfeedback,7,zufriedenheit_gesamt,4,2025-11-21T07:05:00Z
5344,50451,wochenfeedback,7,tempo,5,2025-11-21T07:05:00Z
5647,50473,wochenfeedback,31,zufriedenheit_gesamt,4,2025-11-21T07:50:00Z
5648,50473,wochenfeedback,31,tempo,4,2025-11-21T07:50:00Z
3628,50317,wochenfeedback,7,zufriedenheit_gesamt,4,2025-11-21T08:52:00Z
3629,50317,wochenfeedback,7,tempo,3,2025-11-21T08:52:00Z
1497,50138,wochenfeedback,11,zufriedenheit_gesamt,3,2025-11-21T09:23:00Z
1498,50138,wochenfeedback,11,tempo,2,2025-11-21T09:23:00Z
7454,50616,wochenfeedback,7,zufriedenheit_gesamt,5,2025-11-21T09:57:00Z
7455,50616,wochenfeedback,7,tempo,3,2025-11-21T09:57:00Z
7032,50582,wochenfeedback,3,zufriedenheit_gesamt,4,2025-11-21T10:21:00Z
7033,50582,wochenfeedback,3,tempo,1,2025-11-21T10:21:00Z
2215,50205,wochenfeedback,15,zufriedenheit_gesamt,4,2025-11-21T10:42:00Z
2216,50205,wochenfeedback,15,tempo,4,2025-11-21T10:42:00Z
4615,50394,wochenfeedback,55,zufriedenheit_gesamt,2,2025-11-21T10:42:00Z
4616,50394,wochenfeedback,55,tempo,4,2025-11-21T10:42:00Z
4617,50394,wochenfeedback,55,freitext,Aufgabenstellungen sind teilweise unklar formuliert.,2025-11-21T10:42:00Z
6931,50574,wochenfeedback,3,zufriedenheit_gesamt,1,2025-11-21T11:00:00Z
6932,50574,wochenfeedback,3,tempo,4,2025-11-21T11:00:00Z
5476,50457,wochenfeedback,11,zufriedenheit_gesamt,2,2025-11-21T11:10:00Z
5477,50457,wochenfeedback,11,tempo,3,2025-11-21T11:10:00Z
30,50002,wochenfeedback,15,zufriedenheit_gesamt,5,2025-11-21T11:15:00Z
31,50002,wochenfeedback,15,tempo,2,2025-11-21T11:15:00Z
8064,50668,wochenfeedback,7,zufriedenheit_gesamt,5,2025-11-21T11:22:00Z
8065,50668,wochenfeedback,7,tempo,1,2025-11-21T11:22:00Z
7415,50613,wochenfeedback,7,zufriedenheit_gesamt,4,2025-11-21T11:32:00Z
7416,50613,wochenfeedback,7,tempo,4,2025-11-21T11:32:00Z
7417,50613,wochenfeedback,7,freitext,<p>Mehr Praxis bitte!</p>,2025-11-21T11:32:00Z
15,50001,wochenfeedback,31,zufriedenheit_gesamt,4,2025-11-21T11:42:00Z
16,50001,wochenfeedback,31,tempo,4,2025-11-21T11:42:00Z
17,50001,wochenfeedback,31,freitext,"Top Inhalte, besonders das SQL-Modul.",2025-11-21T11:42:00Z
7372,50612,wochenfeedback,35,zufriedenheit_gesamt,4,2025-11-21T11:56:00Z
7373,50612,wochenfeedback,35,tempo,2,2025-11-21T11:56:00Z
8369,50692,wochenfeedback,59,zufriedenheit_gesamt,5,2025-11-21T12:09:00Z
8370,50692,wochenfeedback,59,tempo,5,2025-11-21T12:09:00Z
5754,50480,wochenfeedback,11,zufriedenheit_gesamt,5,2025-11-21T12:33:00Z
5755,50480,wochenfeedback,11,tempo,3,2025-11-21T12:33:00Z
5756,50480,wochenfeedback,11,freitext,Die Live-Sessions sind Gold wert.,2025-11-21T12:33:00Z
7201,50599,wochenfeedback,31,zufriedenheit_gesamt,4,2025-11-21T12:36:00Z
7202,50599,wochenfeedback,31,tempo,3,2025-11-21T12:36:00Z
5535,50462,wochenfeedback,11,zufriedenheit_gesamt,5,2025-11-21T12:40:00Z
5536,50462,wochenfeedback,11,tempo,4,2025-11-21T12:40:00Z
7132,50593,wochenfeedback,3,zufriedenheit_gesamt,5,2025-11-21T12:50:00Z
7133,50593,wochenfeedback,3,tempo,5,2025-11-21T12:50:00Z
7134,50593,wochenfeedback,3,freitext,Die Live-Sessions sind Gold wert.,2025-11-21T12:50:00Z
3774,50329,wochenfeedback,7,zufriedenheit_gesamt,4,2025-11-21T12:52:00Z
3775,50329,wochenfeedback,7,tempo,3,2025-11-21T12:52:00Z
7280,50604,wochenfeedback,19,zufriedenheit_gesamt,4,2025-11-21T13:28:00Z
7281,50604,wochenfeedback,19,tempo,4,2025-11-21T13:28:00Z
6546,50541,wochenfeedback,3,zufriedenheit_gesamt,5,2025-11-21T14:30:00Z
6547,50541,wochenfeedback,3,tempo,4,2025-11-21T14:30:00Z
2929,50270,wochenfeedback,15,zufriedenheit_gesamt,4,2025-11-21T14:49:00Z
2930,50270,wochenfeedback,15,tempo,3,2025-11-21T14:49:00Z
5273,50447,wochenfeedback,15,zufriedenheit_gesamt,2,2025-11-21T15:23:00Z
5274,50447,wochenfeedback,15,tempo,4,2025-11-21T15:23:00Z
4802,50408,wochenfeedback,11,zufriedenheit_gesamt,4,2025-11-21T15:38:00Z
4803,50408,wochenfeedback,11,tempo,3,2025-11-21T15:38:00Z
4804,50408,wochenfeedback,11,freitext,"Top Inhalte, besonders das SQL-Modul.",2025-11-21T15:38:00Z
5325,50449,wochenfeedback,39,zufriedenheit_gesamt,4,2025-11-21T15:54:00Z
5326,50449,wochenfeedback,39,tempo,2,2025-11-21T15:54:00Z
5327,50449,wochenfeedback,39,freitext,"Tempo passt für mich, gerne mehr Praxisbeispiele.",2025-11-21T15:54:00Z
6869,50568,wochenfeedback,3,zufriedenheit_gesamt,3,2025-11-21T15:59:00Z
6870,50568,wochenfeedback,3,tempo,5,2025-11-21T15:59:00Z
4304,50375,wochenfeedback,39,zufriedenheit_gesamt,4,2025-11-21T16:08:00Z
4305,50375,wochenfeedback,39,tempo,3,2025-11-21T16:08:00Z
570,50055,wochenfeedback,11,zufriedenheit_gesamt,5,2025-11-21T16:50:00Z
571,50055,wochenfeedback,11,tempo,1,2025-11-21T16:50:00Z
572,50055,wochenfeedback,11,freitext,Ich fühle mich gut vorbereitet.,2025-11-21T16:50:00Z
843,50077,wochenfeedback,23,zufriedenheit_gesamt,5,2025-11-21T17:47:00Z
844,50077,wochenfeedback,23,tempo,3,2025-11-21T17:47:00Z
3725,50325,wochenfeedback,11,zufriedenheit_gesamt,4,2025-11-21T17:59:00Z
3726,50325,wochenfeedback,11,tempo,3,2025-11-21T17:59:00Z
550,50054,wochenfeedback,15,zufriedenheit_gesamt,4,2025-11-21T18:04:00Z
551,50054,wochenfeedback,15,tempo,2,2025-11-21T18:04:00Z
552,50054,wochenfeedback,15,freitext,"Top Inhalte, besonders das SQL-Modul.",2025-11-21T18:04:00Z
1393,50126,wochenfeedback,11,zufriedenheit_gesamt,5,2025-11-21T18:39:00Z
1394,50126,wochenfeedback,11,tempo,2,2025-11-21T18:39:00Z
3209,50288,wochenfeedback,23,zufriedenheit_gesamt,4,2025-11-21T18:55:00Z
3210,50288,wochenfeedback,23,tempo,3,2025-11-21T18:55:00Z
3523,50309,abschlussfeedback,,nps,10,2025-11-23T00:00:00Z
3524,50309,abschlussfeedback,,zufriedenheit_coach,4,2025-11-23T00:00:00Z
3525,50309,abschlussfeedback,,weiterempfehlung_grund,Die Live-Sessions sind Gold wert.,2025-11-23T00:00:00Z
958,50090,abschlussfeedback,,nps,9,2025-11-25T18:00:00Z
959,50090,abschlussfeedback,,zufriedenheit_coach,4,2025-11-25T18:00:00Z
960,50090,abschlussfeedback,,weiterempfehlung_grund,Der Coach erklärt super verständlich.,2025-11-25T18:00:00Z
1385,50125,abschlussfeedback,,nps,9,2025-11-25T20:00:00Z
1386,50125,abschlussfeedback,,zufriedenheit_coach,5,2025-11-25T20:00:00Z
1387,50125,abschlussfeedback,,weiterempfehlung_grund,Ich hätte gern mehr Live-Termine.,2025-11-25T20:00:00Z
2931,50270,abschlussfeedback,,nps,9,2025-11-26T00:00:00Z
2932,50270,abschlussfeedback,,zufriedenheit_coach,5,2025-11-26T00:00:00Z
2933,50270,abschlussfeedback,,weiterempfehlung_grund,Ich hätte gern mehr Live-Termine.,2025-11-26T00:00:00Z
3566,50312,abschlussfeedback,,nps,6,2025-11-27T23:00:00Z
3567,50312,abschlussfeedback,,zufriedenheit_coach,3,2025-11-27T23:00:00Z
3568,50312,abschlussfeedback,,weiterempfehlung_grund,Aufgabenstellungen sind teilweise unklar formuliert.,2025-11-27T23:00:00Z
3902,50342,abschlussfeedback,,nps,10,2025-11-28T01:00:00Z
3903,50342,abschlussfeedback,,zufriedenheit_coach,5,2025-11-28T01:00:00Z
3904,50342,abschlussfeedback,,weiterempfehlung_grund,"Tempo passt für mich, gerne mehr Praxisbeispiele.",2025-11-28T01:00:00Z
3669,50319,wochenfeedback,8,zufriedenheit_gesamt,4,2025-11-28T07:13:00Z
3670,50319,wochenfeedback,8,tempo,4,2025-11-28T07:13:00Z
573,50055,wochenfeedback,12,zufriedenheit_gesamt,4,2025-11-28T07:14:00Z
574,50055,wochenfeedback,12,tempo,4,2025-11-28T07:14:00Z
8158,50675,wochenfeedback,16,zufriedenheit_gesamt,4,2025-11-28T07:14:00Z
8159,50675,wochenfeedback,16,tempo,3,2025-11-28T07:14:00Z
4788,50407,wochenfeedback,16,zufriedenheit_gesamt,5,2025-11-28T07:19:00Z
4789,50407,wochenfeedback,16,tempo,5,2025-11-28T07:19:00Z
4790,50407,wochenfeedback,16,freitext,"Top Inhalte, besonders das SQL-Modul.",2025-11-28T07:19:00Z
3402,50303,wochenfeedback,64,zufriedenheit_gesamt,4,2025-11-28T07:37:00Z
3403,50303,wochenfeedback,64,tempo,4,2025-11-28T07:37:00Z
3404,50303,wochenfeedback,64,freitext,"<p>Die Videos sind gut, aber die Quizze sind zu leicht.</p>",2025-11-28T07:37:00Z
781,50072,wochenfeedback,8,zufriedenheit_gesamt,4,2025-11-28T07:53:00Z
782,50072,wochenfeedback,8,tempo,1,2025-11-28T07:53:00Z
3244,50294,wochenfeedback,8,zufriedenheit_gesamt,3,2025-11-28T08:17:00Z
3245,50294,wochenfeedback,8,tempo,4,2025-11-28T08:17:00Z
3211,50288,wochenfeedback,24,zufriedenheit_gesamt,1,2025-11-28T08:45:00Z
3212,50288,wochenfeedback,24,tempo,1,2025-11-28T08:45:00Z
3213,50288,wochenfeedback,24,freitext,Statistik-Modul ist zu theoretisch.,2025-11-28T08:45:00Z
1024,50094,wochenfeedback,52,zufriedenheit_gesamt,4,2025-11-28T09:06:00Z
1025,50094,wochenfeedback,52,tempo,1,2025-11-28T09:06:00Z
1026,50094,wochenfeedback,52,freitext,"Top Inhalte, besonders das SQL-Modul.",2025-11-28T09:06:00Z
32,50002,wochenfeedback,16,zufriedenheit_gesamt,5,2025-11-28T09:25:00Z
33,50002,wochenfeedback,16,tempo,4,2025-11-28T09:25:00Z
3776,50329,wochenfeedback,8,zufriedenheit_gesamt,4,2025-11-28T09:31:00Z
3777,50329,wochenfeedback,8,tempo,3,2025-11-28T09:31:00Z
3778,50329,wochenfeedback,8,freitext,Der Coach erklärt super verständlich.,2025-11-28T09:31:00Z
8037,50667,wochenfeedback,16,zufriedenheit_gesamt,2,2025-11-28T09:35:00Z
8038,50667,wochenfeedback,16,tempo,3,2025-11-28T09:35:00Z
2176,50202,wochenfeedback,24,zufriedenheit_gesamt,5,2025-11-28T09:55:00Z
2177,50202,wochenfeedback,24,tempo,1,2025-11-28T09:55:00Z
4306,50375,wochenfeedback,40,zufriedenheit_gesamt,3,2025-11-28T10:28:00Z
4307,50375,wochenfeedback,40,tempo,4,2025-11-28T10:28:00Z
4308,50375,wochenfeedback,40,freitext,Statistik-Modul ist zu theoretisch.,2025-11-28T10:28:00Z
7495,50618,wochenfeedback,8,zufriedenheit_gesamt,4,2025-11-28T11:08:00Z
7496,50618,wochenfeedback,8,tempo,1,2025-11-28T11:08:00Z
7497,50618,wochenfeedback,8,freitext,"Sehr gute Betreuung, die Übungen sind praxisnah.",2025-11-28T11:08:00Z
4875,50416,wochenfeedback,8,zufriedenheit_gesamt,3,2025-11-28T11:09:00Z
4876,50416,wochenfeedback,8,tempo,5,2025-11-28T11:09:00Z
5888,50488,wochenfeedback,4,zufriedenheit_gesamt,3,2025-11-28T11:11:00Z
5889,50488,wochenfeedback,4,tempo,2,2025-11-28T11:11:00Z
5890,50488,wochenfeedback,4,freitext,Ich hätte gern mehr Live-Termine.,2025-11-28T11:11:00Z
6548,50541,wochenfeedback,4,zufriedenheit_gesamt,2,2025-11-28T11:21:00Z
6549,50541,wochenfeedback,4,tempo,3,2025-11-28T11:21:00Z
8291,50687,wochenfeedback,24,zufriedenheit_gesamt,5,2025-11-28T12:24:00Z
8292,50687,wochenfeedback,24,tempo,2,2025-11-28T12:24:00Z
3107,50283,wochenfeedback,4,zufriedenheit_gesamt,4,2025-11-28T12:32:00Z
3108,50283,wochenfeedback,4,tempo,3,2025-11-28T12:32:00Z
5275,50447,wochenfeedback,16,zufriedenheit_gesamt,5,2025-11-28T12:58:00Z
5276,50447,wochenfeedback,16,tempo,3,2025-11-28T12:58:00Z
7753,50631,wochenfeedback,44,zufriedenheit_gesamt,4,2025-11-28T12:59:00Z
7754,50631,wochenfeedback,44,tempo,3,2025-11-28T12:59:00Z
3147,50285,wochenfeedback,24,zufriedenheit_gesamt,2,2025-11-28T13:04:00Z
3148,50285,wochenfeedback,24,tempo,3,2025-11-28T13:04:00Z
3533,50311,wochenfeedback,8,zufriedenheit_gesamt,4,2025-11-28T13:06:00Z
3534,50311,wochenfeedback,8,tempo,4,2025-11-28T13:06:00Z
1822,50164,wochenfeedback,4,zufriedenheit_gesamt,3,2025-11-28T13:26:00Z
1823,50164,wochenfeedback,4,tempo,5,2025-11-28T13:26:00Z
1824,50164,wochenfeedback,4,freitext,Aufgabenstellungen sind teilweise unklar formuliert.,2025-11-28T13:26:00Z
5953,50492,wochenfeedback,4,zufriedenheit_gesamt,1,2025-11-28T13:28:00Z
5954,50492,wochenfeedback,4,tempo,3,2025-11-28T13:28:00Z
3913,50344,wochenfeedback,4,zufriedenheit_gesamt,5,2025-11-28T13:56:00Z
3914,50344,wochenfeedback,4,tempo,3,2025-11-28T13:56:00Z
3915,50344,wochenfeedback,4,freitext,"<p>Die Videos sind gut, aber die Quizze sind zu leicht.</p>",2025-11-28T13:56:00Z
2496,50233,wochenfeedback,16,zufriedenheit_gesamt,4,2025-11-28T14:25:00Z
2497,50233,wochenfeedback,16,tempo,3,2025-11-28T14:25:00Z
2954,50272,wochenfeedback,32,zufriedenheit_gesamt,3,2025-11-28T14:47:00Z
2955,50272,wochenfeedback,32,tempo,4,2025-11-28T14:47:00Z
2590,50236,wochenfeedback,44,zufriedenheit_gesamt,2,2025-11-28T15:18:00Z
2591,50236,wochenfeedback,44,tempo,3,2025-11-28T15:18:00Z
2592,50236,wochenfeedback,44,freitext,Statistik-Modul ist zu theoretisch.,2025-11-28T15:18:00Z
8230,50681,wochenfeedback,4,zufriedenheit_gesamt,5,2025-11-28T15:19:00Z
8231,50681,wochenfeedback,4,tempo,5,2025-11-28T15:19:00Z
5800,50481,wochenfeedback,52,zufriedenheit_gesamt,5,2025-11-28T16:03:00Z
5801,50481,wochenfeedback,52,tempo,1,2025-11-28T16:03:00Z
5802,50481,wochenfeedback,52,freitext,<p>Insgesamt <strong>sehr zufrieden</strong>.</p>,2025-11-28T16:03:00Z
5237,50444,wochenfeedback,4,zufriedenheit_gesamt,4,2025-11-28T17:35:00Z
5238,50444,wochenfeedback,4,tempo,3,2025-11-28T17:35:00Z
5239,50444,wochenfeedback,4,freitext,<p>Insgesamt <strong>sehr zufrieden</strong>.</p>,2025-11-28T17:35:00Z
3630,50317,wochenfeedback,8,zufriedenheit_gesamt,4,2025-11-28T17:36:00Z
3631,50317,wochenfeedback,8,tempo,3,2025-11-28T17:36:00Z
3266,50296,wochenfeedback,8,zufriedenheit_gesamt,3,2025-11-28T17:50:00Z
3267,50296,wochenfeedback,8,tempo,2,2025-11-28T17:50:00Z
7482,50617,wochenfeedback,8,zufriedenheit_gesamt,5,2025-11-28T18:12:00Z
7483,50617,wochenfeedback,8,tempo,3,2025-11-28T18:12:00Z
1210,50112,wochenfeedback,8,zufriedenheit_gesamt,2,2025-11-28T18:37:00Z
1211,50112,wochenfeedback,8,tempo,4,2025-11-28T18:37:00Z
6978,50579,wochenfeedback,24,zufriedenheit_gesamt,4,2025-11-28T18:58:00Z
6979,50579,wochenfeedback,24,tempo,1,2025-11-28T18:58:00Z
6980,50579,wochenfeedback,24,freitext,"Sehr gute Betreuung, die Übungen sind praxisnah.",2025-11-28T18:58:00Z
7282,50604,abschlussfeedback,,nps,9,2025-11-28T20:00:00Z
7283,50604,abschlussfeedback,,zufriedenheit_coach,4,2025-11-28T20:00:00Z
7284,50604,abschlussfeedback,,weiterempfehlung_grund,Ich fühle mich gut vorbereitet.,2025-11-28T20:00:00Z
471,50042,abschlussfeedback,,nps,9,2025-11-29T02:00:00Z
472,50042,abschlussfeedback,,zufriedenheit_coach,5,2025-11-29T02:00:00Z
473,50042,abschlussfeedback,,weiterempfehlung_grund,Die Live-Sessions sind Gold wert.,2025-11-29T02:00:00Z
4106,50363,abschlussfeedback,,nps,7,2025-11-30T00:00:00Z
4107,50363,abschlussfeedback,,zufriedenheit_coach,5,2025-11-30T00:00:00Z
4108,50363,abschlussfeedback,,weiterempfehlung_grund,Aufgabenstellungen sind teilweise unklar formuliert.,2025-11-30T00:00:00Z
1565,50141,abschlussfeedback,,nps,8,2025-11-30T03:00:00Z
1566,50141,abschlussfeedback,,zufriedenheit_coach,4,2025-11-30T03:00:00Z
1567,50141,abschlussfeedback,,weiterempfehlung_grund,Ich fühle mich gut vorbereitet.,2025-11-30T03:00:00Z
2071,50188,abschlussfeedback,,nps,7,2025-11-30T20:00:00Z
2072,50188,abschlussfeedback,,zufriedenheit_coach,3,2025-11-30T20:00:00Z
2073,50188,abschlussfeedback,,weiterempfehlung_grund,"Top Inhalte, besonders das SQL-Modul.",2025-11-30T20:00:00Z
5649,50473,abschlussfeedback,,nps,5,2025-12-01T23:00:00Z
5650,50473,abschlussfeedback,,zufriedenheit_coach,5,2025-12-01T23:00:00Z
5651,50473,abschlussfeedback,,weiterempfehlung_grund,Die Live-Sessions sind Gold wert.,2025-12-01T23:00:00Z
5328,50449,abschlussfeedback,,nps,8,2025-12-02T00:00:00Z
5329,50449,abschlussfeedback,,zufriedenheit_coach,4,2025-12-02T00:00:00Z
5330,50449,abschlussfeedback,,weiterempfehlung_grund,Aufgabenstellungen sind teilweise unklar formuliert.,2025-12-02T00:00:00Z
18,50001,abschlussfeedback,,nps,9,2025-12-02T06:00:00Z
19,50001,abschlussfeedback,,zufriedenheit_coach,2,2025-12-02T06:00:00Z
20,50001,abschlussfeedback,,weiterempfehlung_grund,Ich fühle mich gut vorbereitet.,2025-12-02T06:00:00Z
2651,50239,abschlussfeedback,,nps,7,2025-12-03T06:00:00Z
2652,50239,abschlussfeedback,,zufriedenheit_coach,3,2025-12-03T06:00:00Z
2653,50239,abschlussfeedback,,weiterempfehlung_grund,Der Coach erklärt super verständlich.,2025-12-03T06:00:00Z
182,50015,abschlussfeedback,,nps,4,2025-12-04T01:00:00Z
183,50015,abschlussfeedback,,zufriedenheit_coach,2,2025-12-04T01:00:00Z
184,50015,abschlussfeedback,,weiterempfehlung_grund,Zu wenig Feedback zu den Abgaben.,2025-12-04T01:00:00Z
4309,50375,abschlussfeedback,,nps,8,2025-12-04T05:00:00Z
4310,50375,abschlussfeedback,,zufriedenheit_coach,3,2025-12-04T05:00:00Z
4311,50375,abschlussfeedback,,weiterempfehlung_grund,Aufgabenstellungen sind teilweise unklar formuliert.,2025-12-04T05:00:00Z
4914,50419,wochenfeedback,1,zufriedenheit_gesamt,5,2025-12-05T07:05:00Z
4915,50419,wochenfeedback,1,tempo,2,2025-12-05T07:05:00Z
5803,50481,wochenfeedback,53,zufriedenheit_gesamt,4,2025-12-05T07:11:00Z
5804,50481,wochenfeedback,53,tempo,3,2025-12-05T07:11:00Z
7034,50582,wochenfeedback,5,zufriedenheit_gesamt,2,2025-12-05T07:59:00Z
7035,50582,wochenfeedback,5,tempo,3,2025-12-05T07:59:00Z
3587,50313,wochenfeedback,17,zufriedenheit_gesamt,4,2025-12-05T08:02:00Z
3588,50313,wochenfeedback,17,tempo,2,2025-12-05T08:02:00Z
2296,50216,wochenfeedback,9,zufriedenheit_gesamt,2,2025-12-05T08:14:00Z
2297,50216,wochenfeedback,9,tempo,2,2025-12-05T08:14:00Z
2298,50216,wochenfeedback,9,freitext,Die Plattform hatte diese Woche mehrfach Ausfälle.,2025-12-05T08:14:00Z
3149,50285,wochenfeedback,25,zufriedenheit_gesamt,2,2025-12-05T08:18:00Z
3150,50285,wochenfeedback,25,tempo,3,2025-12-05T08:18:00Z
3151,50285,wochenfeedback,25,freitext,Statistik-Modul ist zu theoretisch.,2025-12-05T08:18:00Z
2498,50233,wochenfeedback,17,zufriedenheit_gesamt,5,2025-12-05T08:20:00Z
2499,50233,wochenfeedback,17,tempo,4,2025-12-05T08:20:00Z
3671,50319,wochenfeedback,9,zufriedenheit_gesamt,5,2025-12-05T08:39:00Z
3672,50319,wochenfeedback,9,tempo,4,2025-12-05T08:39:00Z
966,50092,wochenfeedback,1,zufriedenheit_gesamt,4,2025-12-05T09:10:00Z
967,50092,wochenfeedback,1,tempo,3,2025-12-05T09:10:00Z
8160,50675,wochenfeedback,17,zufriedenheit_gesamt,4,2025-12-05T09:46:00Z
8161,50675,wochenfeedback,17,tempo,3,2025-12-05T09:46:00Z
8162,50675,wochenfeedback,17,freitext,"Tempo passt für mich, gerne mehr Praxisbeispiele.",2025-12-05T09:46:00Z
3535,50311,wochenfeedback,9,zufriedenheit_gesamt,2,2025-12-05T09:52:00Z
3536,50311,wochenfeedback,9,tempo,2,2025-12-05T09:52:00Z
3537,50311,wochenfeedback,9,freitext,<p>Insgesamt <strong>sehr zufrieden</strong>.</p>,2025-12-05T09:52:00Z
5891,50488,wochenfeedback,5,zufriedenheit_gesamt,2,2025-12-05T10:42:00Z
5892,50488,wochenfeedback,5,tempo,3,2025-12-05T10:42:00Z
1136,50105,wochenfeedback,17,zufriedenheit_gesamt,5,2025-12-05T10:50:00Z
1137,50105,wochenfeedback,17,tempo,5,2025-12-05T10:50:00Z
1027,50094,wochenfeedback,53,zufriedenheit_gesamt,4,2025-12-05T11:37:00Z
1028,50094,wochenfeedback,53,tempo,2,2025-12-05T11:37:00Z
7374,50612,wochenfeedback,37,zufriedenheit_gesamt,4,2025-12-05T12:32:00Z
7375,50612,wochenfeedback,37,tempo,2,2025-12-05T12:32:00Z
7376,50612,wochenfeedback,37,freitext,"Top Inhalte, besonders das SQL-Modul.",2025-12-05T12:32:00Z
1434,50133,wochenfeedback,1,zufriedenheit_gesamt,4,2025-12-05T12:40:00Z
1435,50133,wochenfeedback,1,tempo,3,2025-12-05T12:40:00Z
1436,50133,wochenfeedback,1,freitext,<p>Mehr Praxis bitte!</p>,2025-12-05T12:40:00Z
735,50068,wochenfeedback,1,zufriedenheit_gesamt,4,2025-12-05T12:45:00Z
736,50068,wochenfeedback,1,tempo,2,2025-12-05T12:45:00Z
347,50033,wochenfeedback,9,zufriedenheit_gesamt,5,2025-12-05T12:59:00Z
348,50033,wochenfeedback,9,tempo,5,2025-12-05T12:59:00Z
5757,50480,wochenfeedback,13,zufriedenheit_gesamt,4,2025-12-05T13:06:00Z
5758,50480,wochenfeedback,13,tempo,3,2025-12-05T13:06:00Z
5759,50480,wochenfeedback,13,freitext,Die Live-Sessions sind Gold wert.,2025-12-05T13:06:00Z
7647,50624,wochenfeedback,17,zufriedenheit_gesamt,2,2025-12-05T14:06:00Z
7648,50624,wochenfeedback,17,tempo,4,2025-12-05T14:06:00Z
6828,50565,wochenfeedback,1,zufriedenheit_gesamt,5,2025-12-05T15:04:00Z
6829,50565,wochenfeedback,1,tempo,2,2025-12-05T15:04:00Z
3109,50283,wochenfeedback,5,zufriedenheit_gesamt,5,2025-12-05T15:07:00Z
3110,50283,wochenfeedback,5,tempo,3,2025-12-05T15:07:00Z
3111,50283,wochenfeedback,5,freitext,"Tempo passt für mich, gerne mehr Praxisbeispiele.",2025-12-05T15:07:00Z
2438,50229,wochenfeedback,1,zufriedenheit_gesamt,5,2025-12-05T15:16:00Z
2439,50229,wochenfeedback,1,tempo,2,2025-12-05T15:16:00Z
7845,50643,wochenfeedback,9,zufriedenheit_gesamt,5,2025-12-05T15:18:00Z
7846,50643,wochenfeedback,9,tempo,4,2025-12-05T15:18:00Z
5478,50457,wochenfeedback,13,zufriedenheit_gesamt,4,2025-12-05T15:56:00Z
5479,50457,wochenfeedback,13,tempo,4,2025-12-05T15:56:00Z
483,50044,wochenfeedback,1,zufriedenheit_gesamt,5,2025-12-05T16:19:00Z
484,50044,wochenfeedback,1,tempo,4,2025-12-05T16:19:00Z
4841,50412,wochenfeedback,13,zufriedenheit_gesamt,4,2025-12-05T16:27:00Z
4842,50412,wochenfeedback,13,tempo,1,2025-12-05T16:27:00Z
7203,50599,wochenfeedback,33,zufriedenheit_gesamt,2,2025-12-05T17:00:00Z
7204,50599,wochenfeedback,33,tempo,4,2025-12-05T17:00:00Z
7205,50599,wochenfeedback,33,freitext,"<p>Die Videos sind gut, aber die Quizze sind zu leicht.</p>",2025-12-05T17:00:00Z
2178,50202,wochenfeedback,25,zufriedenheit_gesamt,4,2025-12-05T17:06:00Z
2179,50202,wochenfeedback,25,tempo,4,2025-12-05T17:06:00Z
2180,50202,wochenfeedback,25,freitext,<p>Mehr Praxis bitte!</p>,2025-12-05T17:06:00Z
5345,50451,wochenfeedback,9,zufriedenheit_gesamt,4,2025-12-05T17:17:00Z
5346,50451,wochenfeedback,9,tempo,3,2025-12-05T17:17:00Z
5347,50451,wochenfeedback,9,freitext,<p>Mehr Praxis bitte!</p>,2025-12-05T17:17:00Z
7899,50649,wochenfeedback,9,zufriedenheit_gesamt,2,2025-12-05T17:51:00Z
7900,50649,wochenfeedback,9,tempo,5,2025-12-05T17:51:00Z
2540,50235,wochenfeedback,9,zufriedenheit_gesamt,5,2025-12-05T18:50:00Z
2541,50235,wochenfeedback,9,tempo,2,2025-12-05T18:50:00Z
3246,50294,wochenfeedback,9,zufriedenheit_gesamt,4,2025-12-05T18:52:00Z
3247,50294,wochenfeedback,9,tempo,3,2025-12-05T18:52:00Z
3248,50294,wochenfeedback,9,freitext,Die Live-Sessions sind Gold wert.,2025-12-05T18:52:00Z
3727,50325,wochenfeedback,14,zufriedenheit_gesamt,4,2025-12-12T07:05:00Z
3728,50325,wochenfeedback,14,tempo,3,2025-12-12T07:05:00Z
3729,50325,wochenfeedback,14,freitext,"Sehr gute Betreuung, die Übungen sind praxisnah.",2025-12-12T07:05:00Z
2500,50233,wochenfeedback,18,zufriedenheit_gesamt,5,2025-12-12T07:22:00Z
2501,50233,wochenfeedback,18,tempo,4,2025-12-12T07:22:00Z
5348,50451,wochenfeedback,10,zufriedenheit_gesamt,5,2025-12-12T08:01:00Z
5349,50451,wochenfeedback,10,tempo,3,2025-12-12T08:01:00Z
8506,50701,wochenfeedback,6,zufriedenheit_gesamt,5,2025-12-12T08:19:00Z
8507,50701,wochenfeedback,6,tempo,3,2025-12-12T08:19:00Z
8163,50675,wochenfeedback,18,zufriedenheit_gesamt,4,2025-12-12T08:49:00Z
8164,50675,wochenfeedback,18,tempo,3,2025-12-12T08:49:00Z
2999,50276,wochenfeedback,46,zufriedenheit_gesamt,2,2025-12-12T09:07:00Z
3000,50276,wochenfeedback,46,tempo,4,2025-12-12T09:07:00Z
3405,50303,wochenfeedback,66,zufriedenheit_gesamt,5,2025-12-12T09:12:00Z
3406,50303,wochenfeedback,66,tempo,4,2025-12-12T09:12:00Z
5760,50480,wochenfeedback,14,zufriedenheit_gesamt,5,2025-12-12T09:13:00Z
5761,50480,wochenfeedback,14,tempo,1,2025-12-12T09:13:00Z
7617,50622,wochenfeedback,10,zufriedenheit_gesamt,5,2025-12-12T09:15:00Z
7618,50622,wochenfeedback,10,tempo,3,2025-12-12T09:15:00Z
2730,50250,wochenfeedback,2,zufriedenheit_gesamt,3,2025-12-12T09:41:00Z
2731,50250,wochenfeedback,2,tempo,3,2025-12-12T09:41:00Z
2593,50236,wochenfeedback,46,zufriedenheit_gesamt,4,2025-12-12T09:47:00Z
2594,50236,wochenfeedback,46,tempo,3,2025-12-12T09:47:00Z
7377,50612,wochenfeedback,38,zufriedenheit_gesamt,5,2025-12-12T09:50:00Z
7378,50612,wochenfeedback,38,tempo,4,2025-12-12T09:50:00Z
5537,50462,wochenfeedback,14,zufriedenheit_gesamt,3,2025-12-12T09:53:00Z
5538,50462,wochenfeedback,14,tempo,4,2025-12-12T09:53:00Z
5539,50462,wochenfeedback,14,freitext,Ich hätte gern mehr Live-Termine.,2025-12-12T09:53:00Z
4916,50419,wochenfeedback,2,zufriedenheit_gesamt,4,2025-12-12T10:07:00Z
4917,50419,wochenfeedback,2,tempo,1,2025-12-12T10:07:00Z
3632,50317,wochenfeedback,10,zufriedenheit_gesamt,5,2025-12-12T10:39:00Z
3633,50317,wochenfeedback,10,tempo,4,2025-12-12T10:39:00Z
3634,50317,wochenfeedback,10,freitext,"<p>Die Videos sind gut, aber die Quizze sind zu leicht.</p>",2025-12-12T10:39:00Z
523,50051,wochenfeedback,10,zufriedenheit_gesamt,4,2025-12-12T11:17:00Z
524,50051,wochenfeedback,10,tempo,4,2025-12-12T11:17:00Z
553,50054,wochenfeedback,18,zufriedenheit_gesamt,3,2025-12-12T11:19:00Z
554,50054,wochenfeedback,18,tempo,3,2025-12-12T11:19:00Z
5191,50441,wochenfeedback,6,zufriedenheit_gesamt,2,2025-12-12T12:09:00Z
5192,50441,wochenfeedback,6,tempo,4,2025-12-12T12:09:00Z
5078,50434,wochenfeedback,2,zufriedenheit_gesamt,5,2025-12-12T12:22:00Z
5079,50434,wochenfeedback,2,tempo,5,2025-12-12T12:22:00Z
6878,50569,wochenfeedback,2,zufriedenheit_gesamt,4,2025-12-12T12:36:00Z
6879,50569,wochenfeedback,2,tempo,3,2025-12-12T12:36:00Z
6880,50569,wochenfeedback,2,freitext,"Sehr gute Betreuung, die Übungen sind praxisnah.",2025-12-12T12:36:00Z
6130,50505,wochenfeedback,30,zufriedenheit_gesamt,4,2025-12-12T12:51:00Z
6131,50505,wochenfeedback,30,tempo,4,2025-12-12T12:51:00Z
6981,50579,wochenfeedback,26,zufriedenheit_gesamt,4,2025-12-12T13:05:00Z
6982,50579,wochenfeedback,26,tempo,3,2025-12-12T13:05:00Z
6983,50579,wochenfeedback,26,freitext,"Sehr gute Betreuung, die Übungen sind praxisnah.",2025-12-12T13:05:00Z
6830,50565,wochenfeedback,2,zufriedenheit_gesamt,5,2025-12-12T13:14:00Z
6831,50565,wochenfeedback,2,tempo,2,2025-12-12T13:14:00Z
917,50085,wochenfeedback,6,zufriedenheit_gesamt,3,2025-12-12T13:37:00Z
918,50085,wochenfeedback,6,tempo,2,2025-12-12T13:37:00Z
4007,50347,wochenfeedback,58,zufriedenheit_gesamt,2,2025-12-12T14:04:00Z
4008,50347,wochenfeedback,58,tempo,5,2025-12-12T14:04:00Z
5687,50476,wochenfeedback,2,zufriedenheit_gesamt,2,2025-12-12T14:17:00Z
5688,50476,wochenfeedback,2,tempo,3,2025-12-12T14:17:00Z
5689,50476,wochenfeedback,2,freitext,"Das Tempo ist mir zu hoch, ich komme kaum hinterher.",2025-12-12T14:17:00Z
2542,50235,wochenfeedback,10,zufriedenheit_gesamt,5,2025-12-12T14:27:00Z
2543,50235,wochenfeedback,10,tempo,1,2025-12-12T14:27:00Z
2544,50235,wochenfeedback,10,freitext,"Tempo passt für mich, gerne mehr Praxisbeispiele.",2025-12-12T14:27:00Z
2960,50274,wochenfeedback,10,zufriedenheit_gesamt,4,2025-12-12T15:40:00Z
2961,50274,wochenfeedback,10,tempo,1,2025-12-12T15:40:00Z
1395,50126,wochenfeedback,14,zufriedenheit_gesamt,4,2025-12-12T15:41:00Z
1396,50126,wochenfeedback,14,tempo,5,2025-12-12T15:41:00Z
2181,50202,wochenfeedback,26,zufriedenheit_gesamt,2,2025-12-12T16:32:00Z
2182,50202,wochenfeedback,26,tempo,3,2025-12-12T16:32:00Z
2183,50202,wochenfeedback,26,freitext,Die Plattform hatte diese Woche mehrfach Ausfälle.,2025-12-12T16:32:00Z
1297,50118,wochenfeedback,18,zufriedenheit_gesamt,4,2025-12-12T16:37:00Z
1298,50118,wochenfeedback,18,tempo,1,2025-12-12T16:37:00Z
1299,50118,wochenfeedback,18,freitext,<p>Insgesamt <strong>sehr zufrieden</strong>.</p>,2025-12-12T16:37:00Z
575,50055,wochenfeedback,14,zufriedenheit_gesamt,5,2025-12-12T16:50:00Z
576,50055,wochenfeedback,14,tempo,4,2025-12-12T16:50:00Z
4221,50371,wochenfeedback,54,zufriedenheit_gesamt,4,2025-12-12T16:58:00Z
4222,50371,wochenfeedback,54,tempo,3,2025-12-12T16:58:00Z
1212,50112,wochenfeedback,10,zufriedenheit_gesamt,4,2025-12-12T17:21:00Z
1213,50112,wochenfeedback,10,tempo,5,2025-12-12T17:21:00Z
7418,50613,wochenfeedback,10,zufriedenheit_gesamt,2,2025-12-12T17:33:00Z
7419,50613,wochenfeedback,10,tempo,3,2025-12-12T17:33:00Z
6346,50526,wochenfeedback,2,zufriedenheit_gesamt,4,2025-12-12T17:46:00Z
6347,50526,wochenfeedback,2,tempo,4,2025-12-12T17:46:00Z
8232,50681,wochenfeedback,6,zufriedenheit_gesamt,4,2025-12-12T18:04:00Z
8233,50681,wochenfeedback,6,tempo,4,2025-12-12T18:04:00Z
783,50072,wochenfeedback,10,zufriedenheit_gesamt,5,2025-12-12T18:38:00Z
784,50072,wochenfeedback,10,tempo,3,2025-12-12T18:38:00Z
7755,50631,wochenfeedback,46,zufriedenheit_gesamt,5,2025-12-12T18:51:00Z
7756,50631,wochenfeedback,46,tempo,4,2025-12-12T18:51:00Z
7757,50631,wochenfeedback,46,freitext,"Sehr gute Betreuung, die Übungen sind praxisnah.",2025-12-12T18:51:00Z
8082,50670,abschlussfeedback,,nps,7,2025-12-13T22:00:00Z
8083,50670,abschlussfeedback,,zufriedenheit_coach,2,2025-12-13T22:00:00Z
8084,50670,abschlussfeedback,,weiterempfehlung_grund,Statistik-Modul ist zu theoretisch.,2025-12-13T22:00:00Z
3214,50288,abschlussfeedback,,nps,7,2025-12-18T01:00:00Z
3215,50288,abschlussfeedback,,zufriedenheit_coach,4,2025-12-18T01:00:00Z
3216,50288,abschlussfeedback,,weiterempfehlung_grund,Aufgabenstellungen sind teilweise unklar formuliert.,2025-12-18T01:00:00Z
4791,50407,wochenfeedback,19,zufriedenheit_gesamt,3,2025-12-19T07:21:00Z
4792,50407,wochenfeedback,19,tempo,2,2025-12-19T07:21:00Z
4793,50407,wochenfeedback,19,freitext,Die Plattform hatte diese Woche mehrfach Ausfälle.,2025-12-19T07:21:00Z
3407,50303,wochenfeedback,67,zufriedenheit_gesamt,4,2025-12-19T07:46:00Z
3408,50303,wochenfeedback,67,tempo,1,2025-12-19T07:46:00Z
4365,50379,wochenfeedback,51,zufriedenheit_gesamt,5,2025-12-19T07:48:00Z
4366,50379,wochenfeedback,51,tempo,1,2025-12-19T07:48:00Z
4367,50379,wochenfeedback,51,freitext,"Sehr gute Betreuung, die Übungen sind praxisnah.",2025-12-19T07:48:00Z
4223,50371,wochenfeedback,55,zufriedenheit_gesamt,5,2025-12-19T08:19:00Z
4224,50371,wochenfeedback,55,tempo,1,2025-12-19T08:19:00Z
3635,50317,wochenfeedback,11,zufriedenheit_gesamt,4,2025-12-19T08:43:00Z
3636,50317,wochenfeedback,11,tempo,4,2025-12-19T08:43:00Z
8234,50681,wochenfeedback,7,zufriedenheit_gesamt,5,2025-12-19T09:38:00Z
8235,50681,wochenfeedback,7,tempo,2,2025-12-19T09:38:00Z
1029,50094,wochenfeedback,55,zufriedenheit_gesamt,4,2025-12-19T09:44:00Z
1030,50094,wochenfeedback,55,tempo,3,2025-12-19T09:44:00Z
2474,50231,wochenfeedback,15,zufriedenheit_gesamt,5,2025-12-19T09:44:00Z
2475,50231,wochenfeedback,15,tempo,4,2025-12-19T09:44:00Z
1300,50118,wochenfeedback,19,zufriedenheit_gesamt,4,2025-12-19T09:46:00Z
1301,50118,wochenfeedback,19,tempo,2,2025-12-19T09:46:00Z
1302,50118,wochenfeedback,19,freitext,"Sehr gute Betreuung, die Übungen sind praxisnah.",2025-12-19T09:46:00Z
6415,50529,wochenfeedback,51,zufriedenheit_gesamt,4,2025-12-19T09:48:00Z
6416,50529,wochenfeedback,51,tempo,3,2025-12-19T09:48:00Z
8508,50701,wochenfeedback,7,zufriedenheit_gesamt,4,2025-12-19T09:48:00Z
8509,50701,wochenfeedback,7,tempo,4,2025-12-19T09:48:00Z
8510,50701,wochenfeedback,7,freitext,"Sehr gute Betreuung, die Übungen sind praxisnah.",2025-12-19T09:48:00Z
4618,50394,wochenfeedback,59,zufriedenheit_gesamt,2,2025-12-19T09:53:00Z
4619,50394,wochenfeedback,59,tempo,2,2025-12-19T09:53:00Z
4620,50394,wochenfeedback,59,freitext,Aufgabenstellungen sind teilweise unklar formuliert.,2025-12-19T09:53:00Z
7142,50595,wochenfeedback,3,zufriedenheit_gesamt,2,2025-12-19T10:06:00Z
7143,50595,wochenfeedback,3,tempo,3,2025-12-19T10:06:00Z
7144,50595,wochenfeedback,3,freitext,Statistik-Modul ist zu theoretisch.,2025-12-19T10:06:00Z
1825,50164,wochenfeedback,7,zufriedenheit_gesamt,5,2025-12-19T11:06:00Z
1826,50164,wochenfeedback,7,tempo,3,2025-12-19T11:06:00Z
922,50086,wochenfeedback,3,zufriedenheit_gesamt,2,2025-12-19T11:16:00Z
923,50086,wochenfeedback,3,tempo,4,2025-12-19T11:16:00Z
924,50086,wochenfeedback,3,freitext,Statistik-Modul ist zu theoretisch.,2025-12-19T11:16:00Z
3843,50338,wochenfeedback,27,zufriedenheit_gesamt,4,2025-12-19T11:37:00Z
3844,50338,wochenfeedback,27,tempo,3,2025-12-19T11:37:00Z
1332,50120,wochenfeedback,15,zufriedenheit_gesamt,2,2025-12-19T11:38:00Z
1333,50120,wochenfeedback,15,tempo,2,2025-12-19T11:38:00Z
1334,50120,wochenfeedback,15,freitext,Die Plattform hatte diese Woche mehrfach Ausfälle.,2025-12-19T11:38:00Z
5729,50479,wochenfeedback,27,zufriedenheit_gesamt,5,2025-12-19T12:04:00Z
5730,50479,wochenfeedback,27,tempo,3,2025-12-19T12:04:00Z
968,50092,wochenfeedback,3,zufriedenheit_gesamt,4,2025-12-19T12:11:00Z
969,50092,wochenfeedback,3,tempo,3,2025-12-19T12:11:00Z
970,50092,wochenfeedback,3,freitext,"Sehr gute Betreuung, die Übungen sind praxisnah.",2025-12-19T12:11:00Z
6304,50522,wochenfeedback,15,zufriedenheit_gesamt,5,2025-12-19T12:44:00Z
6305,50522,wochenfeedback,15,tempo,1,2025-12-19T12:44:00Z
6306,50522,wochenfeedback,15,freitext,Der Coach erklärt super verständlich.,2025-12-19T12:44:00Z
5240,50444,wochenfeedback,7,zufriedenheit_gesamt,5,2025-12-19T12:46:00Z
5241,50444,wochenfeedback,7,tempo,4,2025-12-19T12:46:00Z
7847,50643,wochenfeedback,11,zufriedenheit_gesamt,4,2025-12-19T13:01:00Z
7848,50643,wochenfeedback,11,tempo,3,2025-12-19T13:01:00Z
8495,50700,wochenfeedback,1,zufriedenheit_gesamt,5,2025-12-19T13:12:00Z
8496,50700,wochenfeedback,1,tempo,3,2025-12-19T13:12:00Z
2799,50256,wochenfeedback,3,zufriedenheit_gesamt,2,2025-12-19T13:16:00Z
2800,50256,wochenfeedback,3,tempo,4,2025-12-19T13:16:00Z
2801,50256,wochenfeedback,3,freitext,Statistik-Modul ist zu theoretisch.,2025-12-19T13:16:00Z
5350,50451,wochenfeedback,11,zufriedenheit_gesamt,5,2025-12-19T13:35:00Z
5351,50451,wochenfeedback,11,tempo,1,2025-12-19T13:35:00Z
5352,50451,wochenfeedback,11,freitext,"Sehr gute Betreuung, die Übungen sind praxisnah.",2025-12-19T13:35:00Z
2502,50233,wochenfeedback,19,zufriedenheit_gesamt,4,2025-12-19T13:52:00Z
2503,50233,wochenfeedback,19,tempo,5,2025-12-19T13:52:00Z
4843,50412,wochenfeedback,15,zufriedenheit_gesamt,5,2025-12-19T14:20:00Z
4844,50412,wochenfeedback,15,tempo,3,2025-12-19T14:20:00Z
5193,50441,wochenfeedback,7,zufriedenheit_gesamt,4,2025-12-19T14:48:00Z
5194,50441,wochenfeedback,7,tempo,2,2025-12-19T14:48:00Z
3001,50276,wochenfeedback,47,zufriedenheit_gesamt,3,2025-12-19T15:13:00Z
3002,50276,wochenfeedback,47,tempo,4,2025-12-19T15:13:00Z
3003,50276,wochenfeedback,47,freitext,<p>Insgesamt <strong>sehr zufrieden</strong>.</p>,2025-12-19T15:13:00Z
7498,50618,wochenfeedback,11,zufriedenheit_gesamt,3,2025-12-19T15:30:00Z
7499,50618,wochenfeedback,11,tempo,4,2025-12-19T15:30:00Z
7566,50620,wochenfeedback,67,zufriedenheit_gesamt,4,2025-12-19T16:14:00Z
7567,50620,wochenfeedback,67,tempo,5,2025-12-19T16:14:00Z
1143,50106,wochenfeedback,11,zufriedenheit_gesamt,4,2025-12-19T16:36:00Z
1144,50106,wochenfeedback,11,tempo,3,2025-12-19T16:36:00Z
4731,50402,wochenfeedback,1,zufriedenheit_gesamt,4,2025-12-19T16:45:00Z
4732,50402,wochenfeedback,1,tempo,3,2025-12-19T16:45:00Z
5530,50461,wochenfeedback,15,zufriedenheit_gesamt,4,2025-12-19T17:27:00Z
5531,50461,wochenfeedback,15,tempo,4,2025-12-19T17:27:00Z
5080,50434,wochenfeedback,3,zufriedenheit_gesamt,5,2025-12-19T17:34:00Z
5081,50434,wochenfeedback,3,tempo,1,2025-12-19T17:34:00Z
7206,50599,wochenfeedback,35,zufriedenheit_gesamt,2,2025-12-19T17:45:00Z
7207,50599,wochenfeedback,35,tempo,3,2025-12-19T17:45:00Z
6348,50526,wochenfeedback,3,zufriedenheit_gesamt,5,2025-12-19T18:04:00Z
6349,50526,wochenfeedback,3,tempo,4,2025-12-19T18:04:00Z
6350,50526,wochenfeedback,3,freitext,Der Coach erklärt super verständlich.,2025-12-19T18:04:00Z
8371,50692,wochenfeedback,63,zufriedenheit_gesamt,5,2025-12-19T18:11:00Z
8372,50692,wochenfeedback,63,tempo,2,2025-12-19T18:11:00Z
8373,50692,wochenfeedback,63,freitext,Die Live-Sessions sind Gold wert.,2025-12-19T18:11:00Z
2695,50247,wochenfeedback,31,zufriedenheit_gesamt,4,2025-12-19T18:24:00Z
2696,50247,wochenfeedback,31,tempo,3,2025-12-19T18:24:00Z
2697,50247,wochenfeedback,31,freitext,"Tempo passt für mich, gerne mehr Praxisbeispiele.",2025-12-19T18:24:00Z
5424,50453,wochenfeedback,27,zufriedenheit_gesamt,4,2025-12-19T18:28:00Z
5425,50453,wochenfeedback,27,tempo,5,2025-12-19T18:28:00Z
2045,50185,wochenfeedback,1,zufriedenheit_gesamt,5,2025-12-19T18:40:00Z
2046,50185,wochenfeedback,1,tempo,4,2025-12-19T18:40:00Z
1275,50117,wochenfeedback,3,zufriedenheit_gesamt,4,2025-12-19T18:58:00Z
1276,50117,wochenfeedback,3,tempo,3,2025-12-19T18:58:00Z
1277,50117,wochenfeedback,3,freitext,Der Coach erklärt super verständlich.,2025-12-19T18:58:00Z
5480,50457,abschlussfeedback,,nps,10,2025-12-19T23:00:00Z
5481,50457,abschlussfeedback,,zufriedenheit_coach,5,2025-12-19T23:00:00Z
5482,50457,abschlussfeedback,,weiterempfehlung_grund,Ich hätte gern mehr Live-Termine.,2025-12-19T23:00:00Z
8209,50678,abschlussfeedback,,nps,10,2025-12-20T20:00:00Z
8210,50678,abschlussfeedback,,zufriedenheit_coach,4,2025-12-20T20:00:00Z
8211,50678,abschlussfeedback,,weiterempfehlung_grund,"Das Tempo ist mir zu hoch, ich komme kaum hinterher.",2025-12-20T20:00:00Z
8212,50679,abschlussfeedback,,nps,9,2025-12-21T23:00:00Z
8213,50679,abschlussfeedback,,zufriedenheit_coach,4,2025-12-21T23:00:00Z
8214,50679,abschlussfeedback,,weiterempfehlung_grund,Zu wenig Feedback zu den Abgaben.,2025-12-21T23:00:00Z
4794,50407,abschlussfeedback,,nps,7,2025-12-22T06:00:00Z
4795,50407,abschlussfeedback,,zufriedenheit_coach,4,2025-12-22T06:00:00Z
4796,50407,abschlussfeedback,,weiterempfehlung_grund,Die Plattform hatte diese Woche mehrfach Ausfälle.,2025-12-22T06:00:00Z
4845,50412,abschlussfeedback,,nps,9,2025-12-22T16:00:00Z
4846,50412,abschlussfeedback,,zufriedenheit_coach,4,2025-12-22T16:00:00Z
4847,50412,abschlussfeedback,,weiterempfehlung_grund,Der Coach erklärt super verständlich.,2025-12-22T16:00:00Z
577,50055,abschlussfeedback,,nps,6,2025-12-25T05:00:00Z
578,50055,abschlussfeedback,,zufriedenheit_coach,3,2025-12-25T05:00:00Z
579,50055,abschlussfeedback,,weiterempfehlung_grund,"Sehr gute Betreuung, die Übungen sind praxisnah.",2025-12-25T05:00:00Z
5762,50480,abschlussfeedback,,nps,9,2025-12-26T01:00:00Z
5763,50480,abschlussfeedback,,zufriedenheit_coach,4,2025-12-26T01:00:00Z
5764,50480,abschlussfeedback,,weiterempfehlung_grund,Aufgabenstellungen sind teilweise unklar formuliert.,2025-12-26T01:00:00Z
3730,50325,abschlussfeedback,,nps,8,2025-12-26T05:00:00Z
3731,50325,abschlussfeedback,,zufriedenheit_coach,5,2025-12-26T05:00:00Z
3732,50325,abschlussfeedback,,weiterempfehlung_grund,"Top Inhalte, besonders das SQL-Modul.",2025-12-26T05:00:00Z
5955,50492,wochenfeedback,8,zufriedenheit_gesamt,2,2025-12-26T07:06:00Z
5956,50492,wochenfeedback,8,tempo,2,2025-12-26T07:06:00Z
5957,50492,wochenfeedback,8,freitext,Ich hätte gern mehr Live-Termine.,2025-12-26T07:06:00Z
7108,50590,wochenfeedback,4,zufriedenheit_gesamt,5,2025-12-26T07:19:00Z
7109,50590,wochenfeedback,4,tempo,3,2025-12-26T07:19:00Z
2545,50235,wochenfeedback,12,zufriedenheit_gesamt,4,2025-12-26T08:06:00Z
2546,50235,wochenfeedback,12,tempo,2,2025-12-26T08:06:00Z
2547,50235,wochenfeedback,12,freitext,Die Live-Sessions sind Gold wert.,2025-12-26T08:06:00Z
2217,50205,wochenfeedback,20,zufriedenheit_gesamt,5,2025-12-26T08:21:00Z
2218,50205,wochenfeedback,20,tempo,4,2025-12-26T08:21:00Z
2219,50205,wochenfeedback,20,freitext,"Top Inhalte, besonders das SQL-Modul.",2025-12-26T08:21:00Z
3845,50338,wochenfeedback,28,zufriedenheit_gesamt,5,2025-12-26T08:21:00Z
3846,50338,wochenfeedback,28,tempo,3,2025-12-26T08:21:00Z
2047,50185,wochenfeedback,2,zufriedenheit_gesamt,3,2025-12-26T08:22:00Z
2048,50185,wochenfeedback,2,tempo,4,2025-12-26T08:22:00Z
2049,50185,wochenfeedback,2,freitext,Aufgabenstellungen sind teilweise unklar formuliert.,2025-12-26T08:22:00Z
5242,50444,wochenfeedback,8,zufriedenheit_gesamt,5,2025-12-26T08:30:00Z
5243,50444,wochenfeedback,8,tempo,3,2025-12-26T08:30:00Z
5244,50444,wochenfeedback,8,freitext,"Sehr gute Betreuung, die Übungen sind praxisnah.",2025-12-26T08:30:00Z
3152,50285,wochenfeedback,28,zufriedenheit_gesamt,2,2025-12-26T08:57:00Z
3153,50285,wochenfeedback,28,tempo,3,2025-12-26T08:57:00Z
525,50051,wochenfeedback,12,zufriedenheit_gesamt,2,2025-12-26T09:06:00Z
526,50051,wochenfeedback,12,tempo,5,2025-12-26T09:06:00Z
527,50051,wochenfeedback,12,freitext,Ich hätte gern mehr Live-Termine.,2025-12-26T09:06:00Z
6881,50569,wochenfeedback,4,zufriedenheit_gesamt,5,2025-12-26T09:10:00Z
6882,50569,wochenfeedback,4,tempo,5,2025-12-26T09:10:00Z
4733,50402,wochenfeedback,2,zufriedenheit_gesamt,3,2025-12-26T09:19:00Z
4734,50402,wochenfeedback,2,tempo,5,2025-12-26T09:19:00Z
4735,50402,wochenfeedback,2,freitext,Statistik-Modul ist zu theoretisch.,2025-12-26T09:19:00Z
5195,50441,wochenfeedback,8,zufriedenheit_gesamt,5,2025-12-26T09:22:00Z
5196,50441,wochenfeedback,8,tempo,4,2025-12-26T09:22:00Z
6651,50550,wochenfeedback,40,zufriedenheit_gesamt,5,2025-12-26T09:39:00Z
6652,50550,wochenfeedback,40,tempo,3,2025-12-26T09:39:00Z
6653,50550,wochenfeedback,40,freitext,"<p>Die Videos sind gut, aber die Quizze sind zu leicht.</p>",2025-12-26T09:39:00Z
4253,50372,wochenfeedback,12,zufriedenheit_gesamt,5,2025-12-26T10:06:00Z
4254,50372,wochenfeedback,12,tempo,2,2025-12-26T10:06:00Z
7484,50617,wochenfeedback,12,zufriedenheit_gesamt,5,2025-12-26T10:19:00Z
7485,50617,wochenfeedback,12,tempo,2,2025-12-26T10:19:00Z
1816,50163,wochenfeedback,4,zufriedenheit_gesamt,1,2025-12-26T12:04:00Z
1817,50163,wochenfeedback,4,tempo,4,2025-12-26T12:04:00Z
3589,50313,wochenfeedback,20,zufriedenheit_gesamt,3,2025-12-26T12:11:00Z
3590,50313,wochenfeedback,20,tempo,4,2025-12-26T12:11:00Z
8422,50696,wochenfeedback,4,zufriedenheit_gesamt,4,2025-12-26T12:16:00Z
8423,50696,wochenfeedback,4,tempo,3,2025-12-26T12:16:00Z
8424,50696,wochenfeedback,4,freitext,Der Coach erklärt super verständlich.,2025-12-26T12:16:00Z
3673,50319,wochenfeedback,12,zufriedenheit_gesamt,5,2025-12-26T12:23:00Z
3674,50319,wochenfeedback,12,tempo,3,2025-12-26T12:23:00Z
3675,50319,wochenfeedback,12,freitext,Ich fühle mich gut vorbereitet.,2025-12-26T12:23:00Z
3946,50345,wochenfeedback,4,zufriedenheit_gesamt,4,2025-12-26T12:47:00Z
3947,50345,wochenfeedback,4,tempo,4,2025-12-26T12:47:00Z
7568,50620,wochenfeedback,68,zufriedenheit_gesamt,4,2025-12-26T13:19:00Z
7569,50620,wochenfeedback,68,tempo,3,2025-12-26T13:19:00Z
7570,50620,wochenfeedback,68,freitext,<p>Insgesamt <strong>sehr zufrieden</strong>.</p>,2025-12-26T13:19:00Z
1278,50117,wochenfeedback,4,zufriedenheit_gesamt,5,2025-12-26T13:28:00Z
1279,50117,wochenfeedback,4,tempo,3,2025-12-26T13:28:00Z
1280,50117,wochenfeedback,4,freitext,"Top Inhalte, besonders das SQL-Modul.",2025-12-26T13:28:00Z
6550,50541,wochenfeedback,8,zufriedenheit_gesamt,5,2025-12-26T13:34:00Z
6551,50541,wochenfeedback,8,tempo,1,2025-12-26T13:34:00Z
6552,50541,wochenfeedback,8,freitext,Ich fühle mich gut vorbereitet.,2025-12-26T13:34:00Z
925,50086,wochenfeedback,4,zufriedenheit_gesamt,5,2025-12-26T13:43:00Z
926,50086,wochenfeedback,4,tempo,4,2025-12-26T13:43:00Z
4877,50416,wochenfeedback,12,zufriedenheit_gesamt,5,2025-12-26T14:01:00Z
4878,50416,wochenfeedback,12,tempo,5,2025-12-26T14:01:00Z
7420,50613,wochenfeedback,12,zufriedenheit_gesamt,5,2025-12-26T14:06:00Z
7421,50613,wochenfeedback,12,tempo,3,2025-12-26T14:06:00Z
7422,50613,wochenfeedback,12,freitext,"Top Inhalte, besonders das SQL-Modul.",2025-12-26T14:06:00Z
3112,50283,wochenfeedback,8,zufriedenheit_gesamt,4,2025-12-26T14:53:00Z
3113,50283,wochenfeedback,8,tempo,4,2025-12-26T14:53:00Z
3114,50283,wochenfeedback,8,freitext,Die Live-Sessions sind Gold wert.,2025-12-26T14:53:00Z
7758,50631,wochenfeedback,48,zufriedenheit_gesamt,5,2025-12-26T15:15:00Z
7759,50631,wochenfeedback,48,tempo,4,2025-12-26T15:15:00Z
1214,50112,wochenfeedback,12,zufriedenheit_gesamt,3,2025-12-26T15:30:00Z
1215,50112,wochenfeedback,12,tempo,1,2025-12-26T15:30:00Z
5540,50462,wochenfeedback,16,zufriedenheit_gesamt,4,2025-12-26T16:07:00Z
5541,50462,wochenfeedback,16,tempo,5,2025-12-26T16:07:00Z
8511,50701,wochenfeedback,8,zufriedenheit_gesamt,5,2025-12-26T16:13:00Z
8512,50701,wochenfeedback,8,tempo,3,2025-12-26T16:13:00Z
2440,50229,wochenfeedback,4,zufriedenheit_gesamt,5,2025-12-26T16:46:00Z
2441,50229,wochenfeedback,4,tempo,2,2025-12-26T16:46:00Z
2732,50250,wochenfeedback,4,zufriedenheit_gesamt,4,2025-12-26T16:55:00Z
2733,50250,wochenfeedback,4,tempo,4,2025-12-26T16:55:00Z
2734,50250,wochenfeedback,4,freitext,"Tempo passt für mich, gerne mehr Praxisbeispiele.",2025-12-26T16:55:00Z
8374,50692,wochenfeedback,64,zufriedenheit_gesamt,4,2025-12-26T16:59:00Z
8375,50692,wochenfeedback,64,tempo,4,2025-12-26T16:59:00Z
349,50033,wochenfeedback,12,zufriedenheit_gesamt,5,2025-12-26T17:06:00Z
350,50033,wochenfeedback,12,tempo,4,2025-12-26T17:06:00Z
2962,50274,wochenfeedback,12,zufriedenheit_gesamt,1,2025-12-26T17:16:00Z
2963,50274,wochenfeedback,12,tempo,3,2025-12-26T17:16:00Z
2964,50274,wochenfeedback,12,freitext,Zu wenig Feedback zu den Abgaben.,2025-12-26T17:16:00Z
5893,50488,wochenfeedback,8,zufriedenheit_gesamt,3,2025-12-26T17:32:00Z
5894,50488,wochenfeedback,8,tempo,3,2025-12-26T17:32:00Z
5895,50488,wochenfeedback,8,freitext,Aufgabenstellungen sind teilweise unklar formuliert.,2025-12-26T17:32:00Z
8293,50687,wochenfeedback,28,zufriedenheit_gesamt,2,2025-12-26T17:42:00Z
8294,50687,wochenfeedback,28,tempo,4,2025-12-26T17:42:00Z
3268,50296,wochenfeedback,12,zufriedenheit_gesamt,4,2025-12-26T17:46:00Z
3269,50296,wochenfeedback,12,tempo,1,2025-12-26T17:46:00Z
3270,50296,wochenfeedback,12,freitext,Der Coach erklärt super verständlich.,2025-12-26T17:46:00Z
1397,50126,abschlussfeedback,,nps,10,2025-12-26T18:00:00Z
1398,50126,abschlussfeedback,,zufriedenheit_coach,4,2025-12-26T18:00:00Z
1399,50126,abschlussfeedback,,weiterempfehlung_grund,Der Coach erklärt super verständlich.,2025-12-26T18:00:00Z
7322,50610,wochenfeedback,2,zufriedenheit_gesamt,4,2025-12-26T18:29:00Z
7323,50610,wochenfeedback,2,tempo,3,2025-12-26T18:29:00Z
7324,50610,wochenfeedback,2,freitext,Ich fühle mich gut vorbereitet.,2025-12-26T18:29:00Z
7649,50624,abschlussfeedback,,nps,8,2025-12-27T01:00:00Z
7650,50624,abschlussfeedback,,zufriedenheit_coach,5,2025-12-27T01:00:00Z
7651,50624,abschlussfeedback,,weiterempfehlung_grund,Ich fühle mich gut vorbereitet.,2025-12-27T01:00:00Z
1138,50105,abschlussfeedback,,nps,8,2025-12-27T20:00:00Z
1139,50105,abschlussfeedback,,zufriedenheit_coach,5,2025-12-27T20:00:00Z
1140,50105,abschlussfeedback,,weiterempfehlung_grund,"Sehr gute Betreuung, die Übungen sind praxisnah.",2025-12-27T20:00:00Z
5532,50461,abschlussfeedback,,nps,9,2025-12-28T18:00:00Z
5533,50461,abschlussfeedback,,zufriedenheit_coach,2,2025-12-28T18:00:00Z
5534,50461,abschlussfeedback,,weiterempfehlung_grund,Statistik-Modul ist zu theoretisch.,2025-12-28T18:00:00Z
7036,50582,abschlussfeedback,,nps,6,2025-12-28T20:00:00Z
7037,50582,abschlussfeedback,,zufriedenheit_coach,5,2025-12-28T20:00:00Z
7038,50582,abschlussfeedback,,weiterempfehlung_grund,"Das Tempo ist mir zu hoch, ich komme kaum hinterher.",2025-12-28T20:00:00Z
7135,50593,abschlussfeedback,,nps,9,2025-12-31T02:00:00Z
7136,50593,abschlussfeedback,,zufriedenheit_coach,5,2025-12-31T02:00:00Z
7137,50593,abschlussfeedback,,weiterempfehlung_grund,Aufgabenstellungen sind teilweise unklar formuliert.,2025-12-31T02:00:00Z
6871,50568,wochenfeedback,9,zufriedenheit_gesamt,4,2026-01-02T07:03:00Z
6872,50568,wochenfeedback,9,tempo,5,2026-01-02T07:03:00Z
7325,50610,wochenfeedback,3,zufriedenheit_gesamt,3,2026-01-02T08:30:00Z
7326,50610,wochenfeedback,3,tempo,4,2026-01-02T08:30:00Z
6553,50541,wochenfeedback,9,zufriedenheit_gesamt,4,2026-01-02T08:58:00Z
6554,50541,wochenfeedback,9,tempo,3,2026-01-02T08:58:00Z
1216,50112,wochenfeedback,13,zufriedenheit_gesamt,2,2026-01-02T09:14:00Z
1217,50112,wochenfeedback,13,tempo,1,2026-01-02T09:14:00Z
7048,50585,wochenfeedback,1,zufriedenheit_gesamt,2,2026-01-02T09:14:00Z
7049,50585,wochenfeedback,1,tempo,4,2026-01-02T09:14:00Z
7050,50585,wochenfeedback,1,freitext,Aufgabenstellungen sind teilweise unklar formuliert.,2026-01-02T09:14:00Z
2504,50233,wochenfeedback,21,zufriedenheit_gesamt,2,2026-01-02T09:33:00Z
2505,50233,wochenfeedback,21,tempo,4,2026-01-02T09:33:00Z
2506,50233,wochenfeedback,21,freitext,Ich hätte gern mehr Live-Termine.,2026-01-02T09:33:00Z
8165,50675,wochenfeedback,21,zufriedenheit_gesamt,5,2026-01-02T09:39:00Z
8166,50675,wochenfeedback,21,tempo,5,2026-01-02T09:39:00Z
8167,50675,wochenfeedback,21,freitext,"Sehr gute Betreuung, die Übungen sind praxisnah.",2026-01-02T09:39:00Z
2698,50247,wochenfeedback,33,zufriedenheit_gesamt,4,2026-01-02T10:45:00Z
2699,50247,wochenfeedback,33,tempo,4,2026-01-02T10:45:00Z
2700,50247,wochenfeedback,33,freitext,"<p>Die Videos sind gut, aber die Quizze sind zu leicht.</p>",2026-01-02T10:45:00Z
1145,50106,wochenfeedback,13,zufriedenheit_gesamt,4,2026-01-02T10:56:00Z
1146,50106,wochenfeedback,13,tempo,2,2026-01-02T10:56:00Z
1147,50106,wochenfeedback,13,freitext,"Top Inhalte, besonders das SQL-Modul.",2026-01-02T10:56:00Z
4670,50396,wochenfeedback,29,zufriedenheit_gesamt,4,2026-01-02T11:04:00Z
4671,50396,wochenfeedback,29,tempo,3,2026-01-02T11:04:00Z
5353,50451,wochenfeedback,13,zufriedenheit_gesamt,3,2026-01-02T11:04:00Z
5354,50451,wochenfeedback,13,tempo,3,2026-01-02T11:04:00Z
5355,50451,wochenfeedback,13,freitext,Zu wenig Feedback zu den Abgaben.,2026-01-02T11:04:00Z
3905,50343,wochenfeedback,1,zufriedenheit_gesamt,2,2026-01-02T11:15:00Z
3906,50343,wochenfeedback,1,tempo,2,2026-01-02T11:15:00Z
3271,50296,wochenfeedback,13,zufriedenheit_gesamt,4,2026-01-02T11:44:00Z
3272,50296,wochenfeedback,13,tempo,3,2026-01-02T11:44:00Z
3916,50344,wochenfeedback,9,zufriedenheit_gesamt,5,2026-01-02T11:52:00Z
3917,50344,wochenfeedback,9,tempo,3,2026-01-02T11:52:00Z
5805,50481,wochenfeedback,57,zufriedenheit_gesamt,5,2026-01-02T12:33:00Z
5806,50481,wochenfeedback,57,tempo,4,2026-01-02T12:33:00Z
5807,50481,wochenfeedback,57,freitext,"Top Inhalte, besonders das SQL-Modul.",2026-01-02T12:33:00Z
5652,50474,wochenfeedback,1,zufriedenheit_gesamt,4,2026-01-02T12:42:00Z
5653,50474,wochenfeedback,1,tempo,4,2026-01-02T12:42:00Z
5542,50462,wochenfeedback,17,zufriedenheit_gesamt,4,2026-01-02T12:43:00Z
5543,50462,wochenfeedback,17,tempo,1,2026-01-02T12:43:00Z
5544,50462,wochenfeedback,17,freitext,Die Live-Sessions sind Gold wert.,2026-01-02T12:43:00Z
2735,50250,wochenfeedback,5,zufriedenheit_gesamt,3,2026-01-02T12:50:00Z
2736,50250,wochenfeedback,5,tempo,4,2026-01-02T12:50:00Z
2737,50250,wochenfeedback,5,freitext,"Das Tempo ist mir zu hoch, ich komme kaum hinterher.",2026-01-02T12:50:00Z
4255,50372,wochenfeedback,13,zufriedenheit_gesamt,2,2026-01-02T13:27:00Z
4256,50372,wochenfeedback,13,tempo,2,2026-01-02T13:27:00Z
4257,50372,wochenfeedback,13,freitext,Aufgabenstellungen sind teilweise unklar formuliert.,2026-01-02T13:27:00Z
8425,50696,wochenfeedback,5,zufriedenheit_gesamt,4,2026-01-02T13:59:00Z
8426,50696,wochenfeedback,5,tempo,4,2026-01-02T13:59:00Z
8427,50696,wochenfeedback,5,freitext,"Tempo passt für mich, gerne mehr Praxisbeispiele.",2026-01-02T13:59:00Z
8513,50701,wochenfeedback,9,zufriedenheit_gesamt,5,2026-01-02T14:04:00Z
8514,50701,wochenfeedback,9,tempo,5,2026-01-02T14:04:00Z
7571,50620,wochenfeedback,69,zufriedenheit_gesamt,5,2026-01-02T14:27:00Z
7572,50620,wochenfeedback,69,tempo,3,2026-01-02T14:27:00Z
8236,50681,wochenfeedback,9,zufriedenheit_gesamt,4,2026-01-02T15:11:00Z
8237,50681,wochenfeedback,9,tempo,1,2026-01-02T15:11:00Z
6351,50526,wochenfeedback,5,zufriedenheit_gesamt,5,2026-01-02T15:15:00Z
6352,50526,wochenfeedback,5,tempo,1,2026-01-02T15:15:00Z
5277,50447,wochenfeedback,21,zufriedenheit_gesamt,4,2026-01-02T15:35:00Z
5278,50447,wochenfeedback,21,tempo,3,2026-01-02T15:35:00Z
737,50068,wochenfeedback,5,zufriedenheit_gesamt,2,2026-01-02T15:42:00Z
738,50068,wochenfeedback,5,tempo,3,2026-01-02T15:42:00Z
739,50068,wochenfeedback,5,freitext,"<p>Die Videos sind gut, aber die Quizze sind zu leicht.</p>",2026-01-02T15:42:00Z
1818,50163,wochenfeedback,5,zufriedenheit_gesamt,2,2026-01-02T16:08:00Z
1819,50163,wochenfeedback,5,tempo,5,2026-01-02T16:08:00Z
5082,50434,wochenfeedback,5,zufriedenheit_gesamt,5,2026-01-02T16:31:00Z
5083,50434,wochenfeedback,5,tempo,2,2026-01-02T16:31:00Z
4009,50347,wochenfeedback,61,zufriedenheit_gesamt,4,2026-01-02T16:48:00Z
4010,50347,wochenfeedback,61,tempo,3,2026-01-02T16:48:00Z
971,50092,wochenfeedback,5,zufriedenheit_gesamt,5,2026-01-02T16:55:00Z
972,50092,wochenfeedback,5,tempo,2,2026-01-02T16:55:00Z
3948,50345,wochenfeedback,5,zufriedenheit_gesamt,4,2026-01-02T17:17:00Z
3949,50345,wochenfeedback,5,tempo,3,2026-01-02T17:17:00Z
2111,50196,wochenfeedback,1,zufriedenheit_gesamt,4,2026-01-02T18:05:00Z
2112,50196,wochenfeedback,1,tempo,4,2026-01-02T18:05:00Z
1437,50133,wochenfeedback,5,zufriedenheit_gesamt,4,2026-01-02T18:23:00Z
1438,50133,wochenfeedback,5,tempo,3,2026-01-02T18:23:00Z
6132,50505,wochenfeedback,33,zufriedenheit_gesamt,4,2026-01-02T18:43:00Z
6133,50505,wochenfeedback,33,tempo,4,2026-01-02T18:43:00Z
1031,50094,wochenfeedback,58,zufriedenheit_gesamt,4,2026-01-09T07:18:00Z
1032,50094,wochenfeedback,58,tempo,2,2026-01-09T07:18:00Z
5654,50474,wochenfeedback,2,zufriedenheit_gesamt,5,2026-01-09T07:31:00Z
5655,50474,wochenfeedback,2,tempo,5,2026-01-09T07:31:00Z
4918,50419,wochenfeedback,6,zufriedenheit_gesamt,5,2026-01-09T08:10:00Z
4919,50419,wochenfeedback,6,tempo,4,2026-01-09T08:10:00Z
2220,50205,wochenfeedback,22,zufriedenheit_gesamt,5,2026-01-09T08:14:00Z
2221,50205,wochenfeedback,22,tempo,3,2026-01-09T08:14:00Z
2222,50205,wochenfeedback,22,freitext,Die Live-Sessions sind Gold wert.,2026-01-09T08:14:00Z
6555,50541,wochenfeedback,10,zufriedenheit_gesamt,5,2026-01-09T08:24:00Z
6556,50541,wochenfeedback,10,tempo,4,2026-01-09T08:24:00Z
6557,50541,wochenfeedback,10,freitext,Die Live-Sessions sind Gold wert.,2026-01-09T08:24:00Z
8428,50696,wochenfeedback,6,zufriedenheit_gesamt,2,2026-01-09T08:28:00Z
8429,50696,wochenfeedback,6,tempo,1,2026-01-09T08:28:00Z
1218,50112,wochenfeedback,14,zufriedenheit_gesamt,2,2026-01-09T08:56:00Z
1219,50112,wochenfeedback,14,tempo,1,2026-01-09T08:56:00Z
1220,50112,wochenfeedback,14,freitext,"Das Tempo ist mir zu hoch, ich komme kaum hinterher.",2026-01-09T08:56:00Z
1499,50138,wochenfeedback,18,zufriedenheit_gesamt,5,2026-01-09T09:03:00Z
1500,50138,wochenfeedback,18,tempo,2,2026-01-09T09:03:00Z
7051,50585,wochenfeedback,2,zufriedenheit_gesamt,5,2026-01-09T09:11:00Z
7052,50585,wochenfeedback,2,tempo,2,2026-01-09T09:11:00Z
1820,50163,wochenfeedback,6,zufriedenheit_gesamt,2,2026-01-09T09:27:00Z
1821,50163,wochenfeedback,6,tempo,5,2026-01-09T09:27:00Z
3907,50343,wochenfeedback,2,zufriedenheit_gesamt,1,2026-01-09T09:32:00Z
3908,50343,wochenfeedback,2,tempo,3,2026-01-09T09:32:00Z
3909,50343,wochenfeedback,2,freitext,Ich hätte gern mehr Live-Termine.,2026-01-09T09:32:00Z
4122,50365,wochenfeedback,18,zufriedenheit_gesamt,5,2026-01-09T09:54:00Z
4123,50365,wochenfeedback,18,tempo,3,2026-01-09T09:54:00Z
2184,50202,wochenfeedback,30,zufriedenheit_gesamt,5,2026-01-09T10:01:00Z
2185,50202,wochenfeedback,30,tempo,4,2026-01-09T10:01:00Z
2507,50233,wochenfeedback,22,zufriedenheit_gesamt,5,2026-01-09T10:01:00Z
2508,50233,wochenfeedback,22,tempo,3,2026-01-09T10:01:00Z
5545,50462,wochenfeedback,18,zufriedenheit_gesamt,3,2026-01-09T10:03:00Z
5546,50462,wochenfeedback,18,tempo,3,2026-01-09T10:03:00Z
3538,50311,wochenfeedback,14,zufriedenheit_gesamt,4,2026-01-09T12:55:00Z
3539,50311,wochenfeedback,14,tempo,2,2026-01-09T12:55:00Z
3540,50311,wochenfeedback,14,freitext,Die Live-Sessions sind Gold wert.,2026-01-09T12:55:00Z
2839,50258,wochenfeedback,22,zufriedenheit_gesamt,3,2026-01-09T13:09:00Z
2840,50258,wochenfeedback,22,tempo,5,2026-01-09T13:09:00Z
1403,50129,wochenfeedback,10,zufriedenheit_gesamt,4,2026-01-09T13:16:00Z
1404,50129,wochenfeedback,10,tempo,4,2026-01-09T13:16:00Z
1405,50129,wochenfeedback,10,freitext,"Sehr gute Betreuung, die Übungen sind praxisnah.",2026-01-09T13:16:00Z
5961,50493,wochenfeedback,2,zufriedenheit_gesamt,5,2026-01-09T13:35:00Z
5962,50493,wochenfeedback,2,tempo,1,2026-01-09T13:35:00Z
1642,50148,wochenfeedback,6,zufriedenheit_gesamt,4,2026-01-09T14:04:00Z
1643,50148,wochenfeedback,6,tempo,5,2026-01-09T14:04:00Z
1644,50148,wochenfeedback,6,freitext,Der Coach erklärt super verständlich.,2026-01-09T14:04:00Z
4039,50354,wochenfeedback,2,zufriedenheit_gesamt,4,2026-01-09T14:04:00Z
4040,50354,wochenfeedback,2,tempo,5,2026-01-09T14:04:00Z
4041,50354,wochenfeedback,2,freitext,"Tempo passt für mich, gerne mehr Praxisbeispiele.",2026-01-09T14:04:00Z
2548,50235,wochenfeedback,14,zufriedenheit_gesamt,4,2026-01-09T14:12:00Z
2549,50235,wochenfeedback,14,tempo,3,2026-01-09T14:12:00Z
6353,50526,wochenfeedback,6,zufriedenheit_gesamt,4,2026-01-09T14:16:00Z
6354,50526,wochenfeedback,6,tempo,5,2026-01-09T14:16:00Z
4621,50394,wochenfeedback,62,zufriedenheit_gesamt,3,2026-01-09T15:00:00Z
4622,50394,wochenfeedback,62,tempo,4,2026-01-09T15:00:00Z
2113,50196,wochenfeedback,2,zufriedenheit_gesamt,5,2026-01-09T15:03:00Z
2114,50196,wochenfeedback,2,tempo,1,2026-01-09T15:03:00Z
2050,50185,wochenfeedback,4,zufriedenheit_gesamt,3,2026-01-09T15:26:00Z
2051,50185,wochenfeedback,4,tempo,3,2026-01-09T15:26:00Z
2052,50185,wochenfeedback,4,freitext,Aufgabenstellungen sind teilweise unklar formuliert.,2026-01-09T15:26:00Z
785,50072,wochenfeedback,14,zufriedenheit_gesamt,5,2026-01-09T16:10:00Z
786,50072,wochenfeedback,14,tempo,3,2026-01-09T16:10:00Z
4011,50347,wochenfeedback,62,zufriedenheit_gesamt,2,2026-01-09T17:03:00Z
4012,50347,wochenfeedback,62,tempo,2,2026-01-09T17:03:00Z
4013,50347,wochenfeedback,62,freitext,Statistik-Modul ist zu theoretisch.,2026-01-09T17:03:00Z
1533,50140,wochenfeedback,2,zufriedenheit_gesamt,2,2026-01-09T17:37:00Z
1534,50140,wochenfeedback,2,tempo,2,2026-01-09T17:37:00Z
1535,50140,wochenfeedback,2,freitext,Die Plattform hatte diese Woche mehrfach Ausfälle.,2026-01-09T17:37:00Z
351,50033,wochenfeedback,14,zufriedenheit_gesamt,3,2026-01-09T17:46:00Z
352,50033,wochenfeedback,14,tempo,2,2026-01-09T17:46:00Z
3918,50344,wochenfeedback,10,zufriedenheit_gesamt,5,2026-01-09T18:17:00Z
3919,50344,wochenfeedback,10,tempo,4,2026-01-09T18:17:00Z
3920,50344,wochenfeedback,10,freitext,"Top Inhalte, besonders das SQL-Modul.",2026-01-09T18:17:00Z
2865,50260,wochenfeedback,2,zufriedenheit_gesamt,4,2026-01-09T18:20:00Z
2866,50260,wochenfeedback,2,tempo,4,2026-01-09T18:20:00Z
5958,50492,abschlussfeedback,,nps,9,2026-01-13T08:00:00Z
5959,50492,abschlussfeedback,,zufriedenheit_coach,2,2026-01-13T08:00:00Z
5960,50492,abschlussfeedback,,weiterempfehlung_grund,"Sehr gute Betreuung, die Übungen sind praxisnah.",2026-01-13T08:00:00Z
5245,50444,wochenfeedback,11,zufriedenheit_gesamt,2,2026-01-16T07:54:00Z
5246,50444,wochenfeedback,11,tempo,3,2026-01-16T07:54:00Z
5247,50444,wochenfeedback,11,freitext,"Das Tempo ist mir zu hoch, ich komme kaum hinterher.",2026-01-16T07:54:00Z
7901,50649,wochenfeedback,15,zufriedenheit_gesamt,5,2026-01-16T08:20:00Z
7902,50649,wochenfeedback,15,tempo,5,2026-01-16T08:20:00Z
7903,50649,wochenfeedback,15,freitext,Ich fühle mich gut vorbereitet.,2026-01-16T08:20:00Z
5431,50454,wochenfeedback,5,zufriedenheit_gesamt,5,2026-01-16T08:41:00Z
5432,50454,wochenfeedback,5,tempo,4,2026-01-16T08:41:00Z
5433,50454,wochenfeedback,5,freitext,<p>Insgesamt <strong>sehr zufrieden</strong>.</p>,2026-01-16T08:41:00Z
4042,50354,wochenfeedback,3,zufriedenheit_gesamt,3,2026-01-16T08:51:00Z
4043,50354,wochenfeedback,3,tempo,2,2026-01-16T08:51:00Z
4044,50354,wochenfeedback,3,freitext,Ich hätte gern mehr Live-Termine.,2026-01-16T08:51:00Z
5084,50434,wochenfeedback,7,zufriedenheit_gesamt,4,2026-01-16T09:24:00Z
5085,50434,wochenfeedback,7,tempo,3,2026-01-16T09:24:00Z
6984,50579,wochenfeedback,31,zufriedenheit_gesamt,4,2026-01-16T09:41:00Z
6985,50579,wochenfeedback,31,tempo,1,2026-01-16T09:41:00Z
4623,50394,wochenfeedback,63,zufriedenheit_gesamt,5,2026-01-16T10:10:00Z
4624,50394,wochenfeedback,63,tempo,4,2026-01-16T10:10:00Z
1406,50129,wochenfeedback,11,zufriedenheit_gesamt,5,2026-01-16T11:09:00Z
1407,50129,wochenfeedback,11,tempo,1,2026-01-16T11:09:00Z
3249,50294,wochenfeedback,15,zufriedenheit_gesamt,2,2026-01-16T11:15:00Z
3250,50294,wochenfeedback,15,tempo,5,2026-01-16T11:15:00Z
2509,50233,wochenfeedback,23,zufriedenheit_gesamt,4,2026-01-16T11:20:00Z
2510,50233,wochenfeedback,23,tempo,1,2026-01-16T11:20:00Z
6933,50574,wochenfeedback,11,zufriedenheit_gesamt,2,2026-01-16T11:21:00Z
6934,50574,wochenfeedback,11,tempo,3,2026-01-16T11:21:00Z
8430,50696,wochenfeedback,7,zufriedenheit_gesamt,3,2026-01-16T11:29:00Z
8431,50696,wochenfeedback,7,tempo,2,2026-01-16T11:29:00Z
80,50007,wochenfeedback,3,zufriedenheit_gesamt,2,2026-01-16T11:57:00Z
81,50007,wochenfeedback,3,tempo,2,2026-01-16T11:57:00Z
82,50007,wochenfeedback,3,freitext,Aufgabenstellungen sind teilweise unklar formuliert.,2026-01-16T11:57:00Z
3409,50303,wochenfeedback,71,zufriedenheit_gesamt,3,2026-01-16T12:05:00Z
3410,50303,wochenfeedback,71,tempo,2,2026-01-16T12:05:00Z
8515,50701,wochenfeedback,11,zufriedenheit_gesamt,5,2026-01-16T12:07:00Z
8516,50701,wochenfeedback,11,tempo,2,2026-01-16T12:07:00Z
4805,50408,wochenfeedback,19,zufriedenheit_gesamt,4,2026-01-16T12:16:00Z
4806,50408,wochenfeedback,19,tempo,5,2026-01-16T12:16:00Z
8066,50668,wochenfeedback,15,zufriedenheit_gesamt,5,2026-01-16T12:32:00Z
8067,50668,wochenfeedback,15,tempo,3,2026-01-16T12:32:00Z
6558,50541,wochenfeedback,11,zufriedenheit_gesamt,4,2026-01-16T13:13:00Z
6559,50541,wochenfeedback,11,tempo,4,2026-01-16T13:13:00Z
2010,50181,wochenfeedback,3,zufriedenheit_gesamt,3,2026-01-16T13:14:00Z
2011,50181,wochenfeedback,3,tempo,3,2026-01-16T13:14:00Z
2012,50181,wochenfeedback,3,freitext,Ich hätte gern mehr Live-Termine.,2026-01-16T13:14:00Z
1335,50120,wochenfeedback,19,zufriedenheit_gesamt,4,2026-01-16T13:36:00Z
1336,50120,wochenfeedback,19,tempo,3,2026-01-16T13:36:00Z
1536,50140,wochenfeedback,3,zufriedenheit_gesamt,3,2026-01-16T13:39:00Z
1537,50140,wochenfeedback,3,tempo,4,2026-01-16T13:39:00Z
7379,50612,wochenfeedback,43,zufriedenheit_gesamt,4,2026-01-16T14:00:00Z
7380,50612,wochenfeedback,43,tempo,3,2026-01-16T14:00:00Z
4494,50389,wochenfeedback,3,zufriedenheit_gesamt,2,2026-01-16T14:17:00Z
4495,50389,wochenfeedback,3,tempo,1,2026-01-16T14:17:00Z
4496,50389,wochenfeedback,3,freitext,Statistik-Modul ist zu theoretisch.,2026-01-16T14:17:00Z
1439,50133,wochenfeedback,7,zufriedenheit_gesamt,5,2026-01-16T15:05:00Z
1440,50133,wochenfeedback,7,tempo,3,2026-01-16T15:05:00Z
1441,50133,wochenfeedback,7,freitext,Ich fühle mich gut vorbereitet.,2026-01-16T15:05:00Z
5426,50453,wochenfeedback,31,zufriedenheit_gesamt,4,2026-01-16T15:05:00Z
5427,50453,wochenfeedback,31,tempo,1,2026-01-16T15:05:00Z
2956,50272,wochenfeedback,39,zufriedenheit_gesamt,5,2026-01-16T15:26:00Z
2957,50272,wochenfeedback,39,tempo,3,2026-01-16T15:26:00Z
6355,50526,wochenfeedback,7,zufriedenheit_gesamt,2,2026-01-16T15:43:00Z
6356,50526,wochenfeedback,7,tempo,4,2026-01-16T15:43:00Z
4225,50371,wochenfeedback,59,zufriedenheit_gesamt,5,2026-01-16T16:09:00Z
4226,50371,wochenfeedback,59,tempo,3,2026-01-16T16:09:00Z
740,50068,wochenfeedback,7,zufriedenheit_gesamt,4,2026-01-16T16:18:00Z
741,50068,wochenfeedback,7,tempo,3,2026-01-16T16:18:00Z
392,50034,wochenfeedback,35,zufriedenheit_gesamt,4,2026-01-16T16:22:00Z
393,50034,wochenfeedback,35,tempo,4,2026-01-16T16:22:00Z
394,50034,wochenfeedback,35,freitext,Ich fühle mich gut vorbereitet.,2026-01-16T16:22:00Z
1645,50148,wochenfeedback,7,zufriedenheit_gesamt,5,2026-01-16T17:05:00Z
1646,50148,wochenfeedback,7,tempo,4,2026-01-16T17:05:00Z
1148,50106,wochenfeedback,15,zufriedenheit_gesamt,5,2026-01-16T17:19:00Z
1149,50106,wochenfeedback,15,tempo,4,2026-01-16T17:19:00Z
1150,50106,wochenfeedback,15,freitext,Die Live-Sessions sind Gold wert.,2026-01-16T17:19:00Z
5808,50481,wochenfeedback,59,zufriedenheit_gesamt,5,2026-01-16T17:19:00Z
5809,50481,wochenfeedback,59,tempo,3,2026-01-16T17:19:00Z
3004,50276,wochenfeedback,51,zufriedenheit_gesamt,4,2026-01-16T17:29:00Z
3005,50276,wochenfeedback,51,tempo,2,2026-01-16T17:29:00Z
1827,50164,wochenfeedback,11,zufriedenheit_gesamt,4,2026-01-16T17:39:00Z
1828,50164,wochenfeedback,11,tempo,3,2026-01-16T17:39:00Z
1829,50164,wochenfeedback,11,freitext,"Sehr gute Betreuung, die Übungen sind praxisnah.",2026-01-16T17:39:00Z
2442,50229,wochenfeedback,7,zufriedenheit_gesamt,5,2026-01-16T17:40:00Z
2443,50229,wochenfeedback,7,tempo,3,2026-01-16T17:40:00Z
4879,50416,wochenfeedback,15,zufriedenheit_gesamt,4,2026-01-16T17:51:00Z
4880,50416,wochenfeedback,15,tempo,1,2026-01-16T17:51:00Z
485,50044,wochenfeedback,7,zufriedenheit_gesamt,4,2026-01-16T18:33:00Z
486,50044,wochenfeedback,7,tempo,5,2026-01-16T18:33:00Z
487,50044,abschlussfeedback,,nps,7,2026-01-19T23:00:00Z
488,50044,abschlussfeedback,,zufriedenheit_coach,5,2026-01-19T23:00:00Z
489,50044,abschlussfeedback,,weiterempfehlung_grund,Die Plattform hatte diese Woche mehrfach Ausfälle.,2026-01-19T23:00:00Z
2186,50202,abschlussfeedback,,nps,8,2026-01-20T03:00:00Z
2187,50202,abschlussfeedback,,zufriedenheit_coach,2,2026-01-20T03:00:00Z
2188,50202,abschlussfeedback,,weiterempfehlung_grund,Aufgabenstellungen sind teilweise unklar formuliert.,2026-01-20T03:00:00Z
1337,50120,abschlussfeedback,,nps,9,2026-01-20T05:00:00Z
1338,50120,abschlussfeedback,,zufriedenheit_coach,2,2026-01-20T05:00:00Z
1339,50120,abschlussfeedback,,weiterempfehlung_grund,Ich hätte gern mehr Live-Termine.,2026-01-20T05:00:00Z
528,50051,abschlussfeedback,,nps,9,2026-01-20T07:00:00Z
529,50051,abschlussfeedback,,zufriedenheit_coach,3,2026-01-20T07:00:00Z
530,50051,abschlussfeedback,,weiterempfehlung_grund,"Sehr gute Betreuung, die Übungen sind praxisnah.",2026-01-20T07:00:00Z
8517,50701,abschlussfeedback,,nps,8,2026-01-20T23:00:00Z
8518,50701,abschlussfeedback,,zufriedenheit_coach,2,2026-01-20T23:00:00Z
8519,50701,abschlussfeedback,,weiterempfehlung_grund,Die Live-Sessions sind Gold wert.,2026-01-20T23:00:00Z
4807,50408,abschlussfeedback,,nps,9,2026-01-21T00:00:00Z
4808,50408,abschlussfeedback,,zufriedenheit_coach,5,2026-01-21T00:00:00Z
4809,50408,abschlussfeedback,,weiterempfehlung_grund,"Das Tempo ist mir zu hoch, ich komme kaum hinterher.",2026-01-21T00:00:00Z
5428,50453,abschlussfeedback,,nps,7,2026-01-21T09:00:00Z
5429,50453,abschlussfeedback,,zufriedenheit_coach,4,2026-01-21T09:00:00Z
5430,50453,abschlussfeedback,,weiterempfehlung_grund,"Top Inhalte, besonders das SQL-Modul.",2026-01-21T09:00:00Z
4258,50372,abschlussfeedback,,nps,10,2026-01-21T16:00:00Z
4259,50372,abschlussfeedback,,zufriedenheit_coach,2,2026-01-21T16:00:00Z
4260,50372,abschlussfeedback,,weiterempfehlung_grund,"Das Tempo ist mir zu hoch, ich komme kaum hinterher.",2026-01-21T16:00:00Z
5248,50444,abschlussfeedback,,nps,10,2026-01-22T07:00:00Z
5249,50444,abschlussfeedback,,zufriedenheit_coach,4,2026-01-22T07:00:00Z
5250,50444,abschlussfeedback,,weiterempfehlung_grund,Die Live-Sessions sind Gold wert.,2026-01-22T07:00:00Z
4920,50419,abschlussfeedback,,nps,10,2026-01-22T20:00:00Z
4921,50419,abschlussfeedback,,zufriedenheit_coach,5,2026-01-22T20:00:00Z
4922,50419,abschlussfeedback,,weiterempfehlung_grund,Statistik-Modul ist zu theoretisch.,2026-01-22T20:00:00Z
845,50077,abschlussfeedback,,nps,9,2026-01-23T05:00:00Z
846,50077,abschlussfeedback,,zufriedenheit_coach,4,2026-01-23T05:00:00Z
847,50077,abschlussfeedback,,weiterempfehlung_grund,Statistik-Modul ist zu theoretisch.,2026-01-23T05:00:00Z
2444,50229,abschlussfeedback,,nps,10,2026-01-23T05:00:00Z
2445,50229,abschlussfeedback,,zufriedenheit_coach,5,2026-01-23T05:00:00Z
2446,50229,abschlussfeedback,,weiterempfehlung_grund,Die Plattform hatte diese Woche mehrfach Ausfälle.,2026-01-23T05:00:00Z
6357,50526,abschlussfeedback,,nps,5,2026-01-23T05:00:00Z
6358,50526,abschlussfeedback,,zufriedenheit_coach,5,2026-01-23T05:00:00Z
6359,50526,abschlussfeedback,,weiterempfehlung_grund,Ich fühle mich gut vorbereitet.,2026-01-23T05:00:00Z
2476,50231,wochenfeedback,20,zufriedenheit_gesamt,4,2026-01-23T07:00:00Z
2477,50231,wochenfeedback,20,tempo,1,2026-01-23T07:00:00Z
2478,50231,wochenfeedback,20,freitext,Ich fühle mich gut vorbereitet.,2026-01-23T07:00:00Z
6134,50505,wochenfeedback,36,zufriedenheit_gesamt,4,2026-01-23T07:26:00Z
6135,50505,wochenfeedback,36,tempo,2,2026-01-23T07:26:00Z
4625,50394,wochenfeedback,64,zufriedenheit_gesamt,5,2026-01-23T07:52:00Z
4626,50394,wochenfeedback,64,tempo,3,2026-01-23T07:52:00Z
6654,50550,wochenfeedback,44,zufriedenheit_gesamt,4,2026-01-23T07:52:00Z
6655,50550,wochenfeedback,44,tempo,3,2026-01-23T07:52:00Z
2223,50205,wochenfeedback,24,zufriedenheit_gesamt,5,2026-01-23T07:58:00Z
2224,50205,wochenfeedback,24,tempo,4,2026-01-23T07:58:00Z
5086,50434,wochenfeedback,8,zufriedenheit_gesamt,4,2026-01-23T08:19:00Z
5087,50434,wochenfeedback,8,tempo,4,2026-01-23T08:19:00Z
4881,50416,wochenfeedback,16,zufriedenheit_gesamt,2,2026-01-23T08:27:00Z
4882,50416,wochenfeedback,16,tempo,3,2026-01-23T08:27:00Z
4883,50416,wochenfeedback,16,freitext,"Das Tempo ist mir zu hoch, ich komme kaum hinterher.",2026-01-23T08:27:00Z
5131,50437,wochenfeedback,16,zufriedenheit_gesamt,4,2026-01-23T08:52:00Z
5132,50437,wochenfeedback,16,tempo,4,2026-01-23T08:52:00Z
5133,50437,wochenfeedback,16,freitext,"Sehr gute Betreuung, die Übungen sind praxisnah.",2026-01-23T08:52:00Z
973,50092,wochenfeedback,8,zufriedenheit_gesamt,5,2026-01-23T09:19:00Z
974,50092,wochenfeedback,8,tempo,3,2026-01-23T09:19:00Z
975,50092,wochenfeedback,8,freitext,Der Coach erklärt super verständlich.,2026-01-23T09:19:00Z
7760,50631,wochenfeedback,52,zufriedenheit_gesamt,4,2026-01-23T09:24:00Z
7761,50631,wochenfeedback,52,tempo,1,2026-01-23T09:24:00Z
7762,50631,wochenfeedback,52,freitext,Die Live-Sessions sind Gold wert.,2026-01-23T09:24:00Z
2738,50250,wochenfeedback,8,zufriedenheit_gesamt,5,2026-01-23T09:38:00Z
2739,50250,wochenfeedback,8,tempo,3,2026-01-23T09:38:00Z
7456,50616,wochenfeedback,16,zufriedenheit_gesamt,3,2026-01-23T09:53:00Z
7457,50616,wochenfeedback,16,tempo,2,2026-01-23T09:53:00Z
4368,50379,wochenfeedback,56,zufriedenheit_gesamt,4,2026-01-23T10:10:00Z
4369,50379,wochenfeedback,56,tempo,4,2026-01-23T10:10:00Z
4370,50379,wochenfeedback,56,freitext,Der Coach erklärt super verständlich.,2026-01-23T10:10:00Z
1033,50094,wochenfeedback,60,zufriedenheit_gesamt,4,2026-01-23T11:05:00Z
1034,50094,wochenfeedback,60,tempo,3,2026-01-23T11:05:00Z
1035,50094,wochenfeedback,60,freitext,"Sehr gute Betreuung, die Übungen sind praxisnah.",2026-01-23T11:05:00Z
5197,50441,wochenfeedback,12,zufriedenheit_gesamt,4,2026-01-23T11:34:00Z
5198,50441,wochenfeedback,12,tempo,2,2026-01-23T11:34:00Z
5199,50441,wochenfeedback,12,freitext,"Sehr gute Betreuung, die Übungen sind praxisnah.",2026-01-23T11:34:00Z
4227,50371,wochenfeedback,60,zufriedenheit_gesamt,4,2026-01-23T11:41:00Z
4228,50371,wochenfeedback,60,tempo,1,2026-01-23T11:41:00Z
2249,50209,wochenfeedback,4,zufriedenheit_gesamt,5,2026-01-23T11:43:00Z
2250,50209,wochenfeedback,4,tempo,4,2026-01-23T11:43:00Z
2251,50209,wochenfeedback,4,freitext,<p>Mehr Praxis bitte!</p>,2026-01-23T11:43:00Z
2332,50219,wochenfeedback,4,zufriedenheit_gesamt,4,2026-01-23T11:55:00Z
2333,50219,wochenfeedback,4,tempo,1,2026-01-23T11:55:00Z
5434,50454,wochenfeedback,6,zufriedenheit_gesamt,5,2026-01-23T11:57:00Z
5435,50454,wochenfeedback,6,tempo,1,2026-01-23T11:57:00Z
2867,50260,wochenfeedback,4,zufriedenheit_gesamt,5,2026-01-23T12:05:00Z
2868,50260,wochenfeedback,4,tempo,3,2026-01-23T12:05:00Z
2869,50260,wochenfeedback,4,freitext,<p>Insgesamt <strong>sehr zufrieden</strong>.</p>,2026-01-23T12:05:00Z
3921,50344,wochenfeedback,12,zufriedenheit_gesamt,5,2026-01-23T12:59:00Z
3922,50344,wochenfeedback,12,tempo,4,2026-01-23T12:59:00Z
1303,50118,wochenfeedback,24,zufriedenheit_gesamt,5,2026-01-23T13:05:00Z
1304,50118,wochenfeedback,24,tempo,2,2026-01-23T13:05:00Z
8497,50700,wochenfeedback,6,zufriedenheit_gesamt,5,2026-01-23T13:20:00Z
8498,50700,wochenfeedback,6,tempo,1,2026-01-23T13:20:00Z
7053,50585,wochenfeedback,4,zufriedenheit_gesamt,4,2026-01-23T13:44:00Z
7054,50585,wochenfeedback,4,tempo,4,2026-01-23T13:44:00Z
2081,50191,wochenfeedback,4,zufriedenheit_gesamt,4,2026-01-23T13:51:00Z
2082,50191,wochenfeedback,4,tempo,1,2026-01-23T13:51:00Z
2083,50191,wochenfeedback,4,freitext,Der Coach erklärt super verständlich.,2026-01-23T13:51:00Z
3541,50311,wochenfeedback,16,zufriedenheit_gesamt,5,2026-01-23T14:06:00Z
3542,50311,wochenfeedback,16,tempo,3,2026-01-23T14:06:00Z
3543,50311,wochenfeedback,16,freitext,"Sehr gute Betreuung, die Übungen sind praxisnah.",2026-01-23T14:06:00Z
5656,50474,wochenfeedback,4,zufriedenheit_gesamt,4,2026-01-23T14:49:00Z
5657,50474,wochenfeedback,4,tempo,3,2026-01-23T14:49:00Z
2550,50235,wochenfeedback,16,zufriedenheit_gesamt,4,2026-01-23T15:15:00Z
2551,50235,wochenfeedback,16,tempo,4,2026-01-23T15:15:00Z
3779,50329,wochenfeedback,16,zufriedenheit_gesamt,5,2026-01-23T15:37:00Z
3780,50329,wochenfeedback,16,tempo,3,2026-01-23T15:37:00Z
5356,50451,wochenfeedback,16,zufriedenheit_gesamt,5,2026-01-23T17:22:00Z
5357,50451,wochenfeedback,16,tempo,5,2026-01-23T17:22:00Z
5358,50451,wochenfeedback,16,freitext,"Top Inhalte, besonders das SQL-Modul.",2026-01-23T17:22:00Z
1647,50148,wochenfeedback,8,zufriedenheit_gesamt,4,2026-01-23T17:40:00Z
1648,50148,wochenfeedback,8,tempo,4,2026-01-23T17:40:00Z
1649,50148,wochenfeedback,8,freitext,Ich fühle mich gut vorbereitet.,2026-01-23T17:40:00Z
3847,50338,wochenfeedback,32,zufriedenheit_gesamt,3,2026-01-23T18:06:00Z
3848,50338,wochenfeedback,32,tempo,1,2026-01-23T18:06:00Z
3849,50338,wochenfeedback,32,freitext,Ich hätte gern mehr Live-Termine.,2026-01-23T18:06:00Z
3006,50276,wochenfeedback,52,zufriedenheit_gesamt,4,2026-01-23T18:17:00Z
3007,50276,wochenfeedback,52,tempo,3,2026-01-23T18:17:00Z
3008,50276,wochenfeedback,52,freitext,Ich fühle mich gut vorbereitet.,2026-01-23T18:17:00Z
3676,50319,abschlussfeedback,,nps,8,2026-01-24T03:00:00Z
3677,50319,abschlussfeedback,,zufriedenheit_coach,5,2026-01-24T03:00:00Z
3678,50319,abschlussfeedback,,weiterempfehlung_grund,"Top Inhalte, besonders das SQL-Modul.",2026-01-24T03:00:00Z
5547,50462,abschlussfeedback,,nps,10,2026-01-25T05:00:00Z
5548,50462,abschlussfeedback,,zufriedenheit_coach,4,2026-01-25T05:00:00Z
5549,50462,abschlussfeedback,,weiterempfehlung_grund,"Tempo passt für mich, gerne mehr Praxisbeispiele.",2026-01-25T05:00:00Z
7849,50643,abschlussfeedback,,nps,8,2026-01-26T04:00:00Z
7850,50643,abschlussfeedback,,zufriedenheit_coach,4,2026-01-26T04:00:00Z
7851,50643,abschlussfeedback,,weiterempfehlung_grund,"Das Tempo ist mir zu hoch, ich komme kaum hinterher.",2026-01-26T04:00:00Z
919,50085,abschlussfeedback,,nps,10,2026-01-27T11:00:00Z
920,50085,abschlussfeedback,,zufriedenheit_coach,5,2026-01-27T11:00:00Z
921,50085,abschlussfeedback,,weiterempfehlung_grund,Ich hätte gern mehr Live-Termine.,2026-01-27T11:00:00Z
2479,50231,abschlussfeedback,,nps,10,2026-01-30T05:00:00Z
2480,50231,abschlussfeedback,,zufriedenheit_coach,5,2026-01-30T05:00:00Z
2481,50231,abschlussfeedback,,weiterempfehlung_grund,Zu wenig Feedback zu den Abgaben.,2026-01-30T05:00:00Z
8432,50696,wochenfeedback,9,zufriedenheit_gesamt,2,2026-01-30T07:04:00Z
8433,50696,wochenfeedback,9,tempo,1,2026-01-30T07:04:00Z
8434,50696,wochenfeedback,9,freitext,"Das Tempo ist mir zu hoch, ich komme kaum hinterher.",2026-01-30T07:04:00Z
1830,50164,wochenfeedback,13,zufriedenheit_gesamt,5,2026-01-30T07:11:00Z
1831,50164,wochenfeedback,13,tempo,4,2026-01-30T07:11:00Z
4045,50354,wochenfeedback,5,zufriedenheit_gesamt,3,2026-01-30T07:57:00Z
4046,50354,wochenfeedback,5,tempo,4,2026-01-30T07:57:00Z
1281,50117,wochenfeedback,9,zufriedenheit_gesamt,2,2026-01-30T08:44:00Z
1282,50117,wochenfeedback,9,tempo,2,2026-01-30T08:44:00Z
6986,50579,wochenfeedback,33,zufriedenheit_gesamt,4,2026-01-30T08:50:00Z
6987,50579,wochenfeedback,33,tempo,3,2026-01-30T08:50:00Z
6988,50579,wochenfeedback,33,freitext,Der Coach erklärt super verständlich.,2026-01-30T08:50:00Z
5200,50441,wochenfeedback,13,zufriedenheit_gesamt,4,2026-01-30T09:01:00Z
5201,50441,wochenfeedback,13,tempo,3,2026-01-30T09:01:00Z
395,50034,wochenfeedback,37,zufriedenheit_gesamt,2,2026-01-30T09:02:00Z
396,50034,wochenfeedback,37,tempo,3,2026-01-30T09:02:00Z
2740,50250,wochenfeedback,9,zufriedenheit_gesamt,5,2026-01-30T09:10:00Z
2741,50250,wochenfeedback,9,tempo,4,2026-01-30T09:10:00Z
2115,50196,wochenfeedback,5,zufriedenheit_gesamt,4,2026-01-30T09:18:00Z
2116,50196,wochenfeedback,5,tempo,4,2026-01-30T09:18:00Z
34,50002,wochenfeedback,25,zufriedenheit_gesamt,2,2026-01-30T09:37:00Z
35,50002,wochenfeedback,25,tempo,1,2026-01-30T09:37:00Z
4672,50396,wochenfeedback,33,zufriedenheit_gesamt,4,2026-01-30T09:54:00Z
4673,50396,wochenfeedback,33,tempo,4,2026-01-30T09:54:00Z
2344,50220,wochenfeedback,1,zufriedenheit_gesamt,5,2026-01-30T10:03:00Z
2345,50220,wochenfeedback,1,tempo,3,2026-01-30T10:03:00Z
2346,50220,wochenfeedback,1,freitext,"Sehr gute Betreuung, die Übungen sind praxisnah.",2026-01-30T10:03:00Z
1036,50094,wochenfeedback,61,zufriedenheit_gesamt,3,2026-01-30T10:04:00Z
1037,50094,wochenfeedback,61,tempo,4,2026-01-30T10:04:00Z
4505,50390,wochenfeedback,1,zufriedenheit_gesamt,3,2026-01-30T10:04:00Z
4506,50390,wochenfeedback,1,tempo,3,2026-01-30T10:04:00Z
4014,50347,wochenfeedback,65,zufriedenheit_gesamt,5,2026-01-30T10:18:00Z
4015,50347,wochenfeedback,65,tempo,4,2026-01-30T10:18:00Z
3273,50296,wochenfeedback,17,zufriedenheit_gesamt,5,2026-01-30T10:41:00Z
3274,50296,wochenfeedback,17,tempo,4,2026-01-30T10:41:00Z
2013,50181,wochenfeedback,5,zufriedenheit_gesamt,2,2026-01-30T10:54:00Z
2014,50181,wochenfeedback,5,tempo,3,2026-01-30T10:54:00Z
2015,50181,wochenfeedback,5,freitext,"<p>Die Videos sind gut, aber die Quizze sind zu leicht.</p>",2026-01-30T10:54:00Z
742,50068,wochenfeedback,9,zufriedenheit_gesamt,2,2026-01-30T11:23:00Z
743,50068,wochenfeedback,9,tempo,4,2026-01-30T11:23:00Z
6513,50539,wochenfeedback,1,zufriedenheit_gesamt,2,2026-01-30T11:36:00Z
6514,50539,wochenfeedback,1,tempo,5,2026-01-30T11:36:00Z
6515,50539,wochenfeedback,1,freitext,Ich hätte gern mehr Live-Termine.,2026-01-30T11:36:00Z
83,50007,wochenfeedback,5,zufriedenheit_gesamt,4,2026-01-30T12:43:00Z
84,50007,wochenfeedback,5,tempo,4,2026-01-30T12:43:00Z
85,50007,wochenfeedback,5,freitext,Der Coach erklärt super verständlich.,2026-01-30T12:43:00Z
2781,50253,wochenfeedback,1,zufriedenheit_gesamt,4,2026-01-30T12:43:00Z
2782,50253,wochenfeedback,1,tempo,4,2026-01-30T12:43:00Z
3085,50282,wochenfeedback,1,zufriedenheit_gesamt,5,2026-01-30T13:32:00Z
3086,50282,wochenfeedback,1,tempo,2,2026-01-30T13:32:00Z
3087,50282,wochenfeedback,1,freitext,"Sehr gute Betreuung, die Übungen sind praxisnah.",2026-01-30T13:32:00Z
7763,50631,wochenfeedback,53,zufriedenheit_gesamt,3,2026-01-30T13:52:00Z
7764,50631,wochenfeedback,53,tempo,5,2026-01-30T13:52:00Z
4548,50393,wochenfeedback,1,zufriedenheit_gesamt,5,2026-01-30T14:23:00Z
4549,50393,wochenfeedback,1,tempo,2,2026-01-30T14:23:00Z
4550,50393,wochenfeedback,1,freitext,Die Live-Sessions sind Gold wert.,2026-01-30T14:23:00Z
2552,50235,wochenfeedback,17,zufriedenheit_gesamt,3,2026-01-30T14:34:00Z
2553,50235,wochenfeedback,17,tempo,3,2026-01-30T14:34:00Z
2554,50235,wochenfeedback,17,freitext,Zu wenig Feedback zu den Abgaben.,2026-01-30T14:34:00Z
7960,50660,wochenfeedback,1,zufriedenheit_gesamt,2,2026-01-30T15:04:00Z
7961,50660,wochenfeedback,1,tempo,3,2026-01-30T15:04:00Z
353,50033,wochenfeedback,17,zufriedenheit_gesamt,3,2026-01-30T15:12:00Z
354,50033,wochenfeedback,17,tempo,3,2026-01-30T15:12:00Z
355,50033,wochenfeedback,17,freitext,Aufgabenstellungen sind teilweise unklar formuliert.,2026-01-30T15:12:00Z
3544,50311,wochenfeedback,17,zufriedenheit_gesamt,5,2026-01-30T15:14:00Z
3545,50311,wochenfeedback,17,tempo,5,2026-01-30T15:14:00Z
3546,50311,wochenfeedback,17,freitext,Die Live-Sessions sind Gold wert.,2026-01-30T15:14:00Z
6010,50498,wochenfeedback,1,zufriedenheit_gesamt,2,2026-01-30T15:37:00Z
6011,50498,wochenfeedback,1,tempo,5,2026-01-30T15:37:00Z
6012,50498,wochenfeedback,1,freitext,"Das Tempo ist mir zu hoch, ich komme kaum hinterher.",2026-01-30T15:37:00Z
4371,50379,wochenfeedback,57,zufriedenheit_gesamt,3,2026-01-30T15:41:00Z
4372,50379,wochenfeedback,57,tempo,3,2026-01-30T15:41:00Z
6152,50506,wochenfeedback,1,zufriedenheit_gesamt,5,2026-01-30T15:42:00Z
6153,50506,wochenfeedback,1,tempo,2,2026-01-30T15:42:00Z
5810,50481,wochenfeedback,61,zufriedenheit_gesamt,5,2026-01-30T15:51:00Z
5811,50481,wochenfeedback,61,tempo,5,2026-01-30T15:51:00Z
6080,50503,wochenfeedback,1,zufriedenheit_gesamt,2,2026-01-30T15:53:00Z
6081,50503,wochenfeedback,1,tempo,4,2026-01-30T15:53:00Z
6322,50525,wochenfeedback,1,zufriedenheit_gesamt,4,2026-01-30T16:06:00Z
6323,50525,wochenfeedback,1,tempo,4,2026-01-30T16:06:00Z
3411,50303,wochenfeedback,73,zufriedenheit_gesamt,4,2026-01-30T16:35:00Z
3412,50303,wochenfeedback,73,tempo,4,2026-01-30T16:35:00Z
1538,50140,wochenfeedback,5,zufriedenheit_gesamt,5,2026-01-30T16:54:00Z
1539,50140,wochenfeedback,5,tempo,4,2026-01-30T16:54:00Z
1540,50140,wochenfeedback,5,freitext,"Sehr gute Betreuung, die Übungen sind praxisnah.",2026-01-30T16:54:00Z
3781,50329,wochenfeedback,17,zufriedenheit_gesamt,4,2026-01-30T17:12:00Z
3782,50329,wochenfeedback,17,tempo,3,2026-01-30T17:12:00Z
8376,50692,wochenfeedback,69,zufriedenheit_gesamt,5,2026-01-30T18:11:00Z
8377,50692,wochenfeedback,69,tempo,4,2026-01-30T18:11:00Z
3637,50317,wochenfeedback,17,zufriedenheit_gesamt,5,2026-01-30T18:48:00Z
3638,50317,wochenfeedback,17,tempo,3,2026-01-30T18:48:00Z
3251,50294,wochenfeedback,17,zufriedenheit_gesamt,5,2026-01-30T18:58:00Z
3252,50294,wochenfeedback,17,tempo,5,2026-01-30T18:58:00Z
3082,50281,abschlussfeedback,,nps,7,2026-02-01T20:00:00Z
3083,50281,abschlussfeedback,,zufriedenheit_coach,5,2026-02-01T20:00:00Z
3084,50281,abschlussfeedback,,weiterempfehlung_grund,Die Live-Sessions sind Gold wert.,2026-02-01T20:00:00Z
5436,50454,abschlussfeedback,,nps,9/10,2026-02-03T04:00:00Z
5437,50454,abschlussfeedback,,zufriedenheit_coach,3,2026-02-03T04:00:00Z
5438,50454,abschlussfeedback,,weiterempfehlung_grund,Die Live-Sessions sind Gold wert.,2026-02-03T04:00:00Z
2084,50191,wochenfeedback,6,zufriedenheit_gesamt,5,2026-02-06T07:01:00Z
2085,50191,wochenfeedback,6,tempo,1,2026-02-06T07:01:00Z
36,50002,wochenfeedback,26,zufriedenheit_gesamt,3,2026-02-06T07:21:00Z
37,50002,wochenfeedback,26,tempo,5,2026-02-06T07:21:00Z
1850,50166,wochenfeedback,2,zufriedenheit_gesamt,5,2026-02-06T07:54:00Z
1851,50166,wochenfeedback,2,tempo,1,2026-02-06T07:54:00Z
6832,50565,wochenfeedback,10,zufriedenheit_gesamt,4,2026-02-06T08:08:00Z
6833,50565,wochenfeedback,10,tempo,3,2026-02-06T08:08:00Z
1038,50094,wochenfeedback,62,zufriedenheit_gesamt,2,2026-02-06T08:23:00Z
1039,50094,wochenfeedback,62,tempo,4,2026-02-06T08:23:00Z
1040,50094,wochenfeedback,62,freitext,<p>Mehr Praxis bitte!</p>,2026-02-06T08:23:00Z
5812,50481,wochenfeedback,62,zufriedenheit_gesamt,5,2026-02-06T08:31:00Z
5813,50481,wochenfeedback,62,tempo,4,2026-02-06T08:31:00Z
2334,50219,wochenfeedback,6,zufriedenheit_gesamt,3,2026-02-06T08:41:00Z
2335,50219,wochenfeedback,6,tempo,5,2026-02-06T08:41:00Z
8295,50687,wochenfeedback,34,zufriedenheit_gesamt,4,2026-02-06T08:52:00Z
8296,50687,wochenfeedback,34,tempo,5,2026-02-06T08:52:00Z
8297,50687,wochenfeedback,34,freitext,"Tempo passt für mich, gerne mehr Praxisbeispiele.",2026-02-06T08:52:00Z
1408,50129,wochenfeedback,14,zufriedenheit_gesamt,4,2026-02-06T09:01:00Z
1409,50129,wochenfeedback,14,tempo,3,2026-02-06T09:01:00Z
2595,50236,wochenfeedback,54,zufriedenheit_gesamt,5,2026-02-06T09:22:00Z
2596,50236,wochenfeedback,54,tempo,4,2026-02-06T09:22:00Z
7500,50618,wochenfeedback,18,zufriedenheit_gesamt,5,2026-02-06T09:39:00Z
7501,50618,wochenfeedback,18,tempo,4,2026-02-06T09:39:00Z
3850,50338,wochenfeedback,34,zufriedenheit_gesamt,2,2026-02-06T09:41:00Z
3851,50338,wochenfeedback,34,tempo,3,2026-02-06T09:41:00Z
2701,50247,wochenfeedback,38,zufriedenheit_gesamt,4,2026-02-06T09:56:00Z
2702,50247,wochenfeedback,38,tempo,4,2026-02-06T09:56:00Z
2117,50196,wochenfeedback,6,zufriedenheit_gesamt,5,2026-02-06T10:15:00Z
2118,50196,wochenfeedback,6,tempo,3,2026-02-06T10:15:00Z
2119,50196,wochenfeedback,6,freitext,Die Live-Sessions sind Gold wert.,2026-02-06T10:15:00Z
7681,50627,wochenfeedback,2,zufriedenheit_gesamt,4,2026-02-06T10:19:00Z
7682,50627,wochenfeedback,2,tempo,4,2026-02-06T10:19:00Z
4373,50379,wochenfeedback,58,zufriedenheit_gesamt,2,2026-02-06T10:30:00Z
4374,50379,wochenfeedback,58,tempo,2,2026-02-06T10:30:00Z
4375,50379,wochenfeedback,58,freitext,Zu wenig Feedback zu den Abgaben.,2026-02-06T10:30:00Z
4551,50393,wochenfeedback,2,zufriedenheit_gesamt,4,2026-02-06T10:32:00Z
4552,50393,wochenfeedback,2,tempo,2,2026-02-06T10:32:00Z
4553,50393,wochenfeedback,2,freitext,Ich fühle mich gut vorbereitet.,2026-02-06T10:32:00Z
3115,50283,wochenfeedback,14,zufriedenheit_gesamt,4,2026-02-06T10:53:00Z
3116,50283,wochenfeedback,14,tempo,4,2026-02-06T10:53:00Z
1541,50140,wochenfeedback,6,zufriedenheit_gesamt,2,2026-02-06T11:12:00Z
1542,50140,wochenfeedback,6,tempo,1,2026-02-06T11:12:00Z
5088,50434,wochenfeedback,10,zufriedenheit_gesamt,5,2026-02-06T11:32:00Z
5089,50434,wochenfeedback,10,tempo,4,2026-02-06T11:32:00Z
5992,50496,wochenfeedback,2,zufriedenheit_gesamt,5,2026-02-06T11:48:00Z
5993,50496,wochenfeedback,2,tempo,3,2026-02-06T11:48:00Z
6483,50536,wochenfeedback,10,zufriedenheit_gesamt,2,2026-02-06T12:50:00Z
6484,50536,wochenfeedback,10,tempo,4,2026-02-06T12:50:00Z
8039,50667,wochenfeedback,26,zufriedenheit_gesamt,5,2026-02-06T14:03:00Z
8040,50667,wochenfeedback,26,tempo,5,2026-02-06T14:03:00Z
8041,50667,wochenfeedback,26,freitext,Ich fühle mich gut vorbereitet.,2026-02-06T14:03:00Z
6417,50529,wochenfeedback,58,zufriedenheit_gesamt,4,2026-02-06T14:35:00Z
6418,50529,wochenfeedback,58,tempo,4,2026-02-06T14:35:00Z
5134,50437,wochenfeedback,18,zufriedenheit_gesamt,3,2026-02-06T14:43:00Z
5135,50437,wochenfeedback,18,tempo,3,2026-02-06T14:43:00Z
2143,50201,wochenfeedback,2,zufriedenheit_gesamt,5,2026-02-06T14:55:00Z
2144,50201,wochenfeedback,2,tempo,4,2026-02-06T14:55:00Z
6563,50544,wochenfeedback,2,zufriedenheit_gesamt,3,2026-02-06T15:02:00Z
6564,50544,wochenfeedback,2,tempo,5,2026-02-06T15:02:00Z
5279,50447,wochenfeedback,26,zufriedenheit_gesamt,5,2026-02-06T15:03:00Z
5280,50447,wochenfeedback,26,tempo,3,2026-02-06T15:03:00Z
4156,50367,wochenfeedback,2,zufriedenheit_gesamt,3,2026-02-06T15:19:00Z
4157,50367,wochenfeedback,2,tempo,3,2026-02-06T15:19:00Z
4158,50367,wochenfeedback,2,freitext,Statistik-Modul ist zu theoretisch.,2026-02-06T15:19:00Z
6883,50569,wochenfeedback,10,zufriedenheit_gesamt,2,2026-02-06T15:23:00Z
6884,50569,wochenfeedback,10,tempo,2,2026-02-06T15:23:00Z
6516,50539,wochenfeedback,2,zufriedenheit_gesamt,2,2026-02-06T15:31:00Z
6517,50539,wochenfeedback,2,tempo,5,2026-02-06T15:31:00Z
6518,50539,wochenfeedback,2,freitext,"<p>Die Videos sind gut, aber die Quizze sind zu leicht.</p>",2026-02-06T15:31:00Z
8435,50696,wochenfeedback,10,zufriedenheit_gesamt,3,2026-02-06T15:41:00Z
8436,50696,wochenfeedback,10,tempo,3,2026-02-06T15:41:00Z
8437,50696,wochenfeedback,10,freitext,Ich hätte gern mehr Live-Termine.,2026-02-06T15:41:00Z
7486,50617,wochenfeedback,18,zufriedenheit_gesamt,4,2026-02-06T15:46:00Z
7487,50617,wochenfeedback,18,tempo,3,2026-02-06T15:46:00Z
1526,50139,wochenfeedback,2,zufriedenheit_gesamt,3,2026-02-06T15:51:00Z
1527,50139,wochenfeedback,2,tempo,5,2026-02-06T15:51:00Z
3591,50313,wochenfeedback,26,zufriedenheit_gesamt,5,2026-02-06T15:53:00Z
3592,50313,wochenfeedback,26,tempo,3,2026-02-06T15:53:00Z
4674,50396,wochenfeedback,34,zufriedenheit_gesamt,5,2026-02-06T16:25:00Z
4675,50396,wochenfeedback,34,tempo,4,2026-02-06T16:25:00Z
4676,50396,wochenfeedback,34,freitext,"<p>Die Videos sind gut, aber die Quizze sind zu leicht.</p>",2026-02-06T16:25:00Z
7988,50664,wochenfeedback,2,zufriedenheit_gesamt,4,2026-02-06T17:13:00Z
7989,50664,wochenfeedback,2,tempo,4,2026-02-06T17:13:00Z
2299,50216,wochenfeedback,18,zufriedenheit_gesamt,2,2026-02-06T18:20:00Z
2300,50216,wochenfeedback,18,tempo,4,2026-02-06T18:20:00Z
6656,50550,wochenfeedback,46,zufriedenheit_gesamt,5,2026-02-06T18:24:00Z
6657,50550,wochenfeedback,46,tempo,5,2026-02-06T18:24:00Z
6658,50550,wochenfeedback,46,freitext,Die Live-Sessions sind Gold wert.,2026-02-06T18:24:00Z
2347,50220,wochenfeedback,2,zufriedenheit_gesamt,5,2026-02-06T18:28:00Z
2348,50220,wochenfeedback,2,tempo,4,2026-02-06T18:28:00Z
6082,50503,wochenfeedback,2,zufriedenheit_gesamt,3,2026-02-06T18:41:00Z
6083,50503,wochenfeedback,2,tempo,4,2026-02-06T18:41:00Z
6084,50503,wochenfeedback,2,freitext,Die Plattform hatte diese Woche mehrfach Ausfälle.,2026-02-06T18:41:00Z
3275,50296,wochenfeedback,18,zufriedenheit_gesamt,5,2026-02-06T18:48:00Z
3276,50296,wochenfeedback,18,tempo,3,2026-02-06T18:48:00Z
3277,50296,wochenfeedback,18,freitext,Ich fühle mich gut vorbereitet.,2026-02-06T18:48:00Z
5658,50474,wochenfeedback,6,zufriedenheit_gesamt,3,2026-02-06T18:48:00Z
5659,50474,wochenfeedback,6,tempo,1,2026-02-06T18:48:00Z
8438,50696,wochenfeedback,11,zufriedenheit_gesamt,5,2026-02-13T07:44:00Z
8439,50696,wochenfeedback,11,tempo,4,2026-02-13T07:44:00Z
6885,50569,wochenfeedback,11,zufriedenheit_gesamt,4,2026-02-13T07:54:00Z
6886,50569,wochenfeedback,11,tempo,2,2026-02-13T07:54:00Z
5731,50479,wochenfeedback,35,zufriedenheit_gesamt,4,2026-02-13T08:20:00Z
5732,50479,wochenfeedback,35,tempo,3,2026-02-13T08:20:00Z
5733,50479,wochenfeedback,35,freitext,Die Live-Sessions sind Gold wert.,2026-02-13T08:20:00Z
3547,50311,wochenfeedback,19,zufriedenheit_gesamt,5,2026-02-13T08:49:00Z
3548,50311,wochenfeedback,19,tempo,3,2026-02-13T08:49:00Z
3549,50311,wochenfeedback,19,freitext,"Tempo passt für mich, gerne mehr Praxisbeispiele.",2026-02-13T08:49:00Z
6659,50550,wochenfeedback,47,zufriedenheit_gesamt,4,2026-02-13T08:54:00Z
6660,50550,wochenfeedback,47,tempo,2,2026-02-13T08:54:00Z
8168,50675,wochenfeedback,27,zufriedenheit_gesamt,2,2026-02-13T09:01:00Z
8169,50675,wochenfeedback,27,tempo,4,2026-02-13T09:01:00Z
8170,50675,wochenfeedback,27,freitext,"Das Tempo ist mir zu hoch, ich komme kaum hinterher.",2026-02-13T09:01:00Z
6565,50544,wochenfeedback,3,zufriedenheit_gesamt,2,2026-02-13T09:15:00Z
6566,50544,wochenfeedback,3,tempo,1,2026-02-13T09:15:00Z
7381,50612,wochenfeedback,47,zufriedenheit_gesamt,4,2026-02-13T09:40:00Z
7382,50612,wochenfeedback,47,tempo,3,2026-02-13T09:40:00Z
8298,50687,wochenfeedback,35,zufriedenheit_gesamt,4,2026-02-13T10:07:00Z
8299,50687,wochenfeedback,35,tempo,3,2026-02-13T10:07:00Z
3088,50282,wochenfeedback,3,zufriedenheit_gesamt,3,2026-02-13T10:31:00Z
3089,50282,wochenfeedback,3,tempo,2,2026-02-13T10:31:00Z
2742,50250,wochenfeedback,11,zufriedenheit_gesamt,4,2026-02-13T10:44:00Z
2743,50250,wochenfeedback,11,tempo,4,2026-02-13T10:44:00Z
2744,50250,wochenfeedback,11,freitext,"Top Inhalte, besonders das SQL-Modul.",2026-02-13T10:44:00Z
3639,50317,wochenfeedback,19,zufriedenheit_gesamt,4,2026-02-13T10:52:00Z
3640,50317,wochenfeedback,19,tempo,4,2026-02-13T10:52:00Z
3641,50317,wochenfeedback,19,freitext,"Tempo passt für mich, gerne mehr Praxisbeispiele.",2026-02-13T10:52:00Z
6324,50525,wochenfeedback,3,zufriedenheit_gesamt,3,2026-02-13T11:47:00Z
6325,50525,wochenfeedback,3,tempo,3,2026-02-13T11:47:00Z
4736,50402,wochenfeedback,9,zufriedenheit_gesamt,5,2026-02-13T12:01:00Z
4737,50402,wochenfeedback,9,tempo,5,2026-02-13T12:01:00Z
5994,50496,wochenfeedback,3,zufriedenheit_gesamt,5,2026-02-13T12:17:00Z
5995,50496,wochenfeedback,3,tempo,4,2026-02-13T12:17:00Z
5996,50496,wochenfeedback,3,freitext,"<p>Die Videos sind gut, aber die Quizze sind zu leicht.</p>",2026-02-13T12:17:00Z
787,50072,wochenfeedback,19,zufriedenheit_gesamt,4,2026-02-13T12:22:00Z
788,50072,wochenfeedback,19,tempo,2,2026-02-13T12:22:00Z
6085,50503,wochenfeedback,3,zufriedenheit_gesamt,5,2026-02-13T13:04:00Z
6086,50503,wochenfeedback,3,tempo,5,2026-02-13T13:04:00Z
2870,50260,wochenfeedback,7,zufriedenheit_gesamt,5,2026-02-13T13:26:00Z
2871,50260,wochenfeedback,7,tempo,1,2026-02-13T13:26:00Z
2872,50260,wochenfeedback,7,freitext,Der Coach erklärt super verständlich.,2026-02-13T13:26:00Z
7423,50613,wochenfeedback,19,zufriedenheit_gesamt,2,2026-02-13T13:36:00Z
7424,50613,wochenfeedback,19,tempo,3,2026-02-13T13:36:00Z
5202,50441,wochenfeedback,15,zufriedenheit_gesamt,4,2026-02-13T13:56:00Z
5203,50441,wochenfeedback,15,tempo,4,2026-02-13T13:56:00Z
2301,50216,wochenfeedback,19,zufriedenheit_gesamt,4,2026-02-13T14:13:00Z
2302,50216,wochenfeedback,19,tempo,3,2026-02-13T14:13:00Z
2303,50216,wochenfeedback,19,freitext,Der Coach erklärt super verständlich.,2026-02-13T14:13:00Z
2555,50235,wochenfeedback,19,zufriedenheit_gesamt,4,2026-02-13T14:16:00Z
2556,50235,wochenfeedback,19,tempo,4,2026-02-13T14:16:00Z
7055,50585,wochenfeedback,7,zufriedenheit_gesamt,5,2026-02-13T14:52:00Z
7056,50585,wochenfeedback,7,tempo,4,2026-02-13T14:52:00Z
4554,50393,wochenfeedback,3,zufriedenheit_gesamt,4,2026-02-13T15:41:00Z
4555,50393,wochenfeedback,3,tempo,2,2026-02-13T15:41:00Z
5136,50437,wochenfeedback,19,zufriedenheit_gesamt,3,2026-02-13T16:21:00Z
5137,50437,wochenfeedback,19,tempo,3,2026-02-13T16:21:00Z
2086,50191,wochenfeedback,7,zufriedenheit_gesamt,2,2026-02-13T16:44:00Z
2087,50191,wochenfeedback,7,tempo,2,2026-02-13T16:44:00Z
2088,50191,wochenfeedback,7,freitext,"<p>Die Videos sind gut, aber die Quizze sind zu leicht.</p>",2026-02-13T16:44:00Z
6873,50568,wochenfeedback,15,zufriedenheit_gesamt,5,2026-02-13T16:54:00Z
6874,50568,wochenfeedback,15,tempo,4,2026-02-13T16:54:00Z
6485,50536,wochenfeedback,11,zufriedenheit_gesamt,4,2026-02-13T17:13:00Z
6486,50536,wochenfeedback,11,tempo,4,2026-02-13T17:13:00Z
6487,50536,wochenfeedback,11,freitext,"Sehr gute Betreuung, die Übungen sind praxisnah.",2026-02-13T17:13:00Z
8002,50665,wochenfeedback,3,zufriedenheit_gesamt,2,2026-02-13T17:16:00Z
8003,50665,wochenfeedback,3,tempo,4,2026-02-13T17:16:00Z
4047,50354,wochenfeedback,7,zufriedenheit_gesamt,5,2026-02-13T17:21:00Z
4048,50354,wochenfeedback,7,tempo,5,2026-02-13T17:21:00Z
6419,50529,wochenfeedback,59,zufriedenheit_gesamt,5,2026-02-13T17:24:00Z
6420,50529,wochenfeedback,59,tempo,2,2026-02-13T17:24:00Z
1543,50140,wochenfeedback,7,zufriedenheit_gesamt,2,2026-02-13T17:26:00Z
1544,50140,wochenfeedback,7,tempo,2,2026-02-13T17:26:00Z
1545,50140,wochenfeedback,7,freitext,Zu wenig Feedback zu den Abgaben.,2026-02-13T17:26:00Z
7488,50617,wochenfeedback,19,zufriedenheit_gesamt,2,2026-02-13T17:33:00Z
7489,50617,wochenfeedback,19,tempo,3,2026-02-13T17:33:00Z
2703,50247,wochenfeedback,39,zufriedenheit_gesamt,4,2026-02-13T17:37:00Z
2704,50247,wochenfeedback,39,tempo,2,2026-02-13T17:37:00Z
7502,50618,wochenfeedback,19,zufriedenheit_gesamt,2,2026-02-13T17:42:00Z
7503,50618,wochenfeedback,19,tempo,1,2026-02-13T17:42:00Z
2597,50236,wochenfeedback,55,zufriedenheit_gesamt,5,2026-02-13T17:45:00Z
2598,50236,wochenfeedback,55,tempo,1,2026-02-13T17:45:00Z
2599,50236,wochenfeedback,55,freitext,"Top Inhalte, besonders das SQL-Modul.",2026-02-13T17:45:00Z
976,50092,wochenfeedback,11,zufriedenheit_gesamt,4,2026-02-13T17:52:00Z
977,50092,wochenfeedback,11,tempo,3,2026-02-13T17:52:00Z
2783,50253,wochenfeedback,3,zufriedenheit_gesamt,2,2026-02-13T18:38:00Z
2784,50253,wochenfeedback,3,tempo,3,2026-02-13T18:38:00Z
1501,50138,wochenfeedback,23,zufriedenheit_gesamt,5,2026-02-13T18:49:00Z
1502,50138,wochenfeedback,23,tempo,4,2026-02-13T18:49:00Z
1503,50138,wochenfeedback,23,freitext,<p>Mehr Praxis bitte!</p>,2026-02-13T18:49:00Z
4627,50394,wochenfeedback,67,zufriedenheit_gesamt,5,2026-02-13T18:55:00Z
4628,50394,wochenfeedback,67,tempo,4,2026-02-13T18:55:00Z
3550,50311,abschlussfeedback,,nps,7,2026-02-15T05:00:00Z
3551,50311,abschlussfeedback,,zufriedenheit_coach,5,2026-02-15T05:00:00Z
3552,50311,abschlussfeedback,,weiterempfehlung_grund,"Das Tempo ist mir zu hoch, ich komme kaum hinterher.",2026-02-15T05:00:00Z
914,50084,abschlussfeedback,,nps,4,2026-02-16T00:00:00Z
915,50084,abschlussfeedback,,zufriedenheit_coach,3,2026-02-16T00:00:00Z
916,50084,abschlussfeedback,,weiterempfehlung_grund,Die Plattform hatte diese Woche mehrfach Ausfälle.,2026-02-16T00:00:00Z
8068,50668,abschlussfeedback,,nps,9,2026-02-18T08:00:00Z
8069,50668,abschlussfeedback,,zufriedenheit_coach,4,2026-02-18T08:00:00Z
8070,50668,abschlussfeedback,,weiterempfehlung_grund,"Top Inhalte, besonders das SQL-Modul.",2026-02-18T08:00:00Z
8017,50666,wochenfeedback,4,zufriedenheit_gesamt,4,2026-02-20T07:00:00Z
8018,50666,wochenfeedback,4,tempo,4,2026-02-20T07:00:00Z
4444,50387,wochenfeedback,4,zufriedenheit_gesamt,4,2026-02-20T08:04:00Z
4445,50387,wochenfeedback,4,tempo,4,2026-02-20T08:04:00Z
4446,50387,wochenfeedback,4,freitext,"Tempo passt für mich, gerne mehr Praxisbeispiele.",2026-02-20T08:04:00Z
5997,50496,wochenfeedback,4,zufriedenheit_gesamt,2,2026-02-20T08:51:00Z
5998,50496,wochenfeedback,4,tempo,4,2026-02-20T08:51:00Z
6136,50505,wochenfeedback,40,zufriedenheit_gesamt,3,2026-02-20T09:12:00Z
6137,50505,wochenfeedback,40,tempo,3,2026-02-20T09:12:00Z
3278,50296,wochenfeedback,20,zufriedenheit_gesamt,3,2026-02-20T10:13:00Z
3279,50296,wochenfeedback,20,tempo,4,2026-02-20T10:13:00Z
2336,50219,wochenfeedback,8,zufriedenheit_gesamt,5,2026-02-20T10:40:00Z
2337,50219,wochenfeedback,8,tempo,3,2026-02-20T10:40:00Z
2338,50219,wochenfeedback,8,freitext,Die Live-Sessions sind Gold wert.,2026-02-20T10:40:00Z
3923,50344,wochenfeedback,16,zufriedenheit_gesamt,4,2026-02-20T11:03:00Z
3924,50344,wochenfeedback,16,tempo,2,2026-02-20T11:03:00Z
1504,50138,wochenfeedback,24,zufriedenheit_gesamt,4,2026-02-20T11:04:00Z
1505,50138,wochenfeedback,24,tempo,2,2026-02-20T11:04:00Z
2349,50220,wochenfeedback,4,zufriedenheit_gesamt,5,2026-02-20T12:11:00Z
2350,50220,wochenfeedback,4,tempo,4,2026-02-20T12:11:00Z
8171,50675,wochenfeedback,28,zufriedenheit_gesamt,4,2026-02-20T12:25:00Z
8172,50675,wochenfeedback,28,tempo,3,2026-02-20T12:25:00Z
1410,50129,wochenfeedback,16,zufriedenheit_gesamt,4,2026-02-20T12:49:00Z
1411,50129,wochenfeedback,16,tempo,3,2026-02-20T12:49:00Z
4376,50379,wochenfeedback,60,zufriedenheit_gesamt,3,2026-02-20T12:51:00Z
4377,50379,wochenfeedback,60,tempo,5,2026-02-20T12:51:00Z
4378,50379,wochenfeedback,60,freitext,Die Plattform hatte diese Woche mehrfach Ausfälle.,2026-02-20T12:51:00Z
356,50033,wochenfeedback,20,zufriedenheit_gesamt,5,2026-02-20T12:57:00Z
357,50033,wochenfeedback,20,tempo,2,2026-02-20T12:57:00Z
4497,50389,wochenfeedback,8,zufriedenheit_gesamt,2,2026-02-20T13:55:00Z
4498,50389,wochenfeedback,8,tempo,3,2026-02-20T13:55:00Z
1650,50148,wochenfeedback,12,zufriedenheit_gesamt,4,2026-02-20T13:59:00Z
1651,50148,wochenfeedback,12,tempo,4,2026-02-20T13:59:00Z
1652,50148,wochenfeedback,12,freitext,"Top Inhalte, besonders das SQL-Modul.",2026-02-20T13:59:00Z
2225,50205,wochenfeedback,28,zufriedenheit_gesamt,5,2026-02-20T14:13:00Z
2226,50205,wochenfeedback,28,tempo,4,2026-02-20T14:13:00Z
2227,50205,wochenfeedback,28,freitext,Der Coach erklärt super verständlich.,2026-02-20T14:13:00Z
7962,50660,wochenfeedback,4,zufriedenheit_gesamt,5,2026-02-20T15:07:00Z
7963,50660,wochenfeedback,4,tempo,2,2026-02-20T15:07:00Z
7964,50660,wochenfeedback,4,freitext,"Tempo passt für mich, gerne mehr Praxisbeispiele.",2026-02-20T15:07:00Z
1528,50139,wochenfeedback,4,zufriedenheit_gesamt,5,2026-02-20T15:43:00Z
1529,50139,wochenfeedback,4,tempo,4,2026-02-20T15:43:00Z
7573,50620,wochenfeedback,76,zufriedenheit_gesamt,4,2026-02-20T15:47:00Z
7574,50620,wochenfeedback,76,tempo,1,2026-02-20T15:47:00Z
7425,50613,wochenfeedback,20,zufriedenheit_gesamt,5,2026-02-20T15:49:00Z
7426,50613,wochenfeedback,20,tempo,4,2026-02-20T15:49:00Z
7427,50613,wochenfeedback,20,freitext,Der Coach erklärt super verständlich.,2026-02-20T15:49:00Z
4677,50396,wochenfeedback,36,zufriedenheit_gesamt,5,2026-02-20T15:56:00Z
4678,50396,wochenfeedback,36,tempo,2,2026-02-20T15:56:00Z
7110,50590,wochenfeedback,12,zufriedenheit_gesamt,5,2026-02-20T17:16:00Z
7111,50590,wochenfeedback,12,tempo,3,2026-02-20T17:16:00Z
1852,50166,wochenfeedback,4,zufriedenheit_gesamt,5,2026-02-20T17:18:00Z
1853,50166,wochenfeedback,4,tempo,4,2026-02-20T17:18:00Z
1854,50166,wochenfeedback,4,freitext,"Sehr gute Betreuung, die Übungen sind praxisnah.",2026-02-20T17:18:00Z
4629,50394,wochenfeedback,68,zufriedenheit_gesamt,4,2026-02-20T18:12:00Z
4630,50394,wochenfeedback,68,tempo,4,2026-02-20T18:12:00Z
6574,50545,wochenfeedback,4,zufriedenheit_gesamt,4,2026-02-20T18:25:00Z
6575,50545,wochenfeedback,4,tempo,1,2026-02-20T18:25:00Z
7990,50664,wochenfeedback,4,zufriedenheit_gesamt,3,2026-02-20T18:47:00Z
7991,50664,wochenfeedback,4,tempo,5,2026-02-20T18:47:00Z
7992,50664,wochenfeedback,4,freitext,Die Plattform hatte diese Woche mehrfach Ausfälle.,2026-02-20T18:47:00Z
3593,50313,wochenfeedback,28,zufriedenheit_gesamt,4,2026-02-20T18:49:00Z
3594,50313,wochenfeedback,28,tempo,3,2026-02-20T18:49:00Z
1305,50118,wochenfeedback,28,zufriedenheit_gesamt,3,2026-02-20T18:54:00Z
1306,50118,wochenfeedback,28,tempo,2,2026-02-20T18:54:00Z
744,50068,abschlussfeedback,,nps,4,2026-02-21T22:00:00Z
745,50068,abschlussfeedback,,zufriedenheit_coach,4,2026-02-21T22:00:00Z
746,50068,abschlussfeedback,,weiterempfehlung_grund,"Top Inhalte, besonders das SQL-Modul.",2026-02-21T22:00:00Z
1151,50106,abschlussfeedback,,nps,8,2026-02-23T19:00:00Z
1152,50106,abschlussfeedback,,zufriedenheit_coach,5,2026-02-23T19:00:00Z
1153,50106,abschlussfeedback,,weiterempfehlung_grund,Die Live-Sessions sind Gold wert.,2026-02-23T19:00:00Z
7490,50617,abschlussfeedback,,nps,9,2026-02-24T00:00:00Z
7491,50617,abschlussfeedback,,zufriedenheit_coach,5,2026-02-24T00:00:00Z
7492,50617,abschlussfeedback,,weiterempfehlung_grund,Statistik-Modul ist zu theoretisch.,2026-02-24T00:00:00Z
5204,50441,abschlussfeedback,,nps,10,2026-02-25T03:00:00Z
5205,50441,abschlussfeedback,,zufriedenheit_coach,3,2026-02-25T03:00:00Z
5206,50441,abschlussfeedback,,weiterempfehlung_grund,Der Coach erklärt super verständlich.,2026-02-25T03:00:00Z
1283,50117,wochenfeedback,13,zufriedenheit_gesamt,5,2026-02-27T07:04:00Z
1284,50117,wochenfeedback,13,tempo,3,2026-02-27T07:04:00Z
1285,50117,wochenfeedback,13,freitext,"Tempo passt für mich, gerne mehr Praxisbeispiele.",2026-02-27T07:04:00Z
1419,50130,wochenfeedback,1,zufriedenheit_gesamt,4,2026-02-27T07:07:00Z
1420,50130,wochenfeedback,1,tempo,3,2026-02-27T07:07:00Z
1421,50130,wochenfeedback,1,freitext,Ich fühle mich gut vorbereitet.,2026-02-27T07:07:00Z
2145,50201,wochenfeedback,5,zufriedenheit_gesamt,3,2026-02-27T07:12:00Z
2146,50201,wochenfeedback,5,tempo,2,2026-02-27T07:12:00Z
2147,50201,wochenfeedback,5,freitext,"Das Tempo ist mir zu hoch, ich komme kaum hinterher.",2026-02-27T07:12:00Z
6087,50503,wochenfeedback,5,zufriedenheit_gesamt,4,2026-02-27T07:25:00Z
6088,50503,wochenfeedback,5,tempo,4,2026-02-27T07:25:00Z
6089,50503,wochenfeedback,5,freitext,"Tempo passt für mich, gerne mehr Praxisbeispiele.",2026-02-27T07:25:00Z
8004,50665,wochenfeedback,5,zufriedenheit_gesamt,2,2026-02-27T07:25:00Z
8005,50665,wochenfeedback,5,tempo,5,2026-02-27T07:25:00Z
7504,50618,wochenfeedback,21,zufriedenheit_gesamt,5,2026-02-27T07:59:00Z
7505,50618,wochenfeedback,21,tempo,1,2026-02-27T07:59:00Z
7115,50591,wochenfeedback,1,zufriedenheit_gesamt,5,2026-02-27T08:19:00Z
7116,50591,wochenfeedback,1,tempo,5,2026-02-27T08:19:00Z
7993,50664,wochenfeedback,5,zufriedenheit_gesamt,5,2026-02-27T08:35:00Z
7994,50664,wochenfeedback,5,tempo,3,2026-02-27T08:35:00Z
7995,50664,wochenfeedback,5,freitext,Die Live-Sessions sind Gold wert.,2026-02-27T08:35:00Z
7428,50613,wochenfeedback,21,zufriedenheit_gesamt,3,2026-02-27T08:36:00Z
7429,50613,wochenfeedback,21,tempo,4,2026-02-27T08:36:00Z
2873,50260,wochenfeedback,9,zufriedenheit_gesamt,3,2026-02-27T08:49:00Z
2874,50260,wochenfeedback,9,tempo,3,2026-02-27T08:49:00Z
4738,50402,wochenfeedback,11,zufriedenheit_gesamt,5,2026-02-27T08:58:00Z
4739,50402,wochenfeedback,11,tempo,3,2026-02-27T08:58:00Z
4740,50402,wochenfeedback,11,freitext,Der Coach erklärt super verständlich.,2026-02-27T08:58:00Z
1530,50139,wochenfeedback,5,zufriedenheit_gesamt,4,2026-02-27T08:59:00Z
1531,50139,wochenfeedback,5,tempo,5,2026-02-27T08:59:00Z
1532,50139,wochenfeedback,5,freitext,Die Live-Sessions sind Gold wert.,2026-02-27T08:59:00Z
8238,50681,abschlussfeedback,,nps,9,2026-02-27T09:00:00Z
8239,50681,abschlussfeedback,,zufriedenheit_coach,5,2026-02-27T09:00:00Z
8240,50681,abschlussfeedback,,weiterempfehlung_grund,Die Live-Sessions sind Gold wert.,2026-02-27T09:00:00Z
4679,50396,wochenfeedback,37,zufriedenheit_gesamt,2,2026-02-27T10:37:00Z
4680,50396,wochenfeedback,37,tempo,4,2026-02-27T10:37:00Z
1412,50129,wochenfeedback,17,zufriedenheit_gesamt,5,2026-02-27T11:40:00Z
1413,50129,wochenfeedback,17,tempo,1,2026-02-27T11:40:00Z
6519,50539,wochenfeedback,5,zufriedenheit_gesamt,4,2026-02-27T12:12:00Z
6520,50539,wochenfeedback,5,tempo,3,2026-02-27T12:12:00Z
3595,50313,wochenfeedback,29,zufriedenheit_gesamt,4,2026-02-27T12:50:00Z
3596,50313,wochenfeedback,29,tempo,3,2026-02-27T12:50:00Z
3597,50313,wochenfeedback,29,freitext,"Top Inhalte, besonders das SQL-Modul.",2026-02-27T12:50:00Z
3852,50338,wochenfeedback,37,zufriedenheit_gesamt,4,2026-02-27T12:53:00Z
3853,50338,wochenfeedback,37,tempo,1,2026-02-27T12:53:00Z
3009,50276,wochenfeedback,57,zufriedenheit_gesamt,5,2026-02-27T13:24:00Z
3010,50276,wochenfeedback,57,tempo,3,2026-02-27T13:24:00Z
7860,50646,wochenfeedback,1,zufriedenheit_gesamt,3,2026-02-27T13:31:00Z
7861,50646,wochenfeedback,1,tempo,1,2026-02-27T13:31:00Z
397,50034,wochenfeedback,41,zufriedenheit_gesamt,4,2026-02-27T13:51:00Z
398,50034,wochenfeedback,41,tempo,3,2026-02-27T13:51:00Z
2600,50236,wochenfeedback,57,zufriedenheit_gesamt,2,2026-02-27T14:12:00Z
2601,50236,wochenfeedback,57,tempo,3,2026-02-27T14:12:00Z
1466,50136,wochenfeedback,1,zufriedenheit_gesamt,2,2026-02-27T14:29:00Z
1467,50136,wochenfeedback,1,tempo,5,2026-02-27T14:29:00Z
6506,50538,wochenfeedback,1,zufriedenheit_gesamt,1,2026-02-27T14:37:00Z
6507,50538,wochenfeedback,1,tempo,3,2026-02-27T14:37:00Z
4159,50367,wochenfeedback,5,zufriedenheit_gesamt,5,2026-02-27T15:03:00Z
4160,50367,wochenfeedback,5,tempo,5,2026-02-27T15:03:00Z
6021,50499,wochenfeedback,1,zufriedenheit_gesamt,5,2026-02-27T15:12:00Z
6022,50499,wochenfeedback,1,tempo,3,2026-02-27T15:12:00Z
5138,50437,wochenfeedback,21,zufriedenheit_gesamt,5,2026-02-27T15:14:00Z
5139,50437,wochenfeedback,21,tempo,2,2026-02-27T15:14:00Z
5140,50437,wochenfeedback,21,freitext,<p>Mehr Praxis bitte!</p>,2026-02-27T15:14:00Z
2841,50258,wochenfeedback,29,zufriedenheit_gesamt,2,2026-02-27T15:44:00Z
2842,50258,wochenfeedback,29,tempo,3,2026-02-27T15:44:00Z
2843,50258,wochenfeedback,29,freitext,Ich hätte gern mehr Live-Termine.,2026-02-27T15:44:00Z
6887,50569,wochenfeedback,13,zufriedenheit_gesamt,5,2026-02-27T15:58:00Z
6888,50569,wochenfeedback,13,tempo,5,2026-02-27T15:58:00Z
6889,50569,wochenfeedback,13,freitext,Die Live-Sessions sind Gold wert.,2026-02-27T15:58:00Z
1653,50148,wochenfeedback,13,zufriedenheit_gesamt,5,2026-02-27T15:59:00Z
1654,50148,wochenfeedback,13,tempo,4,2026-02-27T15:59:00Z
7765,50631,wochenfeedback,57,zufriedenheit_gesamt,2,2026-02-27T16:05:00Z
7766,50631,wochenfeedback,57,tempo,3,2026-02-27T16:05:00Z
7458,50616,wochenfeedback,21,zufriedenheit_gesamt,3,2026-02-27T17:16:00Z
7459,50616,wochenfeedback,21,tempo,1,2026-02-27T17:16:00Z
1855,50166,wochenfeedback,5,zufriedenheit_gesamt,5,2026-02-27T17:32:00Z
1856,50166,wochenfeedback,5,tempo,3,2026-02-27T17:32:00Z
2016,50181,wochenfeedback,9,zufriedenheit_gesamt,3,2026-02-27T18:05:00Z
2017,50181,wochenfeedback,9,tempo,3,2026-02-27T18:05:00Z
8215,50680,wochenfeedback,1,zufriedenheit_gesamt,5,2026-02-27T18:35:00Z
8216,50680,wochenfeedback,1,tempo,1,2026-02-27T18:35:00Z
86,50007,wochenfeedback,9,zufriedenheit_gesamt,4,2026-02-27T18:40:00Z
87,50007,wochenfeedback,9,tempo,3,2026-02-27T18:40:00Z
2351,50220,wochenfeedback,5,zufriedenheit_gesamt,5,2026-02-27T18:40:00Z
2352,50220,wochenfeedback,5,tempo,3,2026-02-27T18:40:00Z
6154,50506,wochenfeedback,5,zufriedenheit_gesamt,5,2026-02-27T18:48:00Z
6155,50506,wochenfeedback,5,tempo,4,2026-02-27T18:48:00Z
6156,50506,wochenfeedback,5,freitext,"Top Inhalte, besonders das SQL-Modul.",2026-02-27T18:48:00Z
8300,50687,wochenfeedback,37,zufriedenheit_gesamt,5,2026-02-27T18:50:00Z
8301,50687,wochenfeedback,37,tempo,4,2026-02-27T18:50:00Z
8302,50687,wochenfeedback,37,freitext,"Top Inhalte, besonders das SQL-Modul.",2026-02-27T18:50:00Z
8499,50700,abschlussfeedback,,nps,10,2026-03-05T22:00:00Z
8500,50700,abschlussfeedback,,zufriedenheit_coach,2,2026-03-05T22:00:00Z
8501,50700,abschlussfeedback,,weiterempfehlung_grund,"Top Inhalte, besonders das SQL-Modul.",2026-03-05T22:00:00Z
7506,50618,wochenfeedback,22,zufriedenheit_gesamt,2,2026-03-06T07:12:00Z
7507,50618,wochenfeedback,22,tempo,5,2026-03-06T07:12:00Z
2018,50181,wochenfeedback,10,zufriedenheit_gesamt,3,2026-03-06T07:23:00Z
2019,50181,wochenfeedback,10,tempo,5,2026-03-06T07:23:00Z
2745,50250,wochenfeedback,14,zufriedenheit_gesamt,4,2026-03-06T07:34:00Z
2746,50250,wochenfeedback,14,tempo,1,2026-03-06T07:34:00Z
2747,50250,wochenfeedback,14,freitext,Die Live-Sessions sind Gold wert.,2026-03-06T07:34:00Z
2844,50258,wochenfeedback,30,zufriedenheit_gesamt,3,2026-03-06T07:48:00Z
2845,50258,wochenfeedback,30,tempo,4,2026-03-06T07:48:00Z
2846,50258,wochenfeedback,30,freitext,Aufgabenstellungen sind teilweise unklar formuliert.,2026-03-06T07:48:00Z
7057,50585,wochenfeedback,10,zufriedenheit_gesamt,3,2026-03-06T09:13:00Z
7058,50585,wochenfeedback,10,tempo,1,2026-03-06T09:13:00Z
4161,50367,wochenfeedback,6,zufriedenheit_gesamt,4,2026-03-06T09:28:00Z
4162,50367,wochenfeedback,6,tempo,4,2026-03-06T09:28:00Z
4163,50367,wochenfeedback,6,freitext,"Tempo passt für mich, gerne mehr Praxisbeispiele.",2026-03-06T09:28:00Z
978,50092,wochenfeedback,14,zufriedenheit_gesamt,4,2026-03-06T09:44:00Z
979,50092,wochenfeedback,14,tempo,3,2026-03-06T09:44:00Z
38,50002,wochenfeedback,30,zufriedenheit_gesamt,5,2026-03-06T10:03:00Z
39,50002,wochenfeedback,30,tempo,5,2026-03-06T10:03:00Z
1414,50129,wochenfeedback,18,zufriedenheit_gesamt,5,2026-03-06T10:06:00Z
1415,50129,wochenfeedback,18,tempo,4,2026-03-06T10:06:00Z
6661,50550,wochenfeedback,50,zufriedenheit_gesamt,5,2026-03-06T10:38:00Z
6662,50550,wochenfeedback,50,tempo,3,2026-03-06T10:38:00Z
5464,50456,wochenfeedback,6,zufriedenheit_gesamt,5,2026-03-06T10:57:00Z
5465,50456,wochenfeedback,6,tempo,1,2026-03-06T10:57:00Z
3011,50276,wochenfeedback,58,zufriedenheit_gesamt,5,2026-03-06T11:32:00Z
3012,50276,wochenfeedback,58,tempo,3,2026-03-06T11:32:00Z
1041,50094,wochenfeedback,66,zufriedenheit_gesamt,4,2026-03-06T11:33:00Z
1042,50094,wochenfeedback,66,tempo,4,2026-03-06T11:33:00Z
4499,50389,wochenfeedback,10,zufriedenheit_gesamt,2,2026-03-06T11:54:00Z
4500,50389,wochenfeedback,10,tempo,4,2026-03-06T11:54:00Z
676,50064,wochenfeedback,2,zufriedenheit_gesamt,5,2026-03-06T12:09:00Z
677,50064,wochenfeedback,2,tempo,1,2026-03-06T12:09:00Z
678,50064,wochenfeedback,2,freitext,Die Live-Sessions sind Gold wert.,2026-03-06T12:09:00Z
2148,50201,wochenfeedback,6,zufriedenheit_gesamt,5,2026-03-06T13:20:00Z
2149,50201,wochenfeedback,6,tempo,4,2026-03-06T13:20:00Z
8400,50695,wochenfeedback,2,zufriedenheit_gesamt,2,2026-03-06T14:12:00Z
8401,50695,wochenfeedback,2,tempo,4,2026-03-06T14:12:00Z
5734,50479,wochenfeedback,38,zufriedenheit_gesamt,3,2026-03-06T14:13:00Z
5735,50479,wochenfeedback,38,tempo,2,2026-03-06T14:13:00Z
4556,50393,wochenfeedback,6,zufriedenheit_gesamt,5,2026-03-06T14:30:00Z
4557,50393,wochenfeedback,6,tempo,3,2026-03-06T14:30:00Z
3925,50344,wochenfeedback,18,zufriedenheit_gesamt,2,2026-03-06T14:45:00Z
3926,50344,wochenfeedback,18,tempo,3,2026-03-06T14:45:00Z
3927,50344,wochenfeedback,18,freitext,Die Plattform hatte diese Woche mehrfach Ausfälle.,2026-03-06T14:45:00Z
1546,50140,wochenfeedback,10,zufriedenheit_gesamt,4,2026-03-06T14:52:00Z
1547,50140,wochenfeedback,10,tempo,4,2026-03-06T14:52:00Z
7575,50620,wochenfeedback,78,zufriedenheit_gesamt,4,2026-03-06T15:13:00Z
7576,50620,wochenfeedback,78,tempo,4,2026-03-06T15:13:00Z
8378,50692,wochenfeedback,74,zufriedenheit_gesamt,4,2026-03-06T16:22:00Z
8379,50692,wochenfeedback,74,tempo,3,2026-03-06T16:22:00Z
6567,50544,wochenfeedback,6,zufriedenheit_gesamt,4,2026-03-06T16:36:00Z
6568,50544,wochenfeedback,6,tempo,3,2026-03-06T16:36:00Z
3413,50303,wochenfeedback,78,zufriedenheit_gesamt,5,2026-03-06T16:44:00Z
3414,50303,wochenfeedback,78,tempo,3,2026-03-06T16:44:00Z
3415,50303,wochenfeedback,78,freitext,"Sehr gute Betreuung, die Übungen sind praxisnah.",2026-03-06T16:44:00Z
8303,50687,wochenfeedback,38,zufriedenheit_gesamt,3,2026-03-06T16:47:00Z
8304,50687,wochenfeedback,38,tempo,4,2026-03-06T16:47:00Z
2120,50196,wochenfeedback,10,zufriedenheit_gesamt,4,2026-03-06T17:12:00Z
2121,50196,wochenfeedback,10,tempo,2,2026-03-06T17:12:00Z
2122,50196,wochenfeedback,10,freitext,<p>Insgesamt <strong>sehr zufrieden</strong>.</p>,2026-03-06T17:12:00Z
7460,50616,wochenfeedback,22,zufriedenheit_gesamt,4,2026-03-06T17:56:00Z
7461,50616,wochenfeedback,22,tempo,1,2026-03-06T17:56:00Z
7462,50616,wochenfeedback,22,freitext,Die Live-Sessions sind Gold wert.,2026-03-06T17:56:00Z
1857,50166,wochenfeedback,6,zufriedenheit_gesamt,5,2026-03-06T17:59:00Z
1858,50166,wochenfeedback,6,tempo,4,2026-03-06T17:59:00Z
1859,50166,wochenfeedback,6,freitext,"Sehr gute Betreuung, die Übungen sind praxisnah.",2026-03-06T17:59:00Z
4229,50371,wochenfeedback,66,zufriedenheit_gesamt,5,2026-03-06T18:05:00Z
4230,50371,wochenfeedback,66,tempo,5,2026-03-06T18:05:00Z
5963,50493,wochenfeedback,10,zufriedenheit_gesamt,5,2026-03-06T18:09:00Z
5964,50493,wochenfeedback,10,tempo,4,2026-03-06T18:09:00Z
5965,50493,wochenfeedback,10,freitext,<p>Insgesamt <strong>sehr zufrieden</strong>.</p>,2026-03-06T18:09:00Z
2100,50192,abschlussfeedback,,nps,5,2026-03-07T00:00:00Z
2101,50192,abschlussfeedback,,zufriedenheit_coach,3,2026-03-07T00:00:00Z
2102,50192,abschlussfeedback,,weiterempfehlung_grund,Der Coach erklärt super verständlich.,2026-03-07T00:00:00Z
4741,50402,abschlussfeedback,,nps,8,2026-03-07T00:00:00Z
4742,50402,abschlussfeedback,,zufriedenheit_coach,5,2026-03-07T00:00:00Z
4743,50402,abschlussfeedback,,weiterempfehlung_grund,"Tempo passt für mich, gerne mehr Praxisbeispiele.",2026-03-07T00:00:00Z
3117,50283,wochenfeedback,19,zufriedenheit_gesamt,5,2026-03-13T07:08:00Z
3118,50283,wochenfeedback,19,tempo,3,2026-03-13T07:08:00Z
6090,50503,wochenfeedback,7,zufriedenheit_gesamt,3,2026-03-13T07:18:00Z
6091,50503,wochenfeedback,7,tempo,2,2026-03-13T07:18:00Z
6092,50503,wochenfeedback,7,freitext,Aufgabenstellungen sind teilweise unklar formuliert.,2026-03-13T07:18:00Z
3090,50282,wochenfeedback,7,zufriedenheit_gesamt,3,2026-03-13T07:48:00Z
3091,50282,wochenfeedback,7,tempo,3,2026-03-13T07:48:00Z
3092,50282,wochenfeedback,7,freitext,Aufgabenstellungen sind teilweise unklar formuliert.,2026-03-13T07:48:00Z
8006,50665,wochenfeedback,7,zufriedenheit_gesamt,4,2026-03-13T07:53:00Z
8007,50665,wochenfeedback,7,tempo,4,2026-03-13T07:53:00Z
4501,50389,wochenfeedback,11,zufriedenheit_gesamt,1,2026-03-13T08:11:00Z
4502,50389,wochenfeedback,11,tempo,4,2026-03-13T08:11:00Z
8042,50667,wochenfeedback,31,zufriedenheit_gesamt,5,2026-03-13T08:16:00Z
8043,50667,wochenfeedback,31,tempo,2,2026-03-13T08:16:00Z
8044,50667,wochenfeedback,31,freitext,Die Live-Sessions sind Gold wert.,2026-03-13T08:16:00Z
2802,50256,wochenfeedback,15,zufriedenheit_gesamt,2,2026-03-13T08:44:00Z
2803,50256,wochenfeedback,15,tempo,3,2026-03-13T08:44:00Z
2804,50256,wochenfeedback,15,freitext,Statistik-Modul ist zu theoretisch.,2026-03-13T08:44:00Z
4016,50347,wochenfeedback,71,zufriedenheit_gesamt,4,2026-03-13T09:13:00Z
4017,50347,wochenfeedback,71,tempo,3,2026-03-13T09:13:00Z
555,50054,wochenfeedback,31,zufriedenheit_gesamt,5,2026-03-13T09:21:00Z
556,50054,wochenfeedback,31,tempo,3,2026-03-13T09:21:00Z
2339,50219,wochenfeedback,11,zufriedenheit_gesamt,2,2026-03-13T09:48:00Z
2340,50219,wochenfeedback,11,tempo,5,2026-03-13T09:48:00Z
6521,50539,wochenfeedback,7,zufriedenheit_gesamt,5,2026-03-13T09:49:00Z
6522,50539,wochenfeedback,7,tempo,4,2026-03-13T09:49:00Z
6523,50539,wochenfeedback,7,freitext,<p>Insgesamt <strong>sehr zufrieden</strong>.</p>,2026-03-13T09:49:00Z
4631,50394,wochenfeedback,71,zufriedenheit_gesamt,4,2026-03-13T09:57:00Z
4632,50394,wochenfeedback,71,tempo,3,2026-03-13T09:57:00Z
6138,50505,wochenfeedback,43,zufriedenheit_gesamt,4,2026-03-13T10:02:00Z
6139,50505,wochenfeedback,43,tempo,5,2026-03-13T10:02:00Z
1422,50130,wochenfeedback,3,zufriedenheit_gesamt,2,2026-03-13T10:29:00Z
1423,50130,wochenfeedback,3,tempo,2,2026-03-13T10:29:00Z
5736,50479,wochenfeedback,39,zufriedenheit_gesamt,4,2026-03-13T10:41:00Z
5737,50479,wochenfeedback,39,tempo,1,2026-03-13T10:41:00Z
40,50002,wochenfeedback,31,zufriedenheit_gesamt,2,2026-03-13T11:44:00Z
41,50002,wochenfeedback,31,tempo,2,2026-03-13T11:44:00Z
4231,50371,wochenfeedback,67,zufriedenheit_gesamt,2,2026-03-13T11:49:00Z
4232,50371,wochenfeedback,67,tempo,5,2026-03-13T11:49:00Z
2847,50258,wochenfeedback,31,zufriedenheit_gesamt,4,2026-03-13T11:57:00Z
2848,50258,wochenfeedback,31,tempo,3,2026-03-13T11:57:00Z
6576,50545,wochenfeedback,7,zufriedenheit_gesamt,4,2026-03-13T12:02:00Z
6577,50545,wochenfeedback,7,tempo,3,2026-03-13T12:02:00Z
6890,50569,wochenfeedback,15,zufriedenheit_gesamt,2,2026-03-13T12:21:00Z
6891,50569,wochenfeedback,15,tempo,3,2026-03-13T12:21:00Z
1548,50140,wochenfeedback,11,zufriedenheit_gesamt,5,2026-03-13T12:51:00Z
1549,50140,wochenfeedback,11,tempo,2,2026-03-13T12:51:00Z
1550,50140,wochenfeedback,11,freitext,"Tempo passt für mich, gerne mehr Praxisbeispiele.",2026-03-13T12:51:00Z
3253,50294,wochenfeedback,23,zufriedenheit_gesamt,2,2026-03-13T13:21:00Z
3254,50294,wochenfeedback,23,tempo,4,2026-03-13T13:21:00Z
1307,50118,wochenfeedback,31,zufriedenheit_gesamt,3,2026-03-13T13:33:00Z
1308,50118,wochenfeedback,31,tempo,3,2026-03-13T13:33:00Z
3598,50313,wochenfeedback,31,zufriedenheit_gesamt,5,2026-03-13T13:38:00Z
3599,50313,wochenfeedback,31,tempo,4,2026-03-13T13:38:00Z
5814,50481,wochenfeedback,67,zufriedenheit_gesamt,3,2026-03-13T13:38:00Z
5815,50481,wochenfeedback,67,tempo,2,2026-03-13T13:38:00Z
4558,50393,wochenfeedback,7,zufriedenheit_gesamt,4,2026-03-13T13:45:00Z
4559,50393,wochenfeedback,7,tempo,5,2026-03-13T13:45:00Z
7683,50627,wochenfeedback,7,zufriedenheit_gesamt,5,2026-03-13T13:45:00Z
7684,50627,wochenfeedback,7,tempo,5,2026-03-13T13:45:00Z
1286,50117,wochenfeedback,15,zufriedenheit_gesamt,2,2026-03-13T13:55:00Z
1287,50117,wochenfeedback,15,tempo,3,2026-03-13T13:55:00Z
6989,50579,wochenfeedback,39,zufriedenheit_gesamt,5,2026-03-13T14:37:00Z
6990,50579,wochenfeedback,39,tempo,1,2026-03-13T14:37:00Z
679,50064,wochenfeedback,3,zufriedenheit_gesamt,3,2026-03-13T14:48:00Z
680,50064,wochenfeedback,3,tempo,5,2026-03-13T14:48:00Z
2150,50201,wochenfeedback,7,zufriedenheit_gesamt,4,2026-03-13T15:11:00Z
2151,50201,wochenfeedback,7,tempo,3,2026-03-13T15:11:00Z
6834,50565,wochenfeedback,15,zufriedenheit_gesamt,5,2026-03-13T16:12:00Z
6835,50565,wochenfeedback,15,tempo,3,2026-03-13T16:12:00Z
1506,50138,wochenfeedback,27,zufriedenheit_gesamt,2,2026-03-13T16:24:00Z
1507,50138,wochenfeedback,27,tempo,5,2026-03-13T16:24:00Z
7996,50664,wochenfeedback,7,zufriedenheit_gesamt,3,2026-03-13T16:33:00Z
7997,50664,wochenfeedback,7,tempo,5,2026-03-13T16:33:00Z
7998,50664,wochenfeedback,7,freitext,Zu wenig Feedback zu den Abgaben.,2026-03-13T16:33:00Z
7430,50613,wochenfeedback,23,zufriedenheit_gesamt,5,2026-03-13T16:48:00Z
7431,50613,wochenfeedback,23,tempo,1,2026-03-13T16:48:00Z
7432,50613,wochenfeedback,23,freitext,"Top Inhalte, besonders das SQL-Modul.",2026-03-13T16:48:00Z
2511,50233,wochenfeedback,31,zufriedenheit_gesamt,5,2026-03-13T17:11:00Z
2512,50233,wochenfeedback,31,tempo,2,2026-03-13T17:11:00Z
6013,50498,wochenfeedback,7,zufriedenheit_gesamt,2,2026-03-13T17:27:00Z
6014,50498,wochenfeedback,7,tempo,2,2026-03-13T17:27:00Z
6015,50498,wochenfeedback,7,freitext,Aufgabenstellungen sind teilweise unklar formuliert.,2026-03-13T17:27:00Z
3280,50296,wochenfeedback,23,zufriedenheit_gesamt,3,2026-03-13T17:32:00Z
3281,50296,wochenfeedback,23,tempo,3,2026-03-13T17:32:00Z
8173,50675,wochenfeedback,31,zufriedenheit_gesamt,4,2026-03-13T17:50:00Z
8174,50675,wochenfeedback,31,tempo,4,2026-03-13T17:50:00Z
8175,50675,wochenfeedback,31,freitext,Ich fühle mich gut vorbereitet.,2026-03-13T17:50:00Z
7463,50616,wochenfeedback,23,zufriedenheit_gesamt,5,2026-03-13T17:57:00Z
7464,50616,wochenfeedback,23,tempo,3,2026-03-13T17:57:00Z
7465,50616,wochenfeedback,23,freitext,"Top Inhalte, besonders das SQL-Modul.",2026-03-13T17:57:00Z
1468,50136,wochenfeedback,3,zufriedenheit_gesamt,3,2026-03-13T18:08:00Z
1469,50136,wochenfeedback,3,tempo,3,2026-03-13T18:08:00Z
7059,50585,wochenfeedback,11,zufriedenheit_gesamt,5,2026-03-13T18:21:00Z
7060,50585,wochenfeedback,11,tempo,4,2026-03-13T18:21:00Z
7061,50585,wochenfeedback,11,freitext,"Sehr gute Betreuung, die Übungen sind praxisnah.",2026-03-13T18:21:00Z
7767,50631,wochenfeedback,59,zufriedenheit_gesamt,3,2026-03-13T18:34:00Z
7768,50631,wochenfeedback,59,tempo,4,2026-03-13T18:34:00Z
6326,50525,wochenfeedback,7,zufriedenheit_gesamt,2,2026-03-13T18:38:00Z
6327,50525,wochenfeedback,7,tempo,2,2026-03-13T18:38:00Z
4884,50416,wochenfeedback,23,zufriedenheit_gesamt,4,2026-03-13T18:43:00Z
4885,50416,wochenfeedback,23,tempo,5,2026-03-13T18:43:00Z
3854,50338,abschlussfeedback,,nps,6,2026-03-14T17:00:00Z
3855,50338,abschlussfeedback,,zufriedenheit_coach,5,2026-03-14T17:00:00Z
3856,50338,abschlussfeedback,,weiterempfehlung_grund,"Top Inhalte, besonders das SQL-Modul.",2026-03-14T17:00:00Z
7999,50664,abschlussfeedback,,nps,8,2026-03-15T18:00:00Z
8000,50664,abschlussfeedback,,zufriedenheit_coach,4,2026-03-15T18:00:00Z
8001,50664,abschlussfeedback,,weiterempfehlung_grund,Die Plattform hatte diese Woche mehrfach Ausfälle.,2026-03-15T18:00:00Z
6892,50569,abschlussfeedback,,nps,8,2026-03-16T08:00:00Z
6893,50569,abschlussfeedback,,zufriedenheit_coach,5,2026-03-16T08:00:00Z
6894,50569,abschlussfeedback,,weiterempfehlung_grund,Die Live-Sessions sind Gold wert.,2026-03-16T08:00:00Z
3600,50313,abschlussfeedback,,nps,10,2026-03-17T03:00:00Z
3601,50313,abschlussfeedback,,zufriedenheit_coach,4,2026-03-17T03:00:00Z
3602,50313,abschlussfeedback,,weiterempfehlung_grund,Statistik-Modul ist zu theoretisch.,2026-03-17T03:00:00Z
1416,50129,abschlussfeedback,,nps,9,2026-03-18T00:00:00Z
1417,50129,abschlussfeedback,,zufriedenheit_coach,2,2026-03-18T00:00:00Z
1418,50129,abschlussfeedback,,weiterempfehlung_grund,Der Coach erklärt super verständlich.,2026-03-18T00:00:00Z
6991,50579,abschlussfeedback,,nps,6,2026-03-18T01:00:00Z
6992,50579,abschlussfeedback,,zufriedenheit_coach,2,2026-03-18T01:00:00Z
6993,50579,abschlussfeedback,,weiterempfehlung_grund,"Top Inhalte, besonders das SQL-Modul.",2026-03-18T01:00:00Z
2228,50205,abschlussfeedback,,nps,7,2026-03-18T02:00:00Z
2229,50205,abschlussfeedback,,zufriedenheit_coach,5,2026-03-18T02:00:00Z
2230,50205,abschlussfeedback,,weiterempfehlung_grund,"Top Inhalte, besonders das SQL-Modul.",2026-03-18T02:00:00Z
6875,50568,abschlussfeedback,,nps,8,2026-03-18T22:00:00Z
6876,50568,abschlussfeedback,,zufriedenheit_coach,5,2026-03-18T22:00:00Z
6877,50568,abschlussfeedback,,weiterempfehlung_grund,"Tempo passt für mich, gerne mehr Praxisbeispiele.",2026-03-18T22:00:00Z
6560,50541,abschlussfeedback,,nps,,2026-03-19T19:00:00Z
6561,50541,abschlussfeedback,,zufriedenheit_coach,5,2026-03-19T19:00:00Z
6562,50541,abschlussfeedback,,weiterempfehlung_grund,Ich fühle mich gut vorbereitet.,2026-03-19T19:00:00Z
2849,50258,abschlussfeedback,,nps,8/10,2026-03-20T00:00:00Z
2850,50258,abschlussfeedback,,zufriedenheit_coach,4,2026-03-20T00:00:00Z
2851,50258,abschlussfeedback,,weiterempfehlung_grund,"Sehr gute Betreuung, die Übungen sind praxisnah.",2026-03-20T00:00:00Z
557,50054,abschlussfeedback,,nps,9,2026-03-20T02:00:00Z
558,50054,abschlussfeedback,,zufriedenheit_coach,5,2026-03-20T02:00:00Z
559,50054,abschlussfeedback,,weiterempfehlung_grund,Der Coach erklärt super verständlich.,2026-03-20T02:00:00Z
4503,50389,wochenfeedback,12,zufriedenheit_gesamt,1,2026-03-20T07:41:00Z
4504,50389,wochenfeedback,12,tempo,4,2026-03-20T07:41:00Z
2304,50216,wochenfeedback,24,zufriedenheit_gesamt,2,2026-03-20T07:57:00Z
2305,50216,wochenfeedback,24,tempo,2,2026-03-20T07:57:00Z
2306,50216,wochenfeedback,24,freitext,"Das Tempo ist mir zu hoch, ich komme kaum hinterher.",2026-03-20T07:57:00Z
358,50033,wochenfeedback,24,zufriedenheit_gesamt,3,2026-03-20T08:32:00Z
359,50033,wochenfeedback,24,tempo,3,2026-03-20T08:32:00Z
360,50033,wochenfeedback,24,freitext,Statistik-Modul ist zu theoretisch.,2026-03-20T08:32:00Z
7466,50616,wochenfeedback,24,zufriedenheit_gesamt,5,2026-03-20T09:12:00Z
7467,50616,wochenfeedback,24,tempo,4,2026-03-20T09:12:00Z
4560,50393,wochenfeedback,8,zufriedenheit_gesamt,3,2026-03-20T09:35:00Z
4561,50393,wochenfeedback,8,tempo,3,2026-03-20T09:35:00Z
102,50009,wochenfeedback,8,zufriedenheit_gesamt,5,2026-03-20T09:43:00Z
103,50009,wochenfeedback,8,tempo,4,2026-03-20T09:43:00Z
5284,50448,wochenfeedback,4,zufriedenheit_gesamt,5,2026-03-20T09:43:00Z
5285,50448,wochenfeedback,4,tempo,3,2026-03-20T09:43:00Z
8176,50675,wochenfeedback,32,zufriedenheit_gesamt,5,2026-03-20T10:00:00Z
8177,50675,wochenfeedback,32,tempo,3,2026-03-20T10:00:00Z
5466,50456,wochenfeedback,8,zufriedenheit_gesamt,3,2026-03-20T10:02:00Z
5467,50456,wochenfeedback,8,tempo,1,2026-03-20T10:02:00Z
3477,50306,wochenfeedback,2,zufriedenheit_gesamt,5,2026-03-20T10:05:00Z
3478,50306,wochenfeedback,2,tempo,1,2026-03-20T10:05:00Z
927,50086,wochenfeedback,16,zufriedenheit_gesamt,5,2026-03-20T10:10:00Z
928,50086,wochenfeedback,16,tempo,3,2026-03-20T10:10:00Z
929,50086,wochenfeedback,16,freitext,<p>Mehr Praxis bitte!</p>,2026-03-20T10:10:00Z
6488,50536,wochenfeedback,16,zufriedenheit_gesamt,2,2026-03-20T10:21:00Z
6489,50536,wochenfeedback,16,tempo,3,2026-03-20T10:21:00Z
980,50092,wochenfeedback,16,zufriedenheit_gesamt,5,2026-03-20T10:54:00Z
981,50092,wochenfeedback,16,tempo,3,2026-03-20T10:54:00Z
982,50092,wochenfeedback,16,freitext,"Top Inhalte, besonders das SQL-Modul.",2026-03-20T10:54:00Z
6140,50505,wochenfeedback,44,zufriedenheit_gesamt,4,2026-03-20T12:01:00Z
6141,50505,wochenfeedback,44,tempo,4,2026-03-20T12:01:00Z
1860,50166,wochenfeedback,8,zufriedenheit_gesamt,5,2026-03-20T12:02:00Z
1861,50166,wochenfeedback,8,tempo,4,2026-03-20T12:02:00Z
1862,50166,wochenfeedback,8,freitext,"Sehr gute Betreuung, die Übungen sind praxisnah.",2026-03-20T12:02:00Z
2513,50233,wochenfeedback,32,zufriedenheit_gesamt,5,2026-03-20T12:03:00Z
2514,50233,wochenfeedback,32,tempo,5,2026-03-20T12:03:00Z
1043,50094,wochenfeedback,68,zufriedenheit_gesamt,5,2026-03-20T12:07:00Z
1044,50094,wochenfeedback,68,tempo,3,2026-03-20T12:07:00Z
7117,50591,wochenfeedback,4,zufriedenheit_gesamt,5,2026-03-20T12:23:00Z
7118,50591,wochenfeedback,4,tempo,4,2026-03-20T12:23:00Z
8440,50696,wochenfeedback,16,zufriedenheit_gesamt,5,2026-03-20T12:31:00Z
8441,50696,wochenfeedback,16,tempo,4,2026-03-20T12:31:00Z
8442,50696,wochenfeedback,16,freitext,Der Coach erklärt super verständlich.,2026-03-20T12:31:00Z
7862,50646,wochenfeedback,4,zufriedenheit_gesamt,5,2026-03-20T13:04:00Z
7863,50646,wochenfeedback,4,tempo,3,2026-03-20T13:04:00Z
7864,50646,wochenfeedback,4,freitext,Die Live-Sessions sind Gold wert.,2026-03-20T13:04:00Z
1508,50138,wochenfeedback,28,zufriedenheit_gesamt,4,2026-03-20T13:09:00Z
1509,50138,wochenfeedback,28,tempo,3,2026-03-20T13:09:00Z
1510,50138,wochenfeedback,28,freitext,<p>Mehr Praxis bitte!</p>,2026-03-20T13:09:00Z
4447,50387,wochenfeedback,8,zufriedenheit_gesamt,4,2026-03-20T13:58:00Z
4448,50387,wochenfeedback,8,tempo,4,2026-03-20T13:58:00Z
2106,50194,wochenfeedback,4,zufriedenheit_gesamt,4,2026-03-20T14:09:00Z
2107,50194,wochenfeedback,4,tempo,3,2026-03-20T14:09:00Z
5359,50451,wochenfeedback,24,zufriedenheit_gesamt,4,2026-03-20T14:43:00Z
5360,50451,wochenfeedback,24,tempo,3,2026-03-20T14:43:00Z
3416,50303,wochenfeedback,80,zufriedenheit_gesamt,2,2026-03-20T15:00:00Z
3417,50303,wochenfeedback,80,tempo,1,2026-03-20T15:00:00Z
5999,50496,wochenfeedback,8,zufriedenheit_gesamt,4,2026-03-20T15:15:00Z
6000,50496,wochenfeedback,8,tempo,4,2026-03-20T15:15:00Z
8402,50695,wochenfeedback,4,zufriedenheit_gesamt,5,2026-03-20T15:19:00Z
8403,50695,wochenfeedback,4,tempo,1,2026-03-20T15:19:00Z
7383,50612,wochenfeedback,52,zufriedenheit_gesamt,5,2026-03-20T15:36:00Z
7384,50612,wochenfeedback,52,tempo,3,2026-03-20T15:36:00Z
7577,50620,wochenfeedback,80,zufriedenheit_gesamt,3,2026-03-20T15:39:00Z
7578,50620,wochenfeedback,80,tempo,3,2026-03-20T15:39:00Z
3783,50329,wochenfeedback,24,zufriedenheit_gesamt,4,2026-03-20T15:45:00Z
3784,50329,wochenfeedback,24,tempo,5,2026-03-20T15:45:00Z
3785,50329,wochenfeedback,24,freitext,"Sehr gute Betreuung, die Übungen sind praxisnah.",2026-03-20T15:45:00Z
88,50007,wochenfeedback,12,zufriedenheit_gesamt,5,2026-03-20T15:54:00Z
89,50007,wochenfeedback,12,tempo,2,2026-03-20T15:54:00Z
1551,50140,wochenfeedback,12,zufriedenheit_gesamt,5,2026-03-20T16:02:00Z
1552,50140,wochenfeedback,12,tempo,4,2026-03-20T16:02:00Z
6841,50566,wochenfeedback,4,zufriedenheit_gesamt,4,2026-03-20T16:13:00Z
6842,50566,wochenfeedback,4,tempo,3,2026-03-20T16:13:00Z
6843,50566,wochenfeedback,4,freitext,Der Coach erklärt super verständlich.,2026-03-20T16:13:00Z
7016,50581,wochenfeedback,2,zufriedenheit_gesamt,4,2026-03-20T16:43:00Z
7017,50581,wochenfeedback,2,tempo,1,2026-03-20T16:43:00Z
2748,50250,wochenfeedback,16,zufriedenheit_gesamt,5,2026-03-20T16:44:00Z
2749,50250,wochenfeedback,16,tempo,4,2026-03-20T16:44:00Z
3255,50294,wochenfeedback,24,zufriedenheit_gesamt,4,2026-03-20T17:37:00Z
3256,50294,wochenfeedback,24,tempo,4,2026-03-20T17:37:00Z
1470,50136,wochenfeedback,4,zufriedenheit_gesamt,1,2026-03-20T17:40:00Z
1471,50136,wochenfeedback,4,tempo,3,2026-03-20T17:40:00Z
1472,50136,wochenfeedback,4,freitext,Statistik-Modul ist zu theoretisch.,2026-03-20T17:40:00Z
2252,50209,wochenfeedback,12,zufriedenheit_gesamt,5,2026-03-20T17:56:00Z
2253,50209,wochenfeedback,12,tempo,5,2026-03-20T17:56:00Z
5896,50488,wochenfeedback,20,zufriedenheit_gesamt,5,2026-03-20T17:56:00Z
5897,50488,wochenfeedback,20,tempo,3,2026-03-20T17:56:00Z
8008,50665,wochenfeedback,8,zufriedenheit_gesamt,2,2026-03-20T18:30:00Z
8009,50665,wochenfeedback,8,tempo,5,2026-03-20T18:30:00Z
8010,50665,wochenfeedback,8,freitext,Zu wenig Feedback zu den Abgaben.,2026-03-20T18:30:00Z
493,50048,wochenfeedback,2,zufriedenheit_gesamt,5,2026-03-20T18:57:00Z
494,50048,wochenfeedback,2,tempo,2,2026-03-20T18:57:00Z
5281,50447,abschlussfeedback,,nps,10/10,2026-03-21T00:00:00Z
5282,50447,abschlussfeedback,,zufriedenheit_coach,4,2026-03-21T00:00:00Z
5283,50447,abschlussfeedback,,weiterempfehlung_grund,Der Coach erklärt super verständlich.,2026-03-21T00:00:00Z
5738,50479,abschlussfeedback,,nps,3,2026-03-21T23:00:00Z
5739,50479,abschlussfeedback,,zufriedenheit_coach,5,2026-03-21T23:00:00Z
5740,50479,abschlussfeedback,,weiterempfehlung_grund,Aufgabenstellungen sind teilweise unklar formuliert.,2026-03-21T23:00:00Z
6093,50503,abschlussfeedback,,nps,6,2026-03-22T02:00:00Z
6094,50503,abschlussfeedback,,zufriedenheit_coach,5,2026-03-22T02:00:00Z
6095,50503,abschlussfeedback,,weiterempfehlung_grund,"Sehr gute Betreuung, die Übungen sind praxisnah.",2026-03-22T02:00:00Z
3119,50283,abschlussfeedback,,nps,8,2026-03-22T05:00:00Z
3120,50283,abschlussfeedback,,zufriedenheit_coach,5,2026-03-22T05:00:00Z
3121,50283,abschlussfeedback,,weiterempfehlung_grund,Die Plattform hatte diese Woche mehrfach Ausfälle.,2026-03-22T05:00:00Z
5090,50434,abschlussfeedback,,nps,10,2026-03-24T03:00:00Z
5091,50434,abschlussfeedback,,zufriedenheit_coach,5,2026-03-24T03:00:00Z
5092,50434,abschlussfeedback,,weiterempfehlung_grund,Der Coach erklärt super verständlich.,2026-03-24T03:00:00Z
4164,50367,abschlussfeedback,,nps,5,2026-03-24T05:00:00Z
4165,50367,abschlussfeedback,,zufriedenheit_coach,2,2026-03-24T05:00:00Z
4166,50367,abschlussfeedback,,weiterempfehlung_grund,"Sehr gute Betreuung, die Übungen sind praxisnah.",2026-03-24T05:00:00Z
42,50002,abschlussfeedback,,nps,8,2026-03-24T21:00:00Z
43,50002,abschlussfeedback,,zufriedenheit_coach,2,2026-03-24T21:00:00Z
44,50002,abschlussfeedback,,weiterempfehlung_grund,Zu wenig Feedback zu den Abgaben.,2026-03-24T21:00:00Z
6508,50538,wochenfeedback,5,zufriedenheit_gesamt,3,2026-03-27T07:00:00Z
6509,50538,wochenfeedback,5,tempo,3,2026-03-27T07:00:00Z
4681,50396,wochenfeedback,41,zufriedenheit_gesamt,3,2026-03-27T07:25:00Z
4682,50396,wochenfeedback,41,tempo,3,2026-03-27T07:25:00Z
4233,50371,wochenfeedback,69,zufriedenheit_gesamt,4,2026-03-27T07:29:00Z
4234,50371,wochenfeedback,69,tempo,3,2026-03-27T07:29:00Z
8305,50687,wochenfeedback,41,zufriedenheit_gesamt,4,2026-03-27T07:46:00Z
8306,50687,wochenfeedback,41,tempo,3,2026-03-27T07:46:00Z
6157,50506,wochenfeedback,9,zufriedenheit_gesamt,5,2026-03-27T08:03:00Z
6158,50506,wochenfeedback,9,tempo,3,2026-03-27T08:03:00Z
930,50086,wochenfeedback,17,zufriedenheit_gesamt,4,2026-03-27T08:36:00Z
931,50086,wochenfeedback,17,tempo,2,2026-03-27T08:36:00Z
2123,50196,wochenfeedback,13,zufriedenheit_gesamt,5,2026-03-27T08:49:00Z
2124,50196,wochenfeedback,13,tempo,1,2026-03-27T08:49:00Z
663,50062,wochenfeedback,1,zufriedenheit_gesamt,4,2026-03-27T09:21:00Z
664,50062,wochenfeedback,1,tempo,3,2026-03-27T09:21:00Z
3928,50344,wochenfeedback,21,zufriedenheit_gesamt,4,2026-03-27T09:21:00Z
3929,50344,wochenfeedback,21,tempo,3,2026-03-27T09:21:00Z
6142,50505,wochenfeedback,45,zufriedenheit_gesamt,5,2026-03-27T09:32:00Z
6143,50505,wochenfeedback,45,tempo,2,2026-03-27T09:32:00Z
6144,50505,wochenfeedback,45,freitext,"Tempo passt für mich, gerne mehr Praxisbeispiele.",2026-03-27T09:32:00Z
436,50037,wochenfeedback,1,zufriedenheit_gesamt,5,2026-03-27T09:39:00Z
437,50037,wochenfeedback,1,tempo,2,2026-03-27T09:39:00Z
438,50037,wochenfeedback,1,freitext,Ich fühle mich gut vorbereitet.,2026-03-27T09:39:00Z
6328,50525,wochenfeedback,9,zufriedenheit_gesamt,2,2026-03-27T10:55:00Z
6329,50525,wochenfeedback,9,tempo,4,2026-03-27T10:55:00Z
6063,50502,wochenfeedback,1,zufriedenheit_gesamt,4,2026-03-27T11:01:00Z
6064,50502,wochenfeedback,1,tempo,3,2026-03-27T11:01:00Z
1309,50118,wochenfeedback,33,zufriedenheit_gesamt,4,2026-03-27T11:13:00Z
1310,50118,wochenfeedback,33,tempo,5,2026-03-27T11:13:00Z
1311,50118,wochenfeedback,33,freitext,"Tempo passt für mich, gerne mehr Praxisbeispiele.",2026-03-27T11:13:00Z
6421,50529,wochenfeedback,65,zufriedenheit_gesamt,2,2026-03-27T12:22:00Z
6422,50529,wochenfeedback,65,tempo,1,2026-03-27T12:22:00Z
6423,50529,wochenfeedback,65,freitext,"Das Tempo ist mir zu hoch, ich komme kaum hinterher.",2026-03-27T12:22:00Z
6016,50498,wochenfeedback,9,zufriedenheit_gesamt,1,2026-03-27T12:37:00Z
6017,50498,wochenfeedback,9,tempo,3,2026-03-27T12:37:00Z
6018,50498,wochenfeedback,9,freitext,"<p>Die Videos sind gut, aber die Quizze sind zu leicht.</p>",2026-03-27T12:37:00Z
7433,50613,wochenfeedback,25,zufriedenheit_gesamt,5,2026-03-27T12:45:00Z
7434,50613,wochenfeedback,25,tempo,3,2026-03-27T12:45:00Z
6844,50566,wochenfeedback,5,zufriedenheit_gesamt,5,2026-03-27T12:55:00Z
6845,50566,wochenfeedback,5,tempo,1,2026-03-27T12:55:00Z
2654,50240,wochenfeedback,9,zufriedenheit_gesamt,2,2026-03-27T12:59:00Z
2655,50240,wochenfeedback,9,tempo,3,2026-03-27T12:59:00Z
109,50010,wochenfeedback,1,zufriedenheit_gesamt,4,2026-03-27T13:14:00Z
110,50010,wochenfeedback,1,tempo,4,2026-03-27T13:14:00Z
6895,50570,wochenfeedback,1,zufriedenheit_gesamt,4,2026-03-27T13:31:00Z
6896,50570,wochenfeedback,1,tempo,1,2026-03-27T13:31:00Z
6897,50570,wochenfeedback,1,freitext,Ich fühle mich gut vorbereitet.,2026-03-27T13:31:00Z
2750,50250,wochenfeedback,17,zufriedenheit_gesamt,4,2026-03-27T13:32:00Z
2751,50250,wochenfeedback,17,tempo,2,2026-03-27T13:32:00Z
6524,50539,wochenfeedback,9,zufriedenheit_gesamt,5,2026-03-27T13:53:00Z
6525,50539,wochenfeedback,9,tempo,4,2026-03-27T13:53:00Z
4633,50394,wochenfeedback,73,zufriedenheit_gesamt,2,2026-03-27T14:20:00Z
4634,50394,wochenfeedback,73,tempo,3,2026-03-27T14:20:00Z
4635,50394,wochenfeedback,73,freitext,"<p>Die Videos sind gut, aber die Quizze sind zu leicht.</p>",2026-03-27T14:20:00Z
7579,50620,wochenfeedback,81,zufriedenheit_gesamt,5,2026-03-27T14:30:00Z
7580,50620,wochenfeedback,81,tempo,4,2026-03-27T14:30:00Z
3093,50282,wochenfeedback,9,zufriedenheit_gesamt,5,2026-03-27T14:32:00Z
3094,50282,wochenfeedback,9,tempo,3,2026-03-27T14:32:00Z
3095,50282,wochenfeedback,9,freitext,Ich fühle mich gut vorbereitet.,2026-03-27T14:32:00Z
3418,50303,wochenfeedback,81,zufriedenheit_gesamt,4,2026-03-27T14:49:00Z
3419,50303,wochenfeedback,81,tempo,1,2026-03-27T14:49:00Z
3420,50303,wochenfeedback,81,freitext,<p>Mehr Praxis bitte!</p>,2026-03-27T14:49:00Z
7062,50585,wochenfeedback,13,zufriedenheit_gesamt,2,2026-03-27T15:24:00Z
7063,50585,wochenfeedback,13,tempo,4,2026-03-27T15:24:00Z
7865,50646,wochenfeedback,5,zufriedenheit_gesamt,4,2026-03-27T15:34:00Z
7866,50646,wochenfeedback,5,tempo,5,2026-03-27T15:34:00Z
361,50033,wochenfeedback,25,zufriedenheit_gesamt,4,2026-03-27T15:50:00Z
362,50033,wochenfeedback,25,tempo,5,2026-03-27T15:50:00Z
363,50033,wochenfeedback,25,freitext,Der Coach erklärt super verständlich.,2026-03-27T15:50:00Z
399,50034,wochenfeedback,45,zufriedenheit_gesamt,5,2026-03-27T16:17:00Z
400,50034,wochenfeedback,45,tempo,1,2026-03-27T16:17:00Z
401,50034,wochenfeedback,45,freitext,"Sehr gute Betreuung, die Übungen sind praxisnah.",2026-03-27T16:17:00Z
4018,50347,wochenfeedback,73,zufriedenheit_gesamt,5,2026-03-27T16:31:00Z
4019,50347,wochenfeedback,73,tempo,3,2026-03-27T16:31:00Z
4020,50347,wochenfeedback,73,freitext,Ich fühle mich gut vorbereitet.,2026-03-27T16:31:00Z
1452,50134,wochenfeedback,3,zufriedenheit_gesamt,5,2026-03-27T17:01:00Z
1453,50134,wochenfeedback,3,tempo,1,2026-03-27T17:01:00Z
8011,50665,wochenfeedback,9,zufriedenheit_gesamt,3,2026-03-27T17:18:00Z
8012,50665,wochenfeedback,9,tempo,1,2026-03-27T17:18:00Z
8013,50665,wochenfeedback,9,freitext,Die Plattform hatte diese Woche mehrfach Ausfälle.,2026-03-27T17:18:00Z
8045,50667,wochenfeedback,33,zufriedenheit_gesamt,4,2026-03-27T17:58:00Z
8046,50667,wochenfeedback,33,tempo,5,2026-03-27T17:58:00Z
6490,50536,wochenfeedback,17,zufriedenheit_gesamt,5,2026-03-27T18:12:00Z
6491,50536,wochenfeedback,17,tempo,5,2026-03-27T18:12:00Z
3786,50329,wochenfeedback,25,zufriedenheit_gesamt,4,2026-03-27T18:20:00Z
3787,50329,wochenfeedback,25,tempo,3,2026-03-27T18:20:00Z
7440,50614,wochenfeedback,5,zufriedenheit_gesamt,2,2026-03-27T18:48:00Z
7441,50614,wochenfeedback,5,tempo,3,2026-03-27T18:48:00Z
7442,50614,wochenfeedback,5,freitext,Ich hätte gern mehr Live-Termine.,2026-03-27T18:48:00Z
1473,50136,abschlussfeedback,,nps,5,2026-03-28T00:00:00Z
1474,50136,abschlussfeedback,,zufriedenheit_coach,5,2026-03-28T00:00:00Z
1475,50136,abschlussfeedback,,weiterempfehlung_grund,Die Live-Sessions sind Gold wert.,2026-03-28T00:00:00Z
3642,50317,wochenfeedback,26,zufriedenheit_gesamt,5,2026-04-03T06:04:00Z
3643,50317,wochenfeedback,26,tempo,4,2026-04-03T06:04:00Z
7064,50585,wochenfeedback,14,zufriedenheit_gesamt,2,2026-04-03T06:40:00Z
7065,50585,wochenfeedback,14,tempo,4,2026-04-03T06:40:00Z
2515,50233,wochenfeedback,34,zufriedenheit_gesamt,4,2026-04-03T07:36:00Z
2516,50233,wochenfeedback,34,tempo,3,2026-04-03T07:36:00Z
104,50009,wochenfeedback,10,zufriedenheit_gesamt,5,2026-04-03T07:39:00Z
105,50009,wochenfeedback,10,tempo,4,2026-04-03T07:39:00Z
1312,50118,wochenfeedback,34,zufriedenheit_gesamt,4,2026-04-03T07:47:00Z
1313,50118,wochenfeedback,34,tempo,3,2026-04-03T07:47:00Z
2785,50253,wochenfeedback,10,zufriedenheit_gesamt,2,2026-04-03T08:07:00Z
2786,50253,wochenfeedback,10,tempo,2,2026-04-03T08:07:00Z
2656,50240,wochenfeedback,10,zufriedenheit_gesamt,4,2026-04-03T08:34:00Z
2657,50240,wochenfeedback,10,tempo,3,2026-04-03T08:34:00Z
2658,50240,wochenfeedback,10,freitext,"Top Inhalte, besonders das SQL-Modul.",2026-04-03T08:34:00Z
7468,50616,wochenfeedback,26,zufriedenheit_gesamt,3,2026-04-03T08:34:00Z
7469,50616,wochenfeedback,26,tempo,3,2026-04-03T08:34:00Z
1553,50140,wochenfeedback,14,zufriedenheit_gesamt,5,2026-04-03T08:43:00Z
1554,50140,wochenfeedback,14,tempo,1,2026-04-03T08:43:00Z
4562,50393,wochenfeedback,10,zufriedenheit_gesamt,5,2026-04-03T08:43:00Z
4563,50393,wochenfeedback,10,tempo,4,2026-04-03T08:43:00Z
4886,50416,wochenfeedback,26,zufriedenheit_gesamt,5,2026-04-03T09:27:00Z
4887,50416,wochenfeedback,26,tempo,3,2026-04-03T09:27:00Z
4888,50416,wochenfeedback,26,freitext,Der Coach erklärt super verständlich.,2026-04-03T09:27:00Z
6836,50565,wochenfeedback,18,zufriedenheit_gesamt,5,2026-04-03T09:44:00Z
6837,50565,wochenfeedback,18,tempo,4,2026-04-03T09:44:00Z
495,50048,wochenfeedback,4,zufriedenheit_gesamt,2,2026-04-03T10:11:00Z
496,50048,wochenfeedback,4,tempo,2,2026-04-03T10:11:00Z
8217,50680,wochenfeedback,6,zufriedenheit_gesamt,4,2026-04-03T10:24:00Z
8218,50680,wochenfeedback,6,tempo,1,2026-04-03T10:24:00Z
8219,50680,wochenfeedback,6,freitext,Der Coach erklärt super verständlich.,2026-04-03T10:24:00Z
6159,50506,wochenfeedback,10,zufriedenheit_gesamt,2,2026-04-03T10:43:00Z
6160,50506,wochenfeedback,10,tempo,4,2026-04-03T10:43:00Z
2089,50191,wochenfeedback,14,zufriedenheit_gesamt,4,2026-04-03T11:50:00Z
2090,50191,wochenfeedback,14,tempo,1,2026-04-03T11:50:00Z
2091,50191,wochenfeedback,14,freitext,<p>Insgesamt <strong>sehr zufrieden</strong>.</p>,2026-04-03T11:50:00Z
4636,50394,wochenfeedback,74,zufriedenheit_gesamt,5,2026-04-03T11:56:00Z
4637,50394,wochenfeedback,74,tempo,3,2026-04-03T11:56:00Z
2031,50184,wochenfeedback,2,zufriedenheit_gesamt,2,2026-04-03T12:58:00Z
2032,50184,wochenfeedback,2,tempo,5,2026-04-03T12:58:00Z
2033,50184,wochenfeedback,2,freitext,Die Plattform hatte diese Woche mehrfach Ausfälle.,2026-04-03T12:58:00Z
6023,50499,wochenfeedback,6,zufriedenheit_gesamt,5,2026-04-03T12:58:00Z
6024,50499,wochenfeedback,6,tempo,5,2026-04-03T12:58:00Z
8014,50665,wochenfeedback,10,zufriedenheit_gesamt,2,2026-04-03T13:12:00Z
8015,50665,wochenfeedback,10,tempo,1,2026-04-03T13:12:00Z
8016,50665,wochenfeedback,10,freitext,"Das Tempo ist mir zu hoch, ich komme kaum hinterher.",2026-04-03T13:12:00Z
1832,50164,wochenfeedback,22,zufriedenheit_gesamt,2,2026-04-03T13:16:00Z
1833,50164,wochenfeedback,22,tempo,3,2026-04-03T13:16:00Z
1834,50164,wochenfeedback,22,freitext,"<p>Die Videos sind gut, aber die Quizze sind zu leicht.</p>",2026-04-03T13:16:00Z
8178,50675,wochenfeedback,34,zufriedenheit_gesamt,4,2026-04-03T13:26:00Z
8179,50675,wochenfeedback,34,tempo,2,2026-04-03T13:26:00Z
8180,50675,wochenfeedback,34,freitext,"Top Inhalte, besonders das SQL-Modul.",2026-04-03T13:26:00Z
1454,50134,wochenfeedback,4,zufriedenheit_gesamt,5,2026-04-03T13:33:00Z
1455,50134,wochenfeedback,4,tempo,4,2026-04-03T13:33:00Z
1456,50134,wochenfeedback,4,freitext,"Sehr gute Betreuung, die Übungen sind praxisnah.",2026-04-03T13:33:00Z
7508,50618,wochenfeedback,26,zufriedenheit_gesamt,2,2026-04-03T13:38:00Z
7509,50618,wochenfeedback,26,tempo,2,2026-04-03T13:38:00Z
5251,50445,wochenfeedback,2,zufriedenheit_gesamt,4,2026-04-03T13:48:00Z
5252,50445,wochenfeedback,2,tempo,3,2026-04-03T13:48:00Z
5253,50445,wochenfeedback,2,freitext,Ich fühle mich gut vorbereitet.,2026-04-03T13:48:00Z
7965,50660,wochenfeedback,10,zufriedenheit_gesamt,4,2026-04-03T13:49:00Z
7966,50660,wochenfeedback,10,tempo,4,2026-04-03T13:49:00Z
7018,50581,wochenfeedback,4,zufriedenheit_gesamt,5,2026-04-03T14:26:00Z
7019,50581,wochenfeedback,4,tempo,3,2026-04-03T14:26:00Z
7020,50581,wochenfeedback,4,freitext,"<p>Die Videos sind gut, aber die Quizze sind zu leicht.</p>",2026-04-03T14:26:00Z
7435,50613,wochenfeedback,26,zufriedenheit_gesamt,2,2026-04-03T16:40:00Z
7436,50613,wochenfeedback,26,tempo,2,2026-04-03T16:40:00Z
1174,50110,wochenfeedback,2,zufriedenheit_gesamt,2,2026-04-03T17:25:00Z
1175,50110,wochenfeedback,2,tempo,3,2026-04-03T17:25:00Z
1176,50110,wochenfeedback,2,freitext,Ich hätte gern mehr Live-Termine.,2026-04-03T17:25:00Z
2353,50220,wochenfeedback,10,zufriedenheit_gesamt,2,2026-04-03T17:37:00Z
2354,50220,wochenfeedback,10,tempo,2,2026-04-03T17:37:00Z
2355,50220,wochenfeedback,10,freitext,Die Plattform hatte diese Woche mehrfach Ausfälle.,2026-04-03T17:37:00Z
439,50037,wochenfeedback,3,zufriedenheit_gesamt,5,2026-04-10T06:04:00Z
440,50037,wochenfeedback,3,tempo,4,2026-04-10T06:04:00Z
5816,50481,wochenfeedback,71,zufriedenheit_gesamt,5,2026-04-10T06:14:00Z
5817,50481,wochenfeedback,71,tempo,4,2026-04-10T06:14:00Z
4449,50387,wochenfeedback,11,zufriedenheit_gesamt,4,2026-04-10T06:21:00Z
4450,50387,wochenfeedback,11,tempo,4,2026-04-10T06:21:00Z
7685,50627,wochenfeedback,11,zufriedenheit_gesamt,5,2026-04-10T06:53:00Z
7686,50627,wochenfeedback,11,tempo,4,2026-04-10T06:53:00Z
8047,50667,wochenfeedback,35,zufriedenheit_gesamt,4,2026-04-10T06:57:00Z
8048,50667,wochenfeedback,35,tempo,1,2026-04-10T06:57:00Z
4638,50394,wochenfeedback,75,zufriedenheit_gesamt,5,2026-04-10T07:11:00Z
4639,50394,wochenfeedback,75,tempo,3,2026-04-10T07:11:00Z
4640,50394,wochenfeedback,75,freitext,Die Live-Sessions sind Gold wert.,2026-04-10T07:11:00Z
6663,50550,wochenfeedback,55,zufriedenheit_gesamt,4,2026-04-10T07:21:00Z
6664,50550,wochenfeedback,55,tempo,5,2026-04-10T07:21:00Z
6665,50550,wochenfeedback,55,freitext,Die Live-Sessions sind Gold wert.,2026-04-10T07:21:00Z
1177,50110,wochenfeedback,3,zufriedenheit_gesamt,2,2026-04-10T07:22:00Z
1178,50110,wochenfeedback,3,tempo,2,2026-04-10T07:22:00Z
7581,50620,wochenfeedback,83,zufriedenheit_gesamt,4,2026-04-10T07:26:00Z
7582,50620,wochenfeedback,83,tempo,4,2026-04-10T07:26:00Z
8307,50687,wochenfeedback,43,zufriedenheit_gesamt,5,2026-04-10T07:32:00Z
8308,50687,wochenfeedback,43,tempo,2,2026-04-10T07:32:00Z
8309,50687,wochenfeedback,43,freitext,Ich fühle mich gut vorbereitet.,2026-04-10T07:32:00Z
4235,50371,wochenfeedback,71,zufriedenheit_gesamt,4,2026-04-10T07:42:00Z
4236,50371,wochenfeedback,71,tempo,5,2026-04-10T07:42:00Z
1087,50101,wochenfeedback,3,zufriedenheit_gesamt,3,2026-04-10T07:54:00Z
1088,50101,wochenfeedback,3,tempo,4,2026-04-10T07:54:00Z
1089,50101,wochenfeedback,3,freitext,Zu wenig Feedback zu den Abgaben.,2026-04-10T07:54:00Z
5898,50488,wochenfeedback,23,zufriedenheit_gesamt,2,2026-04-10T08:00:00Z
5899,50488,wochenfeedback,23,tempo,3,2026-04-10T08:00:00Z
5900,50488,wochenfeedback,23,freitext,Die Plattform hatte diese Woche mehrfach Ausfälle.,2026-04-10T08:00:00Z
4695,50397,wochenfeedback,3,zufriedenheit_gesamt,5,2026-04-10T08:31:00Z
4696,50397,wochenfeedback,3,tempo,3,2026-04-10T08:31:00Z
4697,50397,wochenfeedback,3,freitext,Der Coach erklärt super verständlich.,2026-04-10T08:31:00Z
2020,50181,wochenfeedback,15,zufriedenheit_gesamt,4,2026-04-10T08:36:00Z
2021,50181,wochenfeedback,15,tempo,4,2026-04-10T08:36:00Z
2022,50181,wochenfeedback,15,freitext,Ich fühle mich gut vorbereitet.,2026-04-10T08:36:00Z
2092,50191,wochenfeedback,15,zufriedenheit_gesamt,4,2026-04-10T08:48:00Z
2093,50191,wochenfeedback,15,tempo,3,2026-04-10T08:48:00Z
1045,50094,wochenfeedback,71,zufriedenheit_gesamt,5,2026-04-10T09:34:00Z
1046,50094,wochenfeedback,71,tempo,3,2026-04-10T09:34:00Z
1047,50094,wochenfeedback,71,freitext,<p>Insgesamt <strong>sehr zufrieden</strong>.</p>,2026-04-10T09:34:00Z
6526,50539,wochenfeedback,11,zufriedenheit_gesamt,4,2026-04-10T10:11:00Z
6527,50539,wochenfeedback,11,tempo,2,2026-04-10T10:11:00Z
6528,50539,wochenfeedback,11,freitext,Ich fühle mich gut vorbereitet.,2026-04-10T10:11:00Z
2108,50194,wochenfeedback,7,zufriedenheit_gesamt,5,2026-04-10T11:16:00Z
2109,50194,wochenfeedback,7,tempo,5,2026-04-10T11:16:00Z
2110,50194,wochenfeedback,7,freitext,"Sehr gute Betreuung, die Übungen sind praxisnah.",2026-04-10T11:16:00Z
3421,50303,wochenfeedback,83,zufriedenheit_gesamt,5,2026-04-10T12:00:00Z
3422,50303,wochenfeedback,83,tempo,3,2026-04-10T12:00:00Z
4507,50390,wochenfeedback,11,zufriedenheit_gesamt,4,2026-04-10T12:01:00Z
4508,50390,wochenfeedback,11,tempo,4,2026-04-10T12:01:00Z
4509,50390,wochenfeedback,11,freitext,"Top Inhalte, besonders das SQL-Modul.",2026-04-10T12:01:00Z
7021,50581,wochenfeedback,5,zufriedenheit_gesamt,3,2026-04-10T12:04:00Z
7022,50581,wochenfeedback,5,tempo,3,2026-04-10T12:04:00Z
7470,50616,wochenfeedback,27,zufriedenheit_gesamt,2,2026-04-10T12:12:00Z
7471,50616,wochenfeedback,27,tempo,3,2026-04-10T12:12:00Z
2152,50201,wochenfeedback,11,zufriedenheit_gesamt,4,2026-04-10T12:26:00Z
2153,50201,wochenfeedback,11,tempo,3,2026-04-10T12:26:00Z
6187,50511,wochenfeedback,3,zufriedenheit_gesamt,4,2026-04-10T12:26:00Z
6188,50511,wochenfeedback,3,tempo,3,2026-04-10T12:26:00Z
3930,50344,wochenfeedback,23,zufriedenheit_gesamt,5,2026-04-10T13:10:00Z
3931,50344,wochenfeedback,23,tempo,4,2026-04-10T13:10:00Z
6001,50496,wochenfeedback,11,zufriedenheit_gesamt,5,2026-04-10T13:58:00Z
6002,50496,wochenfeedback,11,tempo,3,2026-04-10T13:58:00Z
6003,50496,wochenfeedback,11,freitext,"Tempo passt für mich, gerne mehr Praxisbeispiele.",2026-04-10T13:58:00Z
3644,50317,wochenfeedback,27,zufriedenheit_gesamt,5,2026-04-10T14:16:00Z
3645,50317,wochenfeedback,27,tempo,4,2026-04-10T14:16:00Z
3646,50317,wochenfeedback,27,freitext,"<p>Die Videos sind gut, aber die Quizze sind zu leicht.</p>",2026-04-10T14:16:00Z
1442,50133,wochenfeedback,19,zufriedenheit_gesamt,5,2026-04-10T14:51:00Z
1443,50133,wochenfeedback,19,tempo,3,2026-04-10T14:51:00Z
7208,50599,wochenfeedback,51,zufriedenheit_gesamt,4,2026-04-10T15:35:00Z
7209,50599,wochenfeedback,51,tempo,5,2026-04-10T15:35:00Z
2517,50233,wochenfeedback,35,zufriedenheit_gesamt,5,2026-04-10T17:46:00Z
2518,50233,wochenfeedback,35,tempo,5,2026-04-10T17:46:00Z
2519,50233,wochenfeedback,35,freitext,"Top Inhalte, besonders das SQL-Modul.",2026-04-10T17:46:00Z
7112,50590,abschlussfeedback,,nps,5,2026-04-11T23:00:00Z
7113,50590,abschlussfeedback,,zufriedenheit_coach,3,2026-04-11T23:00:00Z
7114,50590,abschlussfeedback,,weiterempfehlung_grund,"Tempo passt für mich, gerne mehr Praxisbeispiele.",2026-04-11T23:00:00Z
106,50009,abschlussfeedback,,nps,9,2026-04-12T23:00:00Z
107,50009,abschlussfeedback,,zufriedenheit_coach,3,2026-04-12T23:00:00Z
108,50009,abschlussfeedback,,weiterempfehlung_grund,Der Coach erklärt super verständlich.,2026-04-12T23:00:00Z
2125,50196,abschlussfeedback,,nps,6,2026-04-14T23:00:00Z
2126,50196,abschlussfeedback,,zufriedenheit_coach,5,2026-04-14T23:00:00Z
2127,50196,abschlussfeedback,,weiterempfehlung_grund,Zu wenig Feedback zu den Abgaben.,2026-04-14T23:00:00Z
2341,50219,abschlussfeedback,,nps,7,2026-04-16T01:00:00Z
2342,50219,abschlussfeedback,,zufriedenheit_coach,5,2026-04-16T01:00:00Z
2343,50219,abschlussfeedback,,weiterempfehlung_grund,Die Live-Sessions sind Gold wert.,2026-04-16T01:00:00Z
1288,50117,abschlussfeedback,,nps,8,2026-04-16T20:00:00Z
1289,50117,abschlussfeedback,,zufriedenheit_coach,5,2026-04-16T20:00:00Z
1290,50117,abschlussfeedback,,weiterempfehlung_grund,Der Coach erklärt super verständlich.,2026-04-16T20:00:00Z
90,50007,abschlussfeedback,,nps,9,2026-04-16T22:00:00Z
91,50007,abschlussfeedback,,zufriedenheit_coach,5,2026-04-16T22:00:00Z
92,50007,abschlussfeedback,,weiterempfehlung_grund,Aufgabenstellungen sind teilweise unklar formuliert.,2026-04-16T22:00:00Z
6838,50565,abschlussfeedback,,nps,5,2026-04-16T22:00:00Z
6839,50565,abschlussfeedback,,zufriedenheit_coach,3,2026-04-16T22:00:00Z
6840,50565,abschlussfeedback,,weiterempfehlung_grund,Statistik-Modul ist zu theoretisch.,2026-04-16T22:00:00Z
5141,50437,wochenfeedback,28,zufriedenheit_gesamt,5,2026-04-17T06:25:00Z
5142,50437,wochenfeedback,28,tempo,3,2026-04-17T06:25:00Z
6161,50506,wochenfeedback,12,zufriedenheit_gesamt,5,2026-04-17T07:33:00Z
6162,50506,wochenfeedback,12,tempo,2,2026-04-17T07:33:00Z
3647,50317,wochenfeedback,28,zufriedenheit_gesamt,5,2026-04-17T07:58:00Z
3648,50317,wochenfeedback,28,tempo,3,2026-04-17T07:58:00Z
3649,50317,wochenfeedback,28,freitext,Der Coach erklärt super verständlich.,2026-04-17T07:58:00Z
4926,50421,wochenfeedback,4,zufriedenheit_gesamt,3,2026-04-17T08:08:00Z
4927,50421,wochenfeedback,4,tempo,1,2026-04-17T08:08:00Z
6898,50570,wochenfeedback,4,zufriedenheit_gesamt,4,2026-04-17T09:22:00Z
6899,50570,wochenfeedback,4,tempo,3,2026-04-17T09:22:00Z
6900,50570,wochenfeedback,4,freitext,"Sehr gute Betreuung, die Übungen sind praxisnah.",2026-04-17T09:22:00Z
2520,50233,wochenfeedback,36,zufriedenheit_gesamt,3,2026-04-17T10:17:00Z
2521,50233,wochenfeedback,36,tempo,3,2026-04-17T10:17:00Z
5361,50451,wochenfeedback,28,zufriedenheit_gesamt,4,2026-04-17T10:24:00Z
5362,50451,wochenfeedback,28,tempo,2,2026-04-17T10:24:00Z
5363,50451,wochenfeedback,28,freitext,"Tempo passt für mich, gerne mehr Praxisbeispiele.",2026-04-17T10:24:00Z
6189,50511,wochenfeedback,4,zufriedenheit_gesamt,4,2026-04-17T10:27:00Z
6190,50511,wochenfeedback,4,tempo,2,2026-04-17T10:27:00Z
6191,50511,wochenfeedback,4,freitext,"Tempo passt für mich, gerne mehr Praxisbeispiele.",2026-04-17T10:27:00Z
2752,50250,wochenfeedback,20,zufriedenheit_gesamt,5,2026-04-17T10:50:00Z
2753,50250,wochenfeedback,20,tempo,5,2026-04-17T10:50:00Z
2754,50250,wochenfeedback,20,freitext,"Tempo passt für mich, gerne mehr Praxisbeispiele.",2026-04-17T10:50:00Z
3423,50303,wochenfeedback,84,zufriedenheit_gesamt,5,2026-04-17T11:07:00Z
3424,50303,wochenfeedback,84,tempo,3,2026-04-17T11:07:00Z
2034,50184,wochenfeedback,4,zufriedenheit_gesamt,5,2026-04-17T11:48:00Z
2035,50184,wochenfeedback,4,tempo,3,2026-04-17T11:48:00Z
5966,50493,wochenfeedback,16,zufriedenheit_gesamt,5,2026-04-17T11:50:00Z
5967,50493,wochenfeedback,16,tempo,3,2026-04-17T11:50:00Z
5968,50493,wochenfeedback,16,freitext,"Top Inhalte, besonders das SQL-Modul.",2026-04-17T11:50:00Z
8310,50687,wochenfeedback,44,zufriedenheit_gesamt,5,2026-04-17T12:16:00Z
8311,50687,wochenfeedback,44,tempo,2,2026-04-17T12:16:00Z
2094,50191,wochenfeedback,16,zufriedenheit_gesamt,4,2026-04-17T12:35:00Z
2095,50191,wochenfeedback,16,tempo,2,2026-04-17T12:35:00Z
2096,50191,wochenfeedback,16,freitext,<p>Insgesamt <strong>sehr zufrieden</strong>.</p>,2026-04-17T12:35:00Z
4889,50416,wochenfeedback,28,zufriedenheit_gesamt,4,2026-04-17T12:55:00Z
4890,50416,wochenfeedback,28,tempo,2,2026-04-17T12:55:00Z
4891,50416,wochenfeedback,28,freitext,Der Coach erklärt super verständlich.,2026-04-17T12:55:00Z
6510,50538,wochenfeedback,8,zufriedenheit_gesamt,1,2026-04-17T13:00:00Z
6511,50538,wochenfeedback,8,tempo,3,2026-04-17T13:00:00Z
6512,50538,wochenfeedback,8,freitext,Statistik-Modul ist zu theoretisch.,2026-04-17T13:00:00Z
1555,50140,wochenfeedback,16,zufriedenheit_gesamt,5,2026-04-17T13:32:00Z
1556,50140,wochenfeedback,16,tempo,3,2026-04-17T13:32:00Z
1557,50140,wochenfeedback,16,freitext,"Top Inhalte, besonders das SQL-Modul.",2026-04-17T13:32:00Z
1444,50133,wochenfeedback,20,zufriedenheit_gesamt,2,2026-04-17T13:34:00Z
1445,50133,wochenfeedback,20,tempo,3,2026-04-17T13:34:00Z
1446,50133,wochenfeedback,20,freitext,"Das Tempo ist mir zu hoch, ich komme kaum hinterher.",2026-04-17T13:34:00Z
1457,50134,wochenfeedback,6,zufriedenheit_gesamt,5,2026-04-17T14:38:00Z
1458,50134,wochenfeedback,6,tempo,3,2026-04-17T14:38:00Z
1459,50134,wochenfeedback,6,freitext,Der Coach erklärt super verständlich.,2026-04-17T14:38:00Z
1835,50164,wochenfeedback,24,zufriedenheit_gesamt,4,2026-04-17T14:38:00Z
1836,50164,wochenfeedback,24,tempo,4,2026-04-17T14:38:00Z
1837,50164,wochenfeedback,24,freitext,Die Live-Sessions sind Gold wert.,2026-04-17T14:38:00Z
2482,50232,wochenfeedback,4,zufriedenheit_gesamt,3,2026-04-17T14:44:00Z
2483,50232,wochenfeedback,4,tempo,4,2026-04-17T14:44:00Z
2484,50232,wochenfeedback,4,freitext,Die Plattform hatte diese Woche mehrfach Ausfälle.,2026-04-17T14:44:00Z
983,50092,wochenfeedback,20,zufriedenheit_gesamt,5,2026-04-17T15:01:00Z
984,50092,wochenfeedback,20,tempo,3,2026-04-17T15:01:00Z
3096,50282,wochenfeedback,12,zufriedenheit_gesamt,4,2026-04-17T16:14:00Z
3097,50282,wochenfeedback,12,tempo,2,2026-04-17T16:14:00Z
497,50048,wochenfeedback,6,zufriedenheit_gesamt,2,2026-04-17T17:09:00Z
498,50048,wochenfeedback,6,tempo,5,2026-04-17T17:09:00Z
499,50048,wochenfeedback,6,freitext,Ich hätte gern mehr Live-Termine.,2026-04-17T17:09:00Z
3479,50306,wochenfeedback,6,zufriedenheit_gesamt,3,2026-04-17T17:15:00Z
3480,50306,wochenfeedback,6,tempo,1,2026-04-17T17:15:00Z
3481,50306,wochenfeedback,6,freitext,Die Plattform hatte diese Woche mehrfach Ausfälle.,2026-04-17T17:15:00Z
4698,50397,wochenfeedback,4,zufriedenheit_gesamt,5,2026-04-17T17:53:00Z
4699,50397,wochenfeedback,4,tempo,4,2026-04-17T17:53:00Z
932,50086,abschlussfeedback,,nps,7,2026-04-17T21:00:00Z
933,50086,abschlussfeedback,,zufriedenheit_coach,2,2026-04-17T21:00:00Z
934,50086,abschlussfeedback,,weiterempfehlung_grund,Ich hätte gern mehr Live-Termine.,2026-04-17T21:00:00Z
2023,50181,abschlussfeedback,,nps,6,2026-04-17T23:00:00Z
2024,50181,abschlussfeedback,,zufriedenheit_coach,3,2026-04-17T23:00:00Z
2025,50181,abschlussfeedback,,weiterempfehlung_grund,"Top Inhalte, besonders das SQL-Modul.",2026-04-17T23:00:00Z
2787,50253,abschlussfeedback,,nps,10,2026-04-18T05:00:00Z
2788,50253,abschlussfeedback,,zufriedenheit_coach,4,2026-04-18T05:00:00Z
2789,50253,abschlussfeedback,,weiterempfehlung_grund,"Sehr gute Betreuung, die Übungen sind praxisnah.",2026-04-18T05:00:00Z
6901,50570,wochenfeedback,5,zufriedenheit_gesamt,4,2026-04-24T06:01:00Z
6902,50570,wochenfeedback,5,tempo,3,2026-04-24T06:01:00Z
5969,50493,wochenfeedback,17,zufriedenheit_gesamt,3,2026-04-24T06:26:00Z
5970,50493,wochenfeedback,17,tempo,4,2026-04-24T06:26:00Z
5971,50493,wochenfeedback,17,freitext,Aufgabenstellungen sind teilweise unklar formuliert.,2026-04-24T06:26:00Z
8404,50695,wochenfeedback,9,zufriedenheit_gesamt,3,2026-04-24T06:36:00Z
8405,50695,wochenfeedback,9,tempo,2,2026-04-24T06:36:00Z
2277,50214,wochenfeedback,5,zufriedenheit_gesamt,2,2026-04-24T07:39:00Z
2278,50214,wochenfeedback,5,tempo,3,2026-04-24T07:39:00Z
2279,50214,wochenfeedback,5,freitext,"<p>Die Videos sind gut, aber die Quizze sind zu leicht.</p>",2026-04-24T07:39:00Z
2402,50225,wochenfeedback,1,zufriedenheit_gesamt,4,2026-04-24T08:00:00Z
2403,50225,wochenfeedback,1,tempo,3,2026-04-24T08:00:00Z
2404,50225,wochenfeedback,1,freitext,"Top Inhalte, besonders das SQL-Modul.",2026-04-24T08:00:00Z
7210,50599,wochenfeedback,53,zufriedenheit_gesamt,5,2026-04-24T08:04:00Z
7211,50599,wochenfeedback,53,tempo,3,2026-04-24T08:04:00Z
2036,50184,wochenfeedback,5,zufriedenheit_gesamt,3,2026-04-24T08:44:00Z
2037,50184,wochenfeedback,5,tempo,4,2026-04-24T08:44:00Z
6741,50557,wochenfeedback,1,zufriedenheit_gesamt,4,2026-04-24T08:46:00Z
6742,50557,wochenfeedback,1,tempo,3,2026-04-24T08:46:00Z
6743,50557,wochenfeedback,1,freitext,Der Coach erklärt super verständlich.,2026-04-24T08:46:00Z
2254,50209,wochenfeedback,17,zufriedenheit_gesamt,4,2026-04-24T09:12:00Z
2255,50209,wochenfeedback,17,tempo,4,2026-04-24T09:12:00Z
2256,50209,wochenfeedback,17,freitext,Der Coach erklärt super verständlich.,2026-04-24T09:12:00Z
681,50064,wochenfeedback,9,zufriedenheit_gesamt,5,2026-04-24T09:22:00Z
682,50064,wochenfeedback,9,tempo,5,2026-04-24T09:22:00Z
6529,50539,wochenfeedback,13,zufriedenheit_gesamt,5,2026-04-24T10:23:00Z
6530,50539,wochenfeedback,13,tempo,1,2026-04-24T10:23:00Z
3472,50305,wochenfeedback,1,zufriedenheit_gesamt,2,2026-04-24T10:39:00Z
3473,50305,wochenfeedback,1,tempo,2,2026-04-24T10:39:00Z
4021,50347,wochenfeedback,77,zufriedenheit_gesamt,5,2026-04-24T11:06:00Z
4022,50347,wochenfeedback,77,tempo,3,2026-04-24T11:06:00Z
665,50062,wochenfeedback,5,zufriedenheit_gesamt,4,2026-04-24T11:32:00Z
666,50062,wochenfeedback,5,tempo,3,2026-04-24T11:32:00Z
8393,50694,wochenfeedback,1,zufriedenheit_gesamt,4,2026-04-24T11:50:00Z
8394,50694,wochenfeedback,1,tempo,4,2026-04-24T11:50:00Z
4379,50379,wochenfeedback,69,zufriedenheit_gesamt,3,2026-04-24T12:54:00Z
4380,50379,wochenfeedback,69,tempo,4,2026-04-24T12:54:00Z
4381,50379,wochenfeedback,69,freitext,"Das Tempo ist mir zu hoch, ich komme kaum hinterher.",2026-04-24T12:54:00Z
7023,50581,wochenfeedback,7,zufriedenheit_gesamt,5,2026-04-24T13:20:00Z
7024,50581,wochenfeedback,7,tempo,4,2026-04-24T13:20:00Z
7025,50581,wochenfeedback,7,freitext,"Top Inhalte, besonders das SQL-Modul.",2026-04-24T13:20:00Z
4641,50394,wochenfeedback,77,zufriedenheit_gesamt,5,2026-04-24T13:51:00Z
4642,50394,wochenfeedback,77,tempo,3,2026-04-24T13:51:00Z
3425,50303,wochenfeedback,85,zufriedenheit_gesamt,5,2026-04-24T14:26:00Z
3426,50303,wochenfeedback,85,tempo,2,2026-04-24T14:26:00Z
3427,50303,wochenfeedback,85,freitext,"Top Inhalte, besonders das SQL-Modul.",2026-04-24T14:26:00Z
7975,50662,wochenfeedback,1,zufriedenheit_gesamt,5,2026-04-24T14:52:00Z
7976,50662,wochenfeedback,1,tempo,3,2026-04-24T14:52:00Z
1838,50164,wochenfeedback,25,zufriedenheit_gesamt,5,2026-04-24T14:55:00Z
1839,50164,wochenfeedback,25,tempo,3,2026-04-24T14:55:00Z
6096,50504,wochenfeedback,1,zufriedenheit_gesamt,2,2026-04-24T15:15:00Z
6097,50504,wochenfeedback,1,tempo,3,2026-04-24T15:15:00Z
417,50035,wochenfeedback,5,zufriedenheit_gesamt,5,2026-04-24T15:17:00Z
418,50035,wochenfeedback,5,tempo,3,2026-04-24T15:17:00Z
7066,50586,wochenfeedback,1,zufriedenheit_gesamt,4,2026-04-24T15:24:00Z
7067,50586,wochenfeedback,1,tempo,3,2026-04-24T15:24:00Z
7068,50586,wochenfeedback,1,freitext,"Top Inhalte, besonders das SQL-Modul.",2026-04-24T15:24:00Z
1090,50101,wochenfeedback,5,zufriedenheit_gesamt,2,2026-04-24T16:42:00Z
1091,50101,wochenfeedback,5,tempo,5,2026-04-24T16:42:00Z
688,50065,wochenfeedback,1,zufriedenheit_gesamt,2,2026-04-24T17:10:00Z
689,50065,wochenfeedback,1,tempo,1,2026-04-24T17:10:00Z
1655,50148,wochenfeedback,21,zufriedenheit_gesamt,5,2026-04-24T17:11:00Z
1656,50148,wochenfeedback,21,tempo,4,2026-04-24T17:11:00Z
7769,50631,wochenfeedback,65,zufriedenheit_gesamt,5,2026-04-24T17:12:00Z
7770,50631,wochenfeedback,65,tempo,1,2026-04-24T17:12:00Z
7385,50612,wochenfeedback,57,zufriedenheit_gesamt,4,2026-04-24T17:20:00Z
7386,50612,wochenfeedback,57,tempo,3,2026-04-24T17:20:00Z
7387,50612,wochenfeedback,57,freitext,"Tempo passt für mich, gerne mehr Praxisbeispiele.",2026-04-24T17:20:00Z
6163,50506,wochenfeedback,13,zufriedenheit_gesamt,5,2026-04-24T17:29:00Z
6164,50506,wochenfeedback,13,tempo,3,2026-04-24T17:29:00Z
500,50048,abschlussfeedback,,nps,7,2026-04-30T23:00:00Z
501,50048,abschlussfeedback,,zufriedenheit_coach,3,2026-04-30T23:00:00Z
502,50048,abschlussfeedback,,weiterempfehlung_grund,Statistik-Modul ist zu theoretisch.,2026-04-30T23:00:00Z
6744,50557,wochenfeedback,2,zufriedenheit_gesamt,3,2026-05-01T06:18:00Z
6745,50557,wochenfeedback,2,tempo,4,2026-05-01T06:18:00Z
6746,50557,wochenfeedback,2,freitext,Die Plattform hatte diese Woche mehrfach Ausfälle.,2026-05-01T06:18:00Z
7510,50618,wochenfeedback,30,zufriedenheit_gesamt,3,2026-05-01T06:32:00Z
7511,50618,wochenfeedback,30,tempo,3,2026-05-01T06:32:00Z
3788,50329,wochenfeedback,30,zufriedenheit_gesamt,3,2026-05-01T06:45:00Z
3789,50329,wochenfeedback,30,tempo,4,2026-05-01T06:45:00Z
1317,50119,wochenfeedback,2,zufriedenheit_gesamt,3,2026-05-01T07:15:00Z
1318,50119,wochenfeedback,2,tempo,4,2026-05-01T07:15:00Z
1319,50119,wochenfeedback,2,freitext,Aufgabenstellungen sind teilweise unklar formuliert.,2026-05-01T07:15:00Z
6531,50539,wochenfeedback,14,zufriedenheit_gesamt,4,2026-05-01T07:44:00Z
6532,50539,wochenfeedback,14,tempo,4,2026-05-01T07:44:00Z
3307,50299,wochenfeedback,6,zufriedenheit_gesamt,3,2026-05-01T07:58:00Z
3308,50299,wochenfeedback,6,tempo,3,2026-05-01T07:58:00Z
3309,50299,wochenfeedback,6,freitext,"<p>Die Videos sind gut, aber die Quizze sind zu leicht.</p>",2026-05-01T07:58:00Z
3950,50346,wochenfeedback,2,zufriedenheit_gesamt,4,2026-05-01T08:08:00Z
3951,50346,wochenfeedback,2,tempo,4,2026-05-01T08:08:00Z
672,50063,wochenfeedback,6,zufriedenheit_gesamt,4,2026-05-01T08:28:00Z
673,50063,wochenfeedback,6,tempo,5,2026-05-01T08:28:00Z
6025,50499,wochenfeedback,10,zufriedenheit_gesamt,5,2026-05-01T09:15:00Z
6026,50499,wochenfeedback,10,tempo,4,2026-05-01T09:15:00Z
6027,50499,wochenfeedback,10,freitext,<p>Insgesamt <strong>sehr zufrieden</strong>.</p>,2026-05-01T09:15:00Z
3098,50282,wochenfeedback,14,zufriedenheit_gesamt,5,2026-05-01T09:34:00Z
3099,50282,wochenfeedback,14,tempo,4,2026-05-01T09:34:00Z
3100,50282,wochenfeedback,14,freitext,Die Live-Sessions sind Gold wert.,2026-05-01T09:34:00Z
1657,50148,wochenfeedback,22,zufriedenheit_gesamt,4,2026-05-01T10:20:00Z
1658,50148,wochenfeedback,22,tempo,5,2026-05-01T10:20:00Z
1659,50148,wochenfeedback,22,freitext,Der Coach erklärt super verständlich.,2026-05-01T10:20:00Z
6004,50496,wochenfeedback,14,zufriedenheit_gesamt,5,2026-05-01T10:28:00Z
6005,50496,wochenfeedback,14,tempo,4,2026-05-01T10:28:00Z
6006,50496,wochenfeedback,14,freitext,Ich fühle mich gut vorbereitet.,2026-05-01T10:28:00Z
690,50065,wochenfeedback,2,zufriedenheit_gesamt,1,2026-05-01T10:43:00Z
691,50065,wochenfeedback,2,tempo,4,2026-05-01T10:43:00Z
8019,50666,wochenfeedback,14,zufriedenheit_gesamt,3,2026-05-01T10:57:00Z
8020,50666,wochenfeedback,14,tempo,4,2026-05-01T10:57:00Z
5660,50474,wochenfeedback,18,zufriedenheit_gesamt,2,2026-05-01T11:14:00Z
5661,50474,wochenfeedback,18,tempo,1,2026-05-01T11:14:00Z
2257,50209,wochenfeedback,18,zufriedenheit_gesamt,5,2026-05-01T11:29:00Z
2258,50209,wochenfeedback,18,tempo,1,2026-05-01T11:29:00Z
8443,50696,wochenfeedback,22,zufriedenheit_gesamt,4,2026-05-01T11:37:00Z
8444,50696,wochenfeedback,22,tempo,3,2026-05-01T11:37:00Z
4643,50394,wochenfeedback,78,zufriedenheit_gesamt,4,2026-05-01T11:40:00Z
4644,50394,wochenfeedback,78,tempo,2,2026-05-01T11:40:00Z
4645,50394,wochenfeedback,78,freitext,"Tempo passt für mich, gerne mehr Praxisbeispiele.",2026-05-01T11:40:00Z
8406,50695,wochenfeedback,10,zufriedenheit_gesamt,2,2026-05-01T11:59:00Z
8407,50695,wochenfeedback,10,tempo,3,2026-05-01T11:59:00Z
8408,50695,wochenfeedback,10,freitext,Statistik-Modul ist zu theoretisch.,2026-05-01T11:59:00Z
5901,50488,wochenfeedback,26,zufriedenheit_gesamt,4,2026-05-01T12:00:00Z
5902,50488,wochenfeedback,26,tempo,3,2026-05-01T12:00:00Z
5903,50488,wochenfeedback,26,freitext,Ich fühle mich gut vorbereitet.,2026-05-01T12:00:00Z
1092,50101,wochenfeedback,6,zufriedenheit_gesamt,5,2026-05-01T12:01:00Z
1093,50101,wochenfeedback,6,tempo,3,2026-05-01T12:01:00Z
3482,50306,wochenfeedback,8,zufriedenheit_gesamt,3,2026-05-01T12:17:00Z
3483,50306,wochenfeedback,8,tempo,3,2026-05-01T12:17:00Z
3484,50306,wochenfeedback,8,freitext,"<p>Die Videos sind gut, aber die Quizze sind zu leicht.</p>",2026-05-01T12:17:00Z
6307,50524,wochenfeedback,2,zufriedenheit_gesamt,4,2026-05-01T13:02:00Z
6308,50524,wochenfeedback,2,tempo,4,2026-05-01T13:02:00Z
6424,50529,wochenfeedback,70,zufriedenheit_gesamt,3,2026-05-01T13:04:00Z
6425,50529,wochenfeedback,70,tempo,5,2026-05-01T13:04:00Z
6426,50529,wochenfeedback,70,freitext,"Das Tempo ist mir zu hoch, ich komme kaum hinterher.",2026-05-01T13:04:00Z
402,50034,wochenfeedback,50,zufriedenheit_gesamt,4,2026-05-01T13:06:00Z
403,50034,wochenfeedback,50,tempo,2,2026-05-01T13:06:00Z
6330,50525,wochenfeedback,14,zufriedenheit_gesamt,4,2026-05-01T13:24:00Z
6331,50525,wochenfeedback,14,tempo,4,2026-05-01T13:24:00Z
7212,50599,wochenfeedback,54,zufriedenheit_gesamt,5,2026-05-01T13:48:00Z
7213,50599,wochenfeedback,54,tempo,4,2026-05-01T13:48:00Z
1568,50142,wochenfeedback,2,zufriedenheit_gesamt,4,2026-05-01T14:12:00Z
1569,50142,wochenfeedback,2,tempo,1,2026-05-01T14:12:00Z
4928,50421,wochenfeedback,6,zufriedenheit_gesamt,4,2026-05-01T14:24:00Z
4929,50421,wochenfeedback,6,tempo,3,2026-05-01T14:24:00Z
3257,50294,wochenfeedback,30,zufriedenheit_gesamt,4,2026-05-01T14:50:00Z
3258,50294,wochenfeedback,30,tempo,3,2026-05-01T14:50:00Z
1558,50140,wochenfeedback,18,zufriedenheit_gesamt,5,2026-05-01T15:04:00Z
1559,50140,wochenfeedback,18,tempo,4,2026-05-01T15:04:00Z
5143,50437,wochenfeedback,30,zufriedenheit_gesamt,5,2026-05-01T15:27:00Z
5144,50437,wochenfeedback,30,tempo,5,2026-05-01T15:27:00Z
2356,50220,wochenfeedback,14,zufriedenheit_gesamt,5,2026-05-01T15:28:00Z
2357,50220,wochenfeedback,14,tempo,1,2026-05-01T15:28:00Z
6065,50502,wochenfeedback,6,zufriedenheit_gesamt,5,2026-05-01T15:45:00Z
6066,50502,wochenfeedback,6,tempo,4,2026-05-01T15:45:00Z
6846,50566,wochenfeedback,10,zufriedenheit_gesamt,4,2026-05-01T15:46:00Z
6847,50566,wochenfeedback,10,tempo,3,2026-05-01T15:46:00Z
7583,50620,wochenfeedback,86,zufriedenheit_gesamt,5,2026-05-01T15:47:00Z
7584,50620,wochenfeedback,86,tempo,2,2026-05-01T15:47:00Z
7585,50620,wochenfeedback,86,freitext,"<p>Die Videos sind gut, aber die Quizze sind zu leicht.</p>",2026-05-01T15:47:00Z
2671,50245,wochenfeedback,2,zufriedenheit_gesamt,2,2026-05-01T15:54:00Z
2672,50245,wochenfeedback,2,tempo,4,2026-05-01T15:54:00Z
6173,50508,wochenfeedback,6,zufriedenheit_gesamt,5,2026-05-01T16:05:00Z
6174,50508,wochenfeedback,6,tempo,1,2026-05-01T16:05:00Z
313,50030,wochenfeedback,2,zufriedenheit_gesamt,3,2026-05-01T16:07:00Z
314,50030,wochenfeedback,2,tempo,4,2026-05-01T16:07:00Z
315,50030,wochenfeedback,2,freitext,Statistik-Modul ist zu theoretisch.,2026-05-01T16:07:00Z
1424,50130,wochenfeedback,10,zufriedenheit_gesamt,5,2026-05-01T16:08:00Z
1425,50130,wochenfeedback,10,tempo,2,2026-05-01T16:08:00Z
789,50072,wochenfeedback,30,zufriedenheit_gesamt,4,2026-05-01T16:13:00Z
790,50072,wochenfeedback,30,tempo,5,2026-05-01T16:13:00Z
791,50072,wochenfeedback,30,freitext,<p>Mehr Praxis bitte!</p>,2026-05-01T16:13:00Z
6500,50537,wochenfeedback,2,zufriedenheit_gesamt,5,2026-05-01T16:17:00Z
6501,50537,wochenfeedback,2,tempo,3,2026-05-01T16:17:00Z
6502,50537,wochenfeedback,2,freitext,Der Coach erklärt super verständlich.,2026-05-01T16:17:00Z
2805,50256,wochenfeedback,22,zufriedenheit_gesamt,3,2026-05-01T16:26:00Z
2806,50256,wochenfeedback,22,tempo,3,2026-05-01T16:26:00Z
1924,50172,wochenfeedback,6,zufriedenheit_gesamt,5,2026-05-01T17:15:00Z
1925,50172,wochenfeedback,6,tempo,2,2026-05-01T17:15:00Z
7771,50631,wochenfeedback,66,zufriedenheit_gesamt,5,2026-05-01T17:21:00Z
7772,50631,wochenfeedback,66,tempo,2,2026-05-01T17:21:00Z
7773,50631,wochenfeedback,66,freitext,"Top Inhalte, besonders das SQL-Modul.",2026-05-01T17:21:00Z
6165,50506,wochenfeedback,14,zufriedenheit_gesamt,5,2026-05-01T17:46:00Z
6166,50506,wochenfeedback,14,tempo,5,2026-05-01T17:46:00Z
4237,50371,wochenfeedback,74,zufriedenheit_gesamt,2,2026-05-01T17:48:00Z
4238,50371,wochenfeedback,74,tempo,2,2026-05-01T17:48:00Z
4564,50393,wochenfeedback,14,zufriedenheit_gesamt,5,2026-05-01T17:52:00Z
4565,50393,wochenfeedback,14,tempo,5,2026-05-01T17:52:00Z
3474,50305,abschlussfeedback,,nps,3,2026-05-02T01:00:00Z
3475,50305,abschlussfeedback,,zufriedenheit_coach,5,2026-05-02T01:00:00Z
3476,50305,abschlussfeedback,,weiterempfehlung_grund,Die Plattform hatte diese Woche mehrfach Ausfälle.,2026-05-02T01:00:00Z
6019,50498,wochenfeedback,15,zufriedenheit_gesamt,3,2026-05-08T07:16:00Z
6020,50498,wochenfeedback,15,tempo,1,2026-05-08T07:16:00Z
2881,50265,wochenfeedback,3,zufriedenheit_gesamt,2,2026-05-08T07:25:00Z
2882,50265,wochenfeedback,3,tempo,5,2026-05-08T07:25:00Z
8071,50669,wochenfeedback,7,zufriedenheit_gesamt,4,2026-05-08T07:59:00Z
8072,50669,wochenfeedback,7,tempo,3,2026-05-08T07:59:00Z
8073,50669,wochenfeedback,7,freitext,"<p>Die Videos sind gut, aber die Quizze sind zu leicht.</p>",2026-05-08T07:59:00Z
441,50037,wochenfeedback,7,zufriedenheit_gesamt,4,2026-05-08T08:35:00Z
442,50037,wochenfeedback,7,tempo,2,2026-05-08T08:35:00Z
8409,50695,wochenfeedback,11,zufriedenheit_gesamt,4,2026-05-08T09:01:00Z
8410,50695,wochenfeedback,11,tempo,3,2026-05-08T09:01:00Z
1926,50172,wochenfeedback,7,zufriedenheit_gesamt,5,2026-05-08T09:17:00Z
1927,50172,wochenfeedback,7,tempo,5,2026-05-08T09:17:00Z
7512,50618,wochenfeedback,31,zufriedenheit_gesamt,4,2026-05-08T09:27:00Z
7513,50618,wochenfeedback,31,tempo,3,2026-05-08T09:27:00Z
7867,50646,wochenfeedback,11,zufriedenheit_gesamt,4,2026-05-08T09:56:00Z
7868,50646,wochenfeedback,11,tempo,4,2026-05-08T09:56:00Z
7869,50646,wochenfeedback,11,freitext,"Tempo passt für mich, gerne mehr Praxisbeispiele.",2026-05-08T09:56:00Z
2602,50236,wochenfeedback,67,zufriedenheit_gesamt,4,2026-05-08T10:16:00Z
2603,50236,wochenfeedback,67,tempo,4,2026-05-08T10:16:00Z
2604,50236,wochenfeedback,67,freitext,<p>Mehr Praxis bitte!</p>,2026-05-08T10:16:00Z
8049,50667,wochenfeedback,39,zufriedenheit_gesamt,4,2026-05-08T10:31:00Z
8050,50667,wochenfeedback,39,tempo,2,2026-05-08T10:31:00Z
7214,50599,wochenfeedback,55,zufriedenheit_gesamt,4,2026-05-08T11:16:00Z
7215,50599,wochenfeedback,55,tempo,3,2026-05-08T11:16:00Z
3013,50276,wochenfeedback,67,zufriedenheit_gesamt,5,2026-05-08T11:33:00Z
3014,50276,wochenfeedback,67,tempo,1,2026-05-08T11:33:00Z
404,50034,wochenfeedback,51,zufriedenheit_gesamt,5,2026-05-08T12:08:00Z
405,50034,wochenfeedback,51,tempo,1,2026-05-08T12:08:00Z
406,50034,wochenfeedback,51,freitext,"Tempo passt für mich, gerne mehr Praxisbeispiele.",2026-05-08T12:08:00Z
1756,50157,wochenfeedback,3,zufriedenheit_gesamt,4,2026-05-08T12:29:00Z
1757,50157,wochenfeedback,3,tempo,3,2026-05-08T12:29:00Z
6028,50499,wochenfeedback,11,zufriedenheit_gesamt,5,2026-05-08T12:36:00Z
6029,50499,wochenfeedback,11,tempo,1,2026-05-08T12:36:00Z
7671,50626,wochenfeedback,11,zufriedenheit_gesamt,5,2026-05-08T13:12:00Z
7672,50626,wochenfeedback,11,tempo,4,2026-05-08T13:12:00Z
6175,50508,wochenfeedback,7,zufriedenheit_gesamt,3,2026-05-08T13:41:00Z
6176,50508,wochenfeedback,7,tempo,4,2026-05-08T13:41:00Z
3952,50346,wochenfeedback,3,zufriedenheit_gesamt,5,2026-05-08T13:49:00Z
3953,50346,wochenfeedback,3,tempo,5,2026-05-08T13:49:00Z
3954,50346,wochenfeedback,3,freitext,"Top Inhalte, besonders das SQL-Modul.",2026-05-08T13:49:00Z
5818,50481,wochenfeedback,75,zufriedenheit_gesamt,5,2026-05-08T13:51:00Z
5819,50481,wochenfeedback,75,tempo,3,2026-05-08T13:51:00Z
5820,50481,wochenfeedback,75,freitext,"Sehr gute Betreuung, die Übungen sind praxisnah.",2026-05-08T13:51:00Z
3650,50317,wochenfeedback,31,zufriedenheit_gesamt,4,2026-05-08T14:36:00Z
3651,50317,wochenfeedback,31,tempo,2,2026-05-08T14:36:00Z
7586,50620,wochenfeedback,87,zufriedenheit_gesamt,4,2026-05-08T14:41:00Z
7587,50620,wochenfeedback,87,tempo,1,2026-05-08T14:41:00Z
674,50063,wochenfeedback,7,zufriedenheit_gesamt,4,2026-05-08T14:57:00Z
675,50063,wochenfeedback,7,tempo,1,2026-05-08T14:57:00Z
5145,50437,wochenfeedback,31,zufriedenheit_gesamt,5,2026-05-08T15:07:00Z
5146,50437,wochenfeedback,31,tempo,5,2026-05-08T15:07:00Z
3485,50306,wochenfeedback,9,zufriedenheit_gesamt,5,2026-05-08T15:24:00Z
3486,50306,wochenfeedback,9,tempo,3,2026-05-08T15:24:00Z
3487,50306,wochenfeedback,9,freitext,"Tempo passt für mich, gerne mehr Praxisbeispiele.",2026-05-08T15:24:00Z
1094,50101,wochenfeedback,7,zufriedenheit_gesamt,5,2026-05-08T15:38:00Z
1095,50101,wochenfeedback,7,tempo,2,2026-05-08T15:38:00Z
2659,50241,wochenfeedback,3,zufriedenheit_gesamt,5,2026-05-08T16:38:00Z
2660,50241,wochenfeedback,3,tempo,4,2026-05-08T16:38:00Z
2358,50220,wochenfeedback,15,zufriedenheit_gesamt,4,2026-05-08T16:54:00Z
2359,50220,wochenfeedback,15,tempo,4,2026-05-08T16:54:00Z
2360,50220,wochenfeedback,15,freitext,"Tempo passt für mich, gerne mehr Praxisbeispiele.",2026-05-08T16:54:00Z
5904,50488,wochenfeedback,27,zufriedenheit_gesamt,4,2026-05-08T16:58:00Z
5905,50488,wochenfeedback,27,tempo,3,2026-05-08T16:58:00Z
6067,50502,wochenfeedback,7,zufriedenheit_gesamt,4,2026-05-08T17:16:00Z
6068,50502,wochenfeedback,7,tempo,1,2026-05-08T17:16:00Z
4382,50379,wochenfeedback,71,zufriedenheit_gesamt,4,2026-05-08T17:19:00Z
4383,50379,wochenfeedback,71,tempo,3,2026-05-08T17:19:00Z
8445,50696,wochenfeedback,23,zufriedenheit_gesamt,2,2026-05-08T17:38:00Z
8446,50696,wochenfeedback,23,tempo,2,2026-05-08T17:38:00Z
8447,50696,wochenfeedback,23,freitext,Zu wenig Feedback zu den Abgaben.,2026-05-08T17:38:00Z
6903,50570,wochenfeedback,7,zufriedenheit_gesamt,5,2026-05-08T17:52:00Z
6904,50570,wochenfeedback,7,tempo,5,2026-05-08T17:52:00Z
6905,50570,wochenfeedback,7,freitext,<p>Insgesamt <strong>sehr zufrieden</strong>.</p>,2026-05-08T17:52:00Z
6332,50525,wochenfeedback,15,zufriedenheit_gesamt,4,2026-05-08T17:58:00Z
6333,50525,wochenfeedback,15,tempo,3,2026-05-08T17:58:00Z
1314,50118,abschlussfeedback,,nps,4,2026-05-10T03:00:00Z
1315,50118,abschlussfeedback,,zufriedenheit_coach,5,2026-05-10T03:00:00Z
1316,50118,abschlussfeedback,,weiterempfehlung_grund,Statistik-Modul ist zu theoretisch.,2026-05-10T03:00:00Z
5972,50493,abschlussfeedback,,nps,10,2026-05-11T02:00:00Z
5973,50493,abschlussfeedback,,zufriedenheit_coach,4,2026-05-11T02:00:00Z
5974,50493,abschlussfeedback,,weiterempfehlung_grund,Statistik-Modul ist zu theoretisch.,2026-05-11T02:00:00Z
8181,50675,abschlussfeedback,,nps,6,2026-05-11T04:00:00Z
8182,50675,abschlussfeedback,,zufriedenheit_coach,4,2026-05-11T04:00:00Z
8183,50675,abschlussfeedback,,weiterempfehlung_grund,Die Plattform hatte diese Woche mehrfach Ausfälle.,2026-05-11T04:00:00Z
2259,50209,abschlussfeedback,,nps,9,2026-05-11T05:00:00Z
2260,50209,abschlussfeedback,,zufriedenheit_coach,4,2026-05-11T05:00:00Z
2261,50209,abschlussfeedback,,weiterempfehlung_grund,"Sehr gute Betreuung, die Übungen sind praxisnah.",2026-05-11T05:00:00Z
6167,50506,abschlussfeedback,,nps,8,2026-05-12T05:00:00Z
6168,50506,abschlussfeedback,,zufriedenheit_coach,4,2026-05-12T05:00:00Z
6169,50506,abschlussfeedback,,weiterempfehlung_grund,Statistik-Modul ist zu theoretisch.,2026-05-12T05:00:00Z
7514,50618,abschlussfeedback,,nps,10,2026-05-13T03:00:00Z
7515,50618,abschlussfeedback,,zufriedenheit_coach,5,2026-05-13T03:00:00Z
7516,50618,abschlussfeedback,,weiterempfehlung_grund,"Sehr gute Betreuung, die Übungen sind praxisnah.",2026-05-13T03:00:00Z
364,50033,abschlussfeedback,,nps,8,2026-05-13T08:00:00Z
365,50033,abschlussfeedback,,zufriedenheit_coach,5,2026-05-13T08:00:00Z
366,50033,abschlussfeedback,,weiterempfehlung_grund,"Tempo passt für mich, gerne mehr Praxisbeispiele.",2026-05-13T08:00:00Z
2485,50232,abschlussfeedback,,nps,6,2026-05-14T06:00:00Z
2486,50232,abschlussfeedback,,zufriedenheit_coach,3,2026-05-14T06:00:00Z
2487,50232,abschlussfeedback,,weiterempfehlung_grund,"Tempo passt für mich, gerne mehr Praxisbeispiele.",2026-05-14T06:00:00Z
6533,50539,abschlussfeedback,,nps,9,2026-05-14T19:00:00Z
6534,50539,abschlussfeedback,,zufriedenheit_coach,5,2026-05-14T19:00:00Z
6535,50539,abschlussfeedback,,weiterempfehlung_grund,Aufgabenstellungen sind teilweise unklar formuliert.,2026-05-14T19:00:00Z
6224,50515,wochenfeedback,4,zufriedenheit_gesamt,5,2026-05-15T06:19:00Z
6225,50515,wochenfeedback,4,tempo,4,2026-05-15T06:19:00Z
8380,50692,wochenfeedback,84,zufriedenheit_gesamt,4,2026-05-15T06:27:00Z
8381,50692,wochenfeedback,84,tempo,5,2026-05-15T06:27:00Z
6427,50529,wochenfeedback,72,zufriedenheit_gesamt,4,2026-05-15T06:30:00Z
6428,50529,wochenfeedback,72,tempo,4,2026-05-15T06:30:00Z
6429,50529,wochenfeedback,72,freitext,Ich fühle mich gut vorbereitet.,2026-05-15T06:30:00Z
6309,50524,wochenfeedback,4,zufriedenheit_gesamt,2,2026-05-15T07:00:00Z
6310,50524,wochenfeedback,4,tempo,3,2026-05-15T07:00:00Z
2883,50265,wochenfeedback,4,zufriedenheit_gesamt,4,2026-05-15T07:25:00Z
2884,50265,wochenfeedback,4,tempo,1,2026-05-15T07:25:00Z
7774,50631,wochenfeedback,68,zufriedenheit_gesamt,4,2026-05-15T07:49:00Z
7775,50631,wochenfeedback,68,tempo,2,2026-05-15T07:49:00Z
683,50064,wochenfeedback,12,zufriedenheit_gesamt,4,2026-05-15T08:21:00Z
684,50064,wochenfeedback,12,tempo,4,2026-05-15T08:21:00Z
5858,50483,wochenfeedback,4,zufriedenheit_gesamt,2,2026-05-15T09:27:00Z
5859,50483,wochenfeedback,4,tempo,3,2026-05-15T09:27:00Z
8411,50695,wochenfeedback,12,zufriedenheit_gesamt,4,2026-05-15T09:28:00Z
8412,50695,wochenfeedback,12,tempo,4,2026-05-15T09:28:00Z
8413,50695,wochenfeedback,12,freitext,"Tempo passt für mich, gerne mehr Praxisbeispiele.",2026-05-15T09:28:00Z
1048,50094,wochenfeedback,76,zufriedenheit_gesamt,5,2026-05-15T09:48:00Z
1049,50094,wochenfeedback,76,tempo,3,2026-05-15T09:48:00Z
1050,50094,wochenfeedback,76,freitext,"Sehr gute Betreuung, die Übungen sind praxisnah.",2026-05-15T09:48:00Z
4831,50411,wochenfeedback,4,zufriedenheit_gesamt,2,2026-05-15T10:23:00Z
4832,50411,wochenfeedback,4,tempo,4,2026-05-15T10:23:00Z
1460,50134,wochenfeedback,10,zufriedenheit_gesamt,5,2026-05-15T10:34:00Z
1461,50134,wochenfeedback,10,tempo,1,2026-05-15T10:34:00Z
1462,50134,wochenfeedback,10,freitext,"Top Inhalte, besonders das SQL-Modul.",2026-05-15T10:34:00Z
2038,50184,wochenfeedback,8,zufriedenheit_gesamt,2,2026-05-15T10:38:00Z
2039,50184,wochenfeedback,8,tempo,2,2026-05-15T10:38:00Z
2361,50220,wochenfeedback,16,zufriedenheit_gesamt,4,2026-05-15T10:46:00Z
2362,50220,wochenfeedback,16,tempo,3,2026-05-15T10:46:00Z
2363,50220,wochenfeedback,16,freitext,Der Coach erklärt super verständlich.,2026-05-15T10:46:00Z
3428,50303,wochenfeedback,88,zufriedenheit_gesamt,4,2026-05-15T10:58:00Z
3429,50303,wochenfeedback,88,tempo,3,2026-05-15T10:58:00Z
2605,50236,wochenfeedback,68,zufriedenheit_gesamt,4,2026-05-15T11:04:00Z
2606,50236,wochenfeedback,68,tempo,4,2026-05-15T11:04:00Z
2607,50236,wochenfeedback,68,freitext,Der Coach erklärt super verständlich.,2026-05-15T11:04:00Z
316,50030,wochenfeedback,4,zufriedenheit_gesamt,5,2026-05-15T11:31:00Z
317,50030,wochenfeedback,4,tempo,4,2026-05-15T11:31:00Z
318,50030,wochenfeedback,4,freitext,Die Live-Sessions sind Gold wert.,2026-05-15T11:31:00Z
6906,50570,wochenfeedback,8,zufriedenheit_gesamt,3,2026-05-15T11:58:00Z
6907,50570,wochenfeedback,8,tempo,1,2026-05-15T11:58:00Z
2673,50246,wochenfeedback,4,zufriedenheit_gesamt,3,2026-05-15T12:26:00Z
2674,50246,wochenfeedback,4,tempo,5,2026-05-15T12:26:00Z
6848,50566,wochenfeedback,12,zufriedenheit_gesamt,3,2026-05-15T12:42:00Z
6849,50566,wochenfeedback,12,tempo,4,2026-05-15T12:42:00Z
5364,50451,wochenfeedback,32,zufriedenheit_gesamt,2,2026-05-15T12:43:00Z
5365,50451,wochenfeedback,32,tempo,3,2026-05-15T12:43:00Z
5366,50451,wochenfeedback,32,freitext,Zu wenig Feedback zu den Abgaben.,2026-05-15T12:43:00Z
4646,50394,wochenfeedback,80,zufriedenheit_gesamt,2,2026-05-15T13:09:00Z
4647,50394,wochenfeedback,80,tempo,3,2026-05-15T13:09:00Z
4648,50394,wochenfeedback,80,freitext,Statistik-Modul ist zu theoretisch.,2026-05-15T13:09:00Z
2074,50189,wochenfeedback,4,zufriedenheit_gesamt,4,2026-05-15T13:10:00Z
2075,50189,wochenfeedback,4,tempo,4,2026-05-15T13:10:00Z
2076,50189,wochenfeedback,4,freitext,"Sehr gute Betreuung, die Übungen sind praxisnah.",2026-05-15T13:10:00Z
407,50034,wochenfeedback,52,zufriedenheit_gesamt,5,2026-05-15T13:34:00Z
408,50034,wochenfeedback,52,tempo,3,2026-05-15T13:34:00Z
2807,50256,wochenfeedback,24,zufriedenheit_gesamt,4,2026-05-15T15:18:00Z
2808,50256,wochenfeedback,24,tempo,3,2026-05-15T15:18:00Z
6666,50550,wochenfeedback,60,zufriedenheit_gesamt,5,2026-05-15T15:26:00Z
6667,50550,wochenfeedback,60,tempo,1,2026-05-15T15:26:00Z
7388,50612,wochenfeedback,60,zufriedenheit_gesamt,4,2026-05-15T15:39:00Z
7389,50612,wochenfeedback,60,tempo,2,2026-05-15T15:39:00Z
6098,50504,wochenfeedback,4,zufriedenheit_gesamt,4,2026-05-15T15:44:00Z
6099,50504,wochenfeedback,4,tempo,4,2026-05-15T15:44:00Z
7870,50646,wochenfeedback,12,zufriedenheit_gesamt,5,2026-05-15T15:46:00Z
7871,50646,wochenfeedback,12,tempo,4,2026-05-15T15:46:00Z
3932,50344,wochenfeedback,28,zufriedenheit_gesamt,2,2026-05-15T16:00:00Z
3933,50344,wochenfeedback,28,tempo,4,2026-05-15T16:00:00Z
4700,50397,wochenfeedback,8,zufriedenheit_gesamt,5,2026-05-15T16:19:00Z
4701,50397,wochenfeedback,8,tempo,3,2026-05-15T16:19:00Z
4702,50397,wochenfeedback,8,freitext,"<p>Die Videos sind gut, aber die Quizze sind zu leicht.</p>",2026-05-15T16:19:00Z
6334,50525,wochenfeedback,16,zufriedenheit_gesamt,2,2026-05-15T16:19:00Z
6335,50525,wochenfeedback,16,tempo,4,2026-05-15T16:19:00Z
3652,50317,abschlussfeedback,,nps,8,2026-05-15T21:00:00Z
3653,50317,abschlussfeedback,,zufriedenheit_coach,4,2026-05-15T21:00:00Z
3654,50317,abschlussfeedback,,weiterempfehlung_grund,Der Coach erklärt super verständlich.,2026-05-15T21:00:00Z
3101,50282,abschlussfeedback,,nps,6,2026-05-15T23:00:00Z
3102,50282,abschlussfeedback,,zufriedenheit_coach,5,2026-05-15T23:00:00Z
3103,50282,abschlussfeedback,,weiterempfehlung_grund,Aufgabenstellungen sind teilweise unklar formuliert.,2026-05-15T23:00:00Z
2522,50233,abschlussfeedback,,nps,5,2026-05-16T02:00:00Z
2523,50233,abschlussfeedback,,zufriedenheit_coach,4,2026-05-16T02:00:00Z
2524,50233,abschlussfeedback,,weiterempfehlung_grund,"Top Inhalte, besonders das SQL-Modul.",2026-05-16T02:00:00Z
3282,50296,abschlussfeedback,,nps,,2026-05-16T23:00:00Z
3283,50296,abschlussfeedback,,zufriedenheit_coach,5,2026-05-16T23:00:00Z
3284,50296,abschlussfeedback,,weiterempfehlung_grund,Aufgabenstellungen sind teilweise unklar formuliert.,2026-05-16T23:00:00Z
2097,50191,abschlussfeedback,,nps,9,2026-05-19T21:00:00Z
2098,50191,abschlussfeedback,,zufriedenheit_coach,3,2026-05-19T21:00:00Z
2099,50191,abschlussfeedback,,weiterempfehlung_grund,"Sehr gute Betreuung, die Übungen sind praxisnah.",2026-05-19T21:00:00Z
4892,50416,abschlussfeedback,,nps,4,2026-05-20T00:00:00Z
4893,50416,abschlussfeedback,,zufriedenheit_coach,5,2026-05-20T00:00:00Z
4894,50416,abschlussfeedback,,weiterempfehlung_grund,Ich fühle mich gut vorbereitet.,2026-05-20T00:00:00Z
6007,50496,abschlussfeedback,,nps,8,2026-05-20T23:00:00Z
6008,50496,abschlussfeedback,,zufriedenheit_coach,3,2026-05-20T23:00:00Z
6009,50496,abschlussfeedback,,weiterempfehlung_grund,"Tempo passt für mich, gerne mehr Praxisbeispiele.",2026-05-20T23:00:00Z
7472,50616,abschlussfeedback,,nps,5,2026-05-21T03:00:00Z
7473,50616,abschlussfeedback,,zufriedenheit_coach,4,2026-05-21T03:00:00Z
7474,50616,abschlussfeedback,,weiterempfehlung_grund,Ich fühle mich gut vorbereitet.,2026-05-21T03:00:00Z
7437,50613,abschlussfeedback,,nps,7,2026-05-21T18:00:00Z
7438,50613,abschlussfeedback,,zufriedenheit_coach,5,2026-05-21T18:00:00Z
7439,50613,abschlussfeedback,,weiterempfehlung_grund,Die Plattform hatte diese Woche mehrfach Ausfälle.,2026-05-21T18:00:00Z
4703,50397,wochenfeedback,9,zufriedenheit_gesamt,4,2026-05-22T06:31:00Z
4704,50397,wochenfeedback,9,tempo,3,2026-05-22T06:31:00Z
2812,50257,wochenfeedback,1,zufriedenheit_gesamt,5,2026-05-22T06:52:00Z
2813,50257,wochenfeedback,1,tempo,3,2026-05-22T06:52:00Z
8448,50696,wochenfeedback,25,zufriedenheit_gesamt,5,2026-05-22T07:25:00Z
8449,50696,wochenfeedback,25,tempo,3,2026-05-22T07:25:00Z
8450,50696,wochenfeedback,25,freitext,"Sehr gute Betreuung, die Übungen sind praxisnah.",2026-05-22T07:25:00Z
2040,50184,wochenfeedback,9,zufriedenheit_gesamt,5,2026-05-22T07:39:00Z
2041,50184,wochenfeedback,9,tempo,2,2026-05-22T07:39:00Z
3015,50276,wochenfeedback,69,zufriedenheit_gesamt,4,2026-05-22T07:49:00Z
3016,50276,wochenfeedback,69,tempo,4,2026-05-22T07:49:00Z
3017,50276,wochenfeedback,69,freitext,"Top Inhalte, besonders das SQL-Modul.",2026-05-22T07:49:00Z
6145,50505,wochenfeedback,53,zufriedenheit_gesamt,4,2026-05-22T08:04:00Z
6146,50505,wochenfeedback,53,tempo,4,2026-05-22T08:04:00Z
5367,50451,wochenfeedback,33,zufriedenheit_gesamt,4,2026-05-22T08:05:00Z
5368,50451,wochenfeedback,33,tempo,4,2026-05-22T08:05:00Z
5369,50451,wochenfeedback,33,freitext,Die Live-Sessions sind Gold wert.,2026-05-22T08:05:00Z
1117,50103,wochenfeedback,5,zufriedenheit_gesamt,5,2026-05-22T08:39:00Z
1118,50103,wochenfeedback,5,tempo,2,2026-05-22T08:39:00Z
409,50034,wochenfeedback,53,zufriedenheit_gesamt,2,2026-05-22T08:51:00Z
410,50034,wochenfeedback,53,tempo,1,2026-05-22T08:51:00Z
4318,50377,wochenfeedback,1,zufriedenheit_gesamt,5,2026-05-22T09:58:00Z
4319,50377,wochenfeedback,1,tempo,1,2026-05-22T09:58:00Z
7687,50627,wochenfeedback,17,zufriedenheit_gesamt,5,2026-05-22T10:39:00Z
7688,50627,wochenfeedback,17,tempo,2,2026-05-22T10:39:00Z
1511,50138,wochenfeedback,37,zufriedenheit_gesamt,4,2026-05-22T10:43:00Z
1512,50138,wochenfeedback,37,tempo,4,2026-05-22T10:43:00Z
6569,50544,wochenfeedback,17,zufriedenheit_gesamt,4,2026-05-22T10:43:00Z
6570,50544,wochenfeedback,17,tempo,3,2026-05-22T10:43:00Z
8074,50669,wochenfeedback,9,zufriedenheit_gesamt,4,2026-05-22T11:03:00Z
8075,50669,wochenfeedback,9,tempo,1,2026-05-22T11:03:00Z
8076,50669,wochenfeedback,9,freitext,Die Live-Sessions sind Gold wert.,2026-05-22T11:03:00Z
5821,50481,wochenfeedback,77,zufriedenheit_gesamt,3,2026-05-22T11:21:00Z
5822,50481,wochenfeedback,77,tempo,3,2026-05-22T11:21:00Z
2405,50225,wochenfeedback,5,zufriedenheit_gesamt,2,2026-05-22T11:23:00Z
2406,50225,wochenfeedback,5,tempo,4,2026-05-22T11:23:00Z
1320,50119,wochenfeedback,5,zufriedenheit_gesamt,2,2026-05-22T11:36:00Z
1321,50119,wochenfeedback,5,tempo,3,2026-05-22T11:36:00Z
4056,50356,wochenfeedback,9,zufriedenheit_gesamt,4,2026-05-22T11:40:00Z
4057,50356,wochenfeedback,9,tempo,2,2026-05-22T11:40:00Z
4058,50356,wochenfeedback,9,freitext,<p>Mehr Praxis bitte!</p>,2026-05-22T11:40:00Z
1697,50151,wochenfeedback,1,zufriedenheit_gesamt,5,2026-05-22T11:45:00Z
1698,50151,wochenfeedback,1,tempo,3,2026-05-22T11:45:00Z
6251,50517,wochenfeedback,1,zufriedenheit_gesamt,5,2026-05-22T12:56:00Z
6252,50517,wochenfeedback,1,tempo,1,2026-05-22T12:56:00Z
6253,50517,wochenfeedback,1,freitext,Der Coach erklärt super verständlich.,2026-05-22T12:56:00Z
8553,50709,wochenfeedback,1,zufriedenheit_gesamt,5,2026-05-22T13:06:00Z
8554,50709,wochenfeedback,1,tempo,3,2026-05-22T13:06:00Z
8555,50709,wochenfeedback,1,freitext,"Sehr gute Betreuung, die Übungen sind praxisnah.",2026-05-22T13:06:00Z
7776,50631,wochenfeedback,69,zufriedenheit_gesamt,4,2026-05-22T13:10:00Z
7777,50631,wochenfeedback,69,tempo,3,2026-05-22T13:10:00Z
6226,50515,wochenfeedback,5,zufriedenheit_gesamt,2,2026-05-22T13:24:00Z
6227,50515,wochenfeedback,5,tempo,4,2026-05-22T13:24:00Z
6492,50536,wochenfeedback,25,zufriedenheit_gesamt,5,2026-05-22T13:53:00Z
6493,50536,wochenfeedback,25,tempo,2,2026-05-22T13:53:00Z
3955,50346,wochenfeedback,5,zufriedenheit_gesamt,5,2026-05-22T14:16:00Z
3956,50346,wochenfeedback,5,tempo,2,2026-05-22T14:16:00Z
3023,50278,wochenfeedback,1,zufriedenheit_gesamt,4,2026-05-22T14:28:00Z
3024,50278,wochenfeedback,1,tempo,1,2026-05-22T14:28:00Z
874,50081,wochenfeedback,1,zufriedenheit_gesamt,4,2026-05-22T14:44:00Z
875,50081,wochenfeedback,1,tempo,4,2026-05-22T14:44:00Z
5906,50488,wochenfeedback,29,zufriedenheit_gesamt,3,2026-05-22T14:56:00Z
5907,50488,wochenfeedback,29,tempo,2,2026-05-22T14:56:00Z
4683,50396,wochenfeedback,49,zufriedenheit_gesamt,3,2026-05-22T15:33:00Z
4684,50396,wochenfeedback,49,tempo,3,2026-05-22T15:33:00Z
961,50091,wochenfeedback,11,zufriedenheit_gesamt,2,2026-05-22T15:42:00Z
962,50091,wochenfeedback,11,tempo,1,2026-05-22T15:42:00Z
4510,50390,wochenfeedback,17,zufriedenheit_gesamt,5,2026-05-22T15:44:00Z
4511,50390,wochenfeedback,17,tempo,4,2026-05-22T15:44:00Z
2755,50250,wochenfeedback,25,zufriedenheit_gesamt,2,2026-05-22T15:48:00Z
2756,50250,wochenfeedback,25,tempo,2,2026-05-22T15:48:00Z
233,50020,wochenfeedback,1,zufriedenheit_gesamt,4,2026-05-22T15:53:00Z
234,50020,wochenfeedback,1,tempo,4,2026-05-22T15:53:00Z
3430,50303,wochenfeedback,89,zufriedenheit_gesamt,3,2026-05-22T15:57:00Z
3431,50303,wochenfeedback,89,tempo,3,2026-05-22T15:57:00Z
5260,50446,wochenfeedback,9,zufriedenheit_gesamt,5,2026-05-22T16:00:00Z
5261,50446,wochenfeedback,9,tempo,4,2026-05-22T16:00:00Z
8414,50695,wochenfeedback,13,zufriedenheit_gesamt,3,2026-05-22T16:16:00Z
8415,50695,wochenfeedback,13,tempo,3,2026-05-22T16:16:00Z
7216,50599,wochenfeedback,57,zufriedenheit_gesamt,5,2026-05-22T17:52:00Z
7217,50599,wochenfeedback,57,tempo,4,2026-05-22T17:52:00Z
3488,50306,abschlussfeedback,,nps,8,2026-05-25T20:00:00Z
3489,50306,abschlussfeedback,,zufriedenheit_coach,4,2026-05-25T20:00:00Z
3490,50306,abschlussfeedback,,weiterempfehlung_grund,Aufgabenstellungen sind teilweise unklar formuliert.,2026-05-25T20:00:00Z
7026,50581,abschlussfeedback,,nps,5,2026-05-28T20:00:00Z
7027,50581,abschlussfeedback,,zufriedenheit_coach,2,2026-05-28T20:00:00Z
7028,50581,abschlussfeedback,,weiterempfehlung_grund,"Top Inhalte, besonders das SQL-Modul.",2026-05-28T20:00:00Z
963,50091,abschlussfeedback,,nps,10,2026-05-29T01:00:00Z
964,50091,abschlussfeedback,,zufriedenheit_coach,4,2026-05-29T01:00:00Z
965,50091,abschlussfeedback,,weiterempfehlung_grund,Statistik-Modul ist zu theoretisch.,2026-05-29T01:00:00Z
8382,50692,wochenfeedback,86,zufriedenheit_gesamt,2,2026-05-29T06:02:00Z
8383,50692,wochenfeedback,86,tempo,3,2026-05-29T06:02:00Z
8384,50692,wochenfeedback,86,freitext,<p>Insgesamt <strong>sehr zufrieden</strong>.</p>,2026-05-29T06:02:00Z
6254,50517,wochenfeedback,2,zufriedenheit_gesamt,3,2026-05-29T06:04:00Z
6255,50517,wochenfeedback,2,tempo,4,2026-05-29T06:04:00Z
7390,50612,wochenfeedback,62,zufriedenheit_gesamt,4,2026-05-29T06:48:00Z
7391,50612,wochenfeedback,62,tempo,5,2026-05-29T06:48:00Z
7392,50612,wochenfeedback,62,freitext,"Top Inhalte, besonders das SQL-Modul.",2026-05-29T06:48:00Z
5286,50448,wochenfeedback,14,zufriedenheit_gesamt,5,2026-05-29T07:27:00Z
5287,50448,wochenfeedback,14,tempo,4,2026-05-29T07:27:00Z
5288,50448,wochenfeedback,14,freitext,Der Coach erklärt super verständlich.,2026-05-29T07:27:00Z
1970,50178,wochenfeedback,2,zufriedenheit_gesamt,4,2026-05-29T07:31:00Z
1971,50178,wochenfeedback,2,tempo,4,2026-05-29T07:31:00Z
1972,50178,wochenfeedback,2,freitext,<p>Mehr Praxis bitte!</p>,2026-05-29T07:31:00Z
2661,50241,wochenfeedback,6,zufriedenheit_gesamt,2,2026-05-29T07:41:00Z
2662,50241,wochenfeedback,6,tempo,4,2026-05-29T07:41:00Z
5673,50475,wochenfeedback,10,zufriedenheit_gesamt,4,2026-05-29T08:04:00Z
5674,50475,wochenfeedback,10,tempo,3,2026-05-29T08:04:00Z
5675,50475,wochenfeedback,10,freitext,"Sehr gute Betreuung, die Übungen sind praxisnah.",2026-05-29T08:04:00Z
7218,50599,wochenfeedback,58,zufriedenheit_gesamt,4,2026-05-29T08:28:00Z
7219,50599,wochenfeedback,58,tempo,4,2026-05-29T08:28:00Z
7920,50654,wochenfeedback,2,zufriedenheit_gesamt,5,2026-05-29T08:58:00Z
7921,50654,wochenfeedback,2,tempo,4,2026-05-29T08:58:00Z
7814,50636,wochenfeedback,2,zufriedenheit_gesamt,3,2026-05-29T09:18:00Z
7815,50636,wochenfeedback,2,tempo,2,2026-05-29T09:18:00Z
5370,50451,wochenfeedback,34,zufriedenheit_gesamt,5,2026-05-29T09:27:00Z
5371,50451,wochenfeedback,34,tempo,4,2026-05-29T09:27:00Z
4451,50387,wochenfeedback,18,zufriedenheit_gesamt,4,2026-05-29T09:35:00Z
4452,50387,wochenfeedback,18,tempo,3,2026-05-29T09:35:00Z
1447,50133,wochenfeedback,26,zufriedenheit_gesamt,4,2026-05-29T10:08:00Z
1448,50133,wochenfeedback,26,tempo,5,2026-05-29T10:08:00Z
419,50035,wochenfeedback,10,zufriedenheit_gesamt,4,2026-05-29T10:19:00Z
420,50035,wochenfeedback,10,tempo,3,2026-05-29T10:19:00Z
3310,50299,wochenfeedback,10,zufriedenheit_gesamt,4,2026-05-29T10:24:00Z
3311,50299,wochenfeedback,10,tempo,3,2026-05-29T10:24:00Z
7069,50586,wochenfeedback,6,zufriedenheit_gesamt,4,2026-05-29T10:49:00Z
7070,50586,wochenfeedback,6,tempo,5,2026-05-29T10:49:00Z
1194,50111,wochenfeedback,2,zufriedenheit_gesamt,5,2026-05-29T11:12:00Z
1195,50111,wochenfeedback,2,tempo,1,2026-05-29T11:12:00Z
5262,50446,wochenfeedback,10,zufriedenheit_gesamt,4,2026-05-29T11:46:00Z
5263,50446,wochenfeedback,10,tempo,2,2026-05-29T11:46:00Z
5662,50474,wochenfeedback,22,zufriedenheit_gesamt,5,2026-05-29T11:56:00Z
5663,50474,wochenfeedback,22,tempo,5,2026-05-29T11:56:00Z
411,50034,wochenfeedback,54,zufriedenheit_gesamt,4,2026-05-29T12:48:00Z
412,50034,wochenfeedback,54,tempo,4,2026-05-29T12:48:00Z
7673,50626,wochenfeedback,14,zufriedenheit_gesamt,2,2026-05-29T13:06:00Z
7674,50626,wochenfeedback,14,tempo,2,2026-05-29T13:06:00Z
6192,50511,wochenfeedback,10,zufriedenheit_gesamt,5,2026-05-29T13:35:00Z
6193,50511,wochenfeedback,10,tempo,5,2026-05-29T13:35:00Z
2407,50225,wochenfeedback,6,zufriedenheit_gesamt,5,2026-05-29T13:45:00Z
2408,50225,wochenfeedback,6,tempo,4,2026-05-29T13:45:00Z
2409,50225,wochenfeedback,6,freitext,"<p>Die Videos sind gut, aber die Quizze sind zu leicht.</p>",2026-05-29T13:45:00Z
1513,50138,wochenfeedback,38,zufriedenheit_gesamt,3,2026-05-29T13:52:00Z
1514,50138,wochenfeedback,38,tempo,4,2026-05-29T13:52:00Z
1515,50138,wochenfeedback,38,freitext,<p>Mehr Praxis bitte!</p>,2026-05-29T13:52:00Z
6668,50550,wochenfeedback,62,zufriedenheit_gesamt,3,2026-05-29T14:00:00Z
6669,50550,wochenfeedback,62,tempo,4,2026-05-29T14:00:00Z
2280,50214,wochenfeedback,10,zufriedenheit_gesamt,5,2026-05-29T14:02:00Z
2281,50214,wochenfeedback,10,tempo,1,2026-05-29T14:02:00Z
1119,50103,wochenfeedback,6,zufriedenheit_gesamt,3,2026-05-29T14:25:00Z
1120,50103,wochenfeedback,6,tempo,3,2026-05-29T14:25:00Z
4420,50385,wochenfeedback,2,zufriedenheit_gesamt,2,2026-05-29T14:30:00Z
4421,50385,wochenfeedback,2,tempo,2,2026-05-29T14:30:00Z
2042,50184,wochenfeedback,10,zufriedenheit_gesamt,2,2026-05-29T14:39:00Z
2043,50184,wochenfeedback,10,tempo,3,2026-05-29T14:39:00Z
2044,50184,wochenfeedback,10,freitext,<p>Mehr Praxis bitte!</p>,2026-05-29T14:39:00Z
8451,50696,wochenfeedback,26,zufriedenheit_gesamt,5,2026-05-29T14:42:00Z
8452,50696,wochenfeedback,26,tempo,1,2026-05-29T14:42:00Z
1322,50119,wochenfeedback,6,zufriedenheit_gesamt,1,2026-05-29T15:01:00Z
1323,50119,wochenfeedback,6,tempo,5,2026-05-29T15:01:00Z
6908,50570,wochenfeedback,10,zufriedenheit_gesamt,4,2026-05-29T15:05:00Z
6909,50570,wochenfeedback,10,tempo,2,2026-05-29T15:05:00Z
6430,50529,wochenfeedback,74,zufriedenheit_gesamt,2,2026-05-29T15:53:00Z
6431,50529,wochenfeedback,74,tempo,2,2026-05-29T15:53:00Z
6432,50529,wochenfeedback,74,freitext,Statistik-Modul ist zu theoretisch.,2026-05-29T15:53:00Z
792,50072,wochenfeedback,34,zufriedenheit_gesamt,5,2026-05-29T16:09:00Z
793,50072,wochenfeedback,34,tempo,3,2026-05-29T16:09:00Z
794,50072,wochenfeedback,34,freitext,"Top Inhalte, besonders das SQL-Modul.",2026-05-29T16:09:00Z
7967,50660,wochenfeedback,18,zufriedenheit_gesamt,4,2026-05-29T16:51:00Z
7968,50660,wochenfeedback,18,tempo,3,2026-05-29T16:51:00Z
7816,50637,wochenfeedback,2,zufriedenheit_gesamt,2,2026-05-29T16:58:00Z
7817,50637,wochenfeedback,2,tempo,4,2026-05-29T16:58:00Z
985,50092,wochenfeedback,26,zufriedenheit_gesamt,5,2026-05-29T17:11:00Z
986,50092,wochenfeedback,26,tempo,1,2026-05-29T17:11:00Z
987,50092,wochenfeedback,26,freitext,Der Coach erklärt super verständlich.,2026-05-29T17:11:00Z
1463,50134,abschlussfeedback,,nps,7,2026-05-30T02:00:00Z
1464,50134,abschlussfeedback,,zufriedenheit_coach,5,2026-05-30T02:00:00Z
1465,50134,abschlussfeedback,,weiterempfehlung_grund,Ich fühle mich gut vorbereitet.,2026-05-30T02:00:00Z
8312,50687,wochenfeedback,51,zufriedenheit_gesamt,4,2026-06-05T06:24:00Z
8313,50687,wochenfeedback,51,tempo,5,2026-06-05T06:24:00Z
8314,50687,wochenfeedback,51,freitext,"Tempo passt für mich, gerne mehr Praxisbeispiele.",2026-06-05T06:24:00Z
8463,50697,wochenfeedback,1,zufriedenheit_gesamt,5,2026-06-05T06:51:00Z
8464,50697,wochenfeedback,1,tempo,3,2026-06-05T06:51:00Z
7393,50612,wochenfeedback,63,zufriedenheit_gesamt,4,2026-06-05T07:06:00Z
7394,50612,wochenfeedback,63,tempo,3,2026-06-05T07:06:00Z
2669,50243,wochenfeedback,3,zufriedenheit_gesamt,5,2026-06-05T07:19:00Z
2670,50243,wochenfeedback,3,tempo,3,2026-06-05T07:19:00Z
1324,50119,wochenfeedback,7,zufriedenheit_gesamt,2,2026-06-05T07:21:00Z
1325,50119,wochenfeedback,7,tempo,5,2026-06-05T07:21:00Z
1326,50119,wochenfeedback,7,freitext,Statistik-Modul ist zu theoretisch.,2026-06-05T07:21:00Z
2608,50236,wochenfeedback,71,zufriedenheit_gesamt,4,2026-06-05T07:27:00Z
2609,50236,wochenfeedback,71,tempo,1,2026-06-05T07:27:00Z
2610,50236,wochenfeedback,71,freitext,Die Live-Sessions sind Gold wert.,2026-06-05T07:27:00Z
5676,50475,wochenfeedback,11,zufriedenheit_gesamt,5,2026-06-05T07:30:00Z
5677,50475,wochenfeedback,11,tempo,3,2026-06-05T07:30:00Z
5678,50475,wochenfeedback,11,freitext,Die Live-Sessions sind Gold wert.,2026-06-05T07:30:00Z
185,50016,wochenfeedback,1,zufriedenheit_gesamt,4,2026-06-05T07:53:00Z
186,50016,wochenfeedback,1,tempo,3,2026-06-05T07:53:00Z
8077,50669,wochenfeedback,11,zufriedenheit_gesamt,4,2026-06-05T08:18:00Z
8078,50669,wochenfeedback,11,tempo,3,2026-06-05T08:18:00Z
6177,50508,wochenfeedback,11,zufriedenheit_gesamt,4,2026-06-05T08:23:00Z
6178,50508,wochenfeedback,11,tempo,4,2026-06-05T08:23:00Z
6670,50550,wochenfeedback,63,zufriedenheit_gesamt,3,2026-06-05T08:26:00Z
6671,50550,wochenfeedback,63,tempo,2,2026-06-05T08:26:00Z
5860,50483,wochenfeedback,7,zufriedenheit_gesamt,4,2026-06-05T08:53:00Z
5861,50483,wochenfeedback,7,tempo,1,2026-06-05T08:53:00Z
5862,50483,wochenfeedback,7,freitext,Die Live-Sessions sind Gold wert.,2026-06-05T08:53:00Z
4930,50421,wochenfeedback,11,zufriedenheit_gesamt,4,2026-06-05T09:11:00Z
4931,50421,wochenfeedback,11,tempo,3,2026-06-05T09:11:00Z
235,50020,wochenfeedback,3,zufriedenheit_gesamt,5,2026-06-05T09:21:00Z
236,50020,wochenfeedback,3,tempo,5,2026-06-05T09:21:00Z
237,50020,wochenfeedback,3,freitext,Der Coach erklärt super verständlich.,2026-06-05T09:21:00Z
4566,50393,wochenfeedback,19,zufriedenheit_gesamt,4,2026-06-05T09:34:00Z
4567,50393,wochenfeedback,19,tempo,3,2026-06-05T09:34:00Z
4023,50347,wochenfeedback,83,zufriedenheit_gesamt,2,2026-06-05T09:39:00Z
4024,50347,wochenfeedback,83,tempo,3,2026-06-05T09:39:00Z
876,50081,wochenfeedback,3,zufriedenheit_gesamt,5,2026-06-05T09:48:00Z
877,50081,wochenfeedback,3,tempo,4,2026-06-05T09:48:00Z
4649,50394,wochenfeedback,83,zufriedenheit_gesamt,4,2026-06-05T09:49:00Z
4650,50394,wochenfeedback,83,tempo,5,2026-06-05T09:49:00Z
4651,50394,wochenfeedback,83,freitext,"<p>Die Videos sind gut, aber die Quizze sind zu leicht.</p>",2026-06-05T09:49:00Z
5823,50481,wochenfeedback,79,zufriedenheit_gesamt,5,2026-06-05T09:52:00Z
5824,50481,wochenfeedback,79,tempo,3,2026-06-05T09:52:00Z
1758,50157,wochenfeedback,7,zufriedenheit_gesamt,4,2026-06-05T09:58:00Z
1759,50157,wochenfeedback,7,tempo,5,2026-06-05T09:58:00Z
7806,50635,wochenfeedback,3,zufriedenheit_gesamt,2,2026-06-05T11:35:00Z
7807,50635,wochenfeedback,3,tempo,3,2026-06-05T11:35:00Z
8453,50696,wochenfeedback,27,zufriedenheit_gesamt,3,2026-06-05T11:45:00Z
8454,50696,wochenfeedback,27,tempo,3,2026-06-05T11:45:00Z
6910,50570,wochenfeedback,11,zufriedenheit_gesamt,4,2026-06-05T11:53:00Z
6911,50570,wochenfeedback,11,tempo,1,2026-06-05T11:53:00Z
1570,50142,wochenfeedback,7,zufriedenheit_gesamt,5,2026-06-05T12:26:00Z
1571,50142,wochenfeedback,7,tempo,5,2026-06-05T12:26:00Z
1121,50103,wochenfeedback,7,zufriedenheit_gesamt,5,2026-06-05T12:31:00Z
1122,50103,wochenfeedback,7,tempo,5,2026-06-05T12:31:00Z
4384,50379,wochenfeedback,75,zufriedenheit_gesamt,5,2026-06-05T12:40:00Z
4385,50379,wochenfeedback,75,tempo,3,2026-06-05T12:40:00Z
4386,50379,wochenfeedback,75,freitext,<p>Insgesamt <strong>sehr zufrieden</strong>.</p>,2026-06-05T12:40:00Z
4453,50387,wochenfeedback,19,zufriedenheit_gesamt,4,2026-06-05T13:41:00Z
4454,50387,wochenfeedback,19,tempo,4,2026-06-05T13:41:00Z
3312,50299,wochenfeedback,11,zufriedenheit_gesamt,5,2026-06-05T13:57:00Z
3313,50299,wochenfeedback,11,tempo,3,2026-06-05T13:57:00Z
3314,50299,wochenfeedback,11,freitext,"Tempo passt für mich, gerne mehr Praxisbeispiele.",2026-06-05T13:57:00Z
7977,50662,wochenfeedback,7,zufriedenheit_gesamt,3,2026-06-05T14:05:00Z
7978,50662,wochenfeedback,7,tempo,4,2026-06-05T14:05:00Z
111,50010,wochenfeedback,11,zufriedenheit_gesamt,4,2026-06-05T14:11:00Z
112,50010,wochenfeedback,11,tempo,4,2026-06-05T14:11:00Z
5873,50484,wochenfeedback,7,zufriedenheit_gesamt,5,2026-06-05T15:25:00Z
5874,50484,wochenfeedback,7,tempo,5,2026-06-05T15:25:00Z
5926,50489,wochenfeedback,3,zufriedenheit_gesamt,4,2026-06-05T15:36:00Z
5927,50489,wochenfeedback,3,tempo,4,2026-06-05T15:36:00Z
6030,50499,wochenfeedback,15,zufriedenheit_gesamt,5,2026-06-05T15:41:00Z
6031,50499,wochenfeedback,15,tempo,3,2026-06-05T15:41:00Z
6032,50499,wochenfeedback,15,freitext,"Tempo passt für mich, gerne mehr Praxisbeispiele.",2026-06-05T15:41:00Z
2077,50189,wochenfeedback,7,zufriedenheit_gesamt,2,2026-06-05T15:49:00Z
2078,50189,wochenfeedback,7,tempo,3,2026-06-05T15:49:00Z
5289,50448,wochenfeedback,15,zufriedenheit_gesamt,4,2026-06-05T16:03:00Z
5290,50448,wochenfeedback,15,tempo,3,2026-06-05T16:03:00Z
1973,50178,wochenfeedback,3,zufriedenheit_gesamt,5,2026-06-05T16:58:00Z
1974,50178,wochenfeedback,3,tempo,4,2026-06-05T16:58:00Z
1975,50178,wochenfeedback,3,freitext,"Tempo passt für mich, gerne mehr Praxisbeispiele.",2026-06-05T16:58:00Z
1096,50101,wochenfeedback,11,zufriedenheit_gesamt,5,2026-06-05T17:21:00Z
1097,50101,wochenfeedback,11,tempo,2,2026-06-05T17:21:00Z
4320,50377,wochenfeedback,3,zufriedenheit_gesamt,4,2026-06-05T17:25:00Z
4321,50377,wochenfeedback,3,tempo,4,2026-06-05T17:25:00Z
5147,50437,wochenfeedback,35,zufriedenheit_gesamt,3,2026-06-05T17:36:00Z
5148,50437,wochenfeedback,35,tempo,4,2026-06-05T17:36:00Z
2675,50246,abschlussfeedback,,nps,10,2026-06-08T03:00:00Z
2676,50246,abschlussfeedback,,zufriedenheit_coach,3,2026-06-08T03:00:00Z
2677,50246,abschlussfeedback,,weiterempfehlung_grund,Die Live-Sessions sind Gold wert.,2026-06-08T03:00:00Z
7969,50660,abschlussfeedback,,nps,9,2026-06-09T04:00:00Z
7970,50660,abschlussfeedback,,zufriedenheit_coach,5,2026-06-09T04:00:00Z
7971,50660,abschlussfeedback,,weiterempfehlung_grund,"Das Tempo ist mir zu hoch, ich komme kaum hinterher.",2026-06-09T04:00:00Z
6503,50537,abschlussfeedback,,nps,8,2026-06-11T01:00:00Z
6504,50537,abschlussfeedback,,zufriedenheit_coach,5,2026-06-11T01:00:00Z
6505,50537,abschlussfeedback,,weiterempfehlung_grund,Ich hätte gern mehr Live-Termine.,2026-06-11T01:00:00Z
4568,50393,abschlussfeedback,,nps,7,2026-06-11T04:00:00Z
4569,50393,abschlussfeedback,,zufriedenheit_coach,5,2026-06-11T04:00:00Z
4570,50393,abschlussfeedback,,weiterempfehlung_grund,Der Coach erklärt super verständlich.,2026-06-11T04:00:00Z
6578,50545,wochenfeedback,20,zufriedenheit_gesamt,2,2026-06-12T06:04:00Z
6579,50545,wochenfeedback,20,tempo,4,2026-06-12T06:04:00Z
5372,50451,wochenfeedback,36,zufriedenheit_gesamt,4,2026-06-12T06:12:00Z
5373,50451,wochenfeedback,36,tempo,4,2026-06-12T06:12:00Z
5374,50451,wochenfeedback,36,freitext,"Sehr gute Betreuung, die Übungen sind praxisnah.",2026-06-12T06:12:00Z
1098,50101,wochenfeedback,12,zufriedenheit_gesamt,3,2026-06-12T06:21:00Z
1099,50101,wochenfeedback,12,tempo,2,2026-06-12T06:21:00Z
1572,50142,wochenfeedback,8,zufriedenheit_gesamt,5,2026-06-12T06:30:00Z
1573,50142,wochenfeedback,8,tempo,5,2026-06-12T06:30:00Z
1574,50142,wochenfeedback,8,freitext,<p>Insgesamt <strong>sehr zufrieden</strong>.</p>,2026-06-12T06:30:00Z
6179,50508,wochenfeedback,12,zufriedenheit_gesamt,2,2026-06-12T06:35:00Z
6180,50508,wochenfeedback,12,tempo,4,2026-06-12T06:35:00Z
6181,50508,wochenfeedback,12,freitext,"<p>Die Videos sind gut, aber die Quizze sind zu leicht.</p>",2026-06-12T06:35:00Z
4387,50379,wochenfeedback,76,zufriedenheit_gesamt,5,2026-06-12T06:42:00Z
4388,50379,wochenfeedback,76,tempo,3,2026-06-12T06:42:00Z
2410,50225,wochenfeedback,8,zufriedenheit_gesamt,4,2026-06-12T06:58:00Z
2411,50225,wochenfeedback,8,tempo,3,2026-06-12T06:58:00Z
2412,50225,wochenfeedback,8,freitext,Der Coach erklärt super verständlich.,2026-06-12T06:58:00Z
2611,50236,wochenfeedback,72,zufriedenheit_gesamt,5,2026-06-12T07:19:00Z
2612,50236,wochenfeedback,72,tempo,4,2026-06-12T07:19:00Z
2613,50236,wochenfeedback,72,freitext,Der Coach erklärt super verständlich.,2026-06-12T07:19:00Z
7071,50586,wochenfeedback,8,zufriedenheit_gesamt,5,2026-06-12T07:45:00Z
7072,50586,wochenfeedback,8,tempo,2,2026-06-12T07:45:00Z
7073,50586,wochenfeedback,8,freitext,Der Coach erklärt super verständlich.,2026-06-12T07:45:00Z
7689,50627,wochenfeedback,20,zufriedenheit_gesamt,4,2026-06-12T07:47:00Z
7690,50627,wochenfeedback,20,tempo,3,2026-06-12T07:47:00Z
7691,50627,wochenfeedback,20,freitext,"Tempo passt für mich, gerne mehr Praxisbeispiele.",2026-06-12T07:47:00Z
6571,50544,abschlussfeedback,,nps,9,2026-06-12T08:00:00Z
6572,50544,abschlussfeedback,,zufriedenheit_coach,4,2026-06-12T08:00:00Z
6573,50544,abschlussfeedback,,weiterempfehlung_grund,Die Plattform hatte diese Woche mehrfach Ausfälle.,2026-06-12T08:00:00Z
5217,50443,wochenfeedback,4,zufriedenheit_gesamt,4,2026-06-12T08:24:00Z
5218,50443,wochenfeedback,4,tempo,3,2026-06-12T08:24:00Z
8220,50680,wochenfeedback,16,zufriedenheit_gesamt,3,2026-06-12T08:24:00Z
8221,50680,wochenfeedback,16,tempo,3,2026-06-12T08:24:00Z
878,50081,wochenfeedback,4,zufriedenheit_gesamt,5,2026-06-12T08:51:00Z
879,50081,wochenfeedback,4,tempo,2,2026-06-12T08:51:00Z
8465,50697,wochenfeedback,2,zufriedenheit_gesamt,5,2026-06-12T09:50:00Z
8466,50697,wochenfeedback,2,tempo,4,2026-06-12T09:50:00Z
4239,50371,wochenfeedback,80,zufriedenheit_gesamt,4,2026-06-12T10:04:00Z
4240,50371,wochenfeedback,80,tempo,4,2026-06-12T10:04:00Z
319,50030,wochenfeedback,8,zufriedenheit_gesamt,2,2026-06-12T10:15:00Z
320,50030,wochenfeedback,8,tempo,5,2026-06-12T10:15:00Z
7588,50620,wochenfeedback,92,zufriedenheit_gesamt,3,2026-06-12T10:57:00Z
7589,50620,wochenfeedback,92,tempo,4,2026-06-12T10:57:00Z
7907,50651,wochenfeedback,4,zufriedenheit_gesamt,2,2026-06-12T11:20:00Z
7908,50651,wochenfeedback,4,tempo,5,2026-06-12T11:20:00Z
6494,50536,wochenfeedback,28,zufriedenheit_gesamt,3,2026-06-12T11:21:00Z
6495,50536,wochenfeedback,28,tempo,1,2026-06-12T11:21:00Z
6496,50536,wochenfeedback,28,freitext,Die Plattform hatte diese Woche mehrfach Ausfälle.,2026-06-12T11:21:00Z
4932,50421,wochenfeedback,12,zufriedenheit_gesamt,3,2026-06-12T11:24:00Z
4933,50421,wochenfeedback,12,tempo,4,2026-06-12T11:24:00Z
4934,50421,wochenfeedback,12,freitext,"<p>Die Videos sind gut, aber die Quizze sind zu leicht.</p>",2026-06-12T11:24:00Z
3957,50346,wochenfeedback,8,zufriedenheit_gesamt,4,2026-06-12T11:42:00Z
3958,50346,wochenfeedback,8,tempo,1,2026-06-12T11:42:00Z
2282,50214,wochenfeedback,12,zufriedenheit_gesamt,5,2026-06-12T12:08:00Z
2283,50214,wochenfeedback,12,tempo,3,2026-06-12T12:08:00Z
2284,50214,wochenfeedback,12,freitext,Die Live-Sessions sind Gold wert.,2026-06-12T12:08:00Z
238,50020,wochenfeedback,4,zufriedenheit_gesamt,5,2026-06-12T12:14:00Z
239,50020,wochenfeedback,4,tempo,1,2026-06-12T12:14:00Z
240,50020,wochenfeedback,4,freitext,Der Coach erklärt super verständlich.,2026-06-12T12:14:00Z
3025,50278,wochenfeedback,4,zufriedenheit_gesamt,5,2026-06-12T12:42:00Z
3026,50278,wochenfeedback,4,tempo,1,2026-06-12T12:42:00Z
988,50092,wochenfeedback,28,zufriedenheit_gesamt,5,2026-06-12T13:00:00Z
989,50092,wochenfeedback,28,tempo,3,2026-06-12T13:00:00Z
1699,50151,wochenfeedback,4,zufriedenheit_gesamt,4,2026-06-12T13:06:00Z
1700,50151,wochenfeedback,4,tempo,1,2026-06-12T13:06:00Z
6747,50557,wochenfeedback,8,zufriedenheit_gesamt,4,2026-06-12T13:29:00Z
6748,50557,wochenfeedback,8,tempo,3,2026-06-12T13:29:00Z
4322,50377,wochenfeedback,4,zufriedenheit_gesamt,5,2026-06-12T13:43:00Z
4323,50377,wochenfeedback,4,tempo,3,2026-06-12T13:43:00Z
4025,50347,wochenfeedback,84,zufriedenheit_gesamt,3,2026-06-12T14:25:00Z
4026,50347,wochenfeedback,84,tempo,3,2026-06-12T14:25:00Z
1516,50138,wochenfeedback,40,zufriedenheit_gesamt,5,2026-06-12T14:29:00Z
1517,50138,wochenfeedback,40,tempo,4,2026-06-12T14:29:00Z
8184,50676,wochenfeedback,2,zufriedenheit_gesamt,5,2026-06-12T15:06:00Z
8185,50676,wochenfeedback,2,tempo,3,2026-06-12T15:06:00Z
8021,50666,wochenfeedback,20,zufriedenheit_gesamt,2,2026-06-12T16:19:00Z
8022,50666,wochenfeedback,20,tempo,3,2026-06-12T16:19:00Z
1976,50178,wochenfeedback,4,zufriedenheit_gesamt,4,2026-06-12T16:29:00Z
1977,50178,wochenfeedback,4,tempo,1,2026-06-12T16:29:00Z
1978,50178,wochenfeedback,4,freitext,"Sehr gute Betreuung, die Übungen sind praxisnah.",2026-06-12T16:29:00Z
113,50010,wochenfeedback,12,zufriedenheit_gesamt,5,2026-06-12T17:17:00Z
114,50010,wochenfeedback,12,tempo,3,2026-06-12T17:17:00Z
115,50010,wochenfeedback,12,freitext,"Top Inhalte, besonders das SQL-Modul.",2026-06-12T17:17:00Z
1840,50164,wochenfeedback,32,zufriedenheit_gesamt,5,2026-06-12T17:30:00Z
1841,50164,wochenfeedback,32,tempo,3,2026-06-12T17:30:00Z
1842,50164,wochenfeedback,32,freitext,"Sehr gute Betreuung, die Übungen sind praxisnah.",2026-06-12T17:30:00Z
5875,50484,abschlussfeedback,,nps,6,2026-06-16T05:00:00Z
5876,50484,abschlussfeedback,,zufriedenheit_coach,5,2026-06-16T05:00:00Z
5877,50484,abschlussfeedback,,weiterempfehlung_grund,Ich hätte gern mehr Live-Termine.,2026-06-16T05:00:00Z
2809,50256,abschlussfeedback,,nps,5,2026-06-16T09:00:00Z
2810,50256,abschlussfeedback,,zufriedenheit_coach,4,2026-06-16T09:00:00Z
2811,50256,abschlussfeedback,,weiterempfehlung_grund,Aufgabenstellungen sind teilweise unklar formuliert.,2026-06-16T09:00:00Z
8222,50680,abschlussfeedback,,nps,10,2026-06-17T17:00:00Z
8223,50680,abschlussfeedback,,zufriedenheit_coach,3,2026-06-17T17:00:00Z
8224,50680,abschlussfeedback,,weiterempfehlung_grund,Der Coach erklärt super verständlich.,2026-06-17T17:00:00Z
6170,50507,abschlussfeedback,,nps,9,2026-06-17T20:00:00Z
6171,50507,abschlussfeedback,,zufriedenheit_coach,5,2026-06-17T20:00:00Z
6172,50507,abschlussfeedback,,weiterempfehlung_grund,Ich hätte gern mehr Live-Termine.,2026-06-17T20:00:00Z
7818,50637,wochenfeedback,5,zufriedenheit_gesamt,2,2026-06-19T06:27:00Z
7819,50637,wochenfeedback,5,tempo,1,2026-06-19T06:27:00Z
7820,50637,wochenfeedback,5,freitext,Die Plattform hatte diese Woche mehrfach Ausfälle.,2026-06-19T06:27:00Z
1179,50110,wochenfeedback,13,zufriedenheit_gesamt,2,2026-06-19T06:32:00Z
1180,50110,wochenfeedback,13,tempo,3,2026-06-19T06:32:00Z
4833,50411,wochenfeedback,9,zufriedenheit_gesamt,5,2026-06-19T07:21:00Z
4834,50411,wochenfeedback,9,tempo,1,2026-06-19T07:21:00Z
1660,50148,wochenfeedback,29,zufriedenheit_gesamt,3,2026-06-19T07:27:00Z
1661,50148,wochenfeedback,29,tempo,4,2026-06-19T07:27:00Z
1662,50148,wochenfeedback,29,freitext,Zu wenig Feedback zu den Abgaben.,2026-06-19T07:27:00Z
5149,50437,wochenfeedback,37,zufriedenheit_gesamt,4,2026-06-19T08:51:00Z
5150,50437,wochenfeedback,37,tempo,3,2026-06-19T08:51:00Z
5151,50437,wochenfeedback,37,freitext,Die Live-Sessions sind Gold wert.,2026-06-19T08:51:00Z
5375,50451,wochenfeedback,37,zufriedenheit_gesamt,5,2026-06-19T10:09:00Z
5376,50451,wochenfeedback,37,tempo,1,2026-06-19T10:09:00Z
5377,50451,wochenfeedback,37,freitext,Die Live-Sessions sind Gold wert.,2026-06-19T10:09:00Z
8272,50686,wochenfeedback,1,zufriedenheit_gesamt,4,2026-06-19T10:09:00Z
8273,50686,wochenfeedback,1,tempo,4,2026-06-19T10:09:00Z
421,50035,wochenfeedback,13,zufriedenheit_gesamt,5,2026-06-19T10:17:00Z
422,50035,wochenfeedback,13,tempo,2,2026-06-19T10:17:00Z
423,50035,wochenfeedback,13,freitext,Ich fühle mich gut vorbereitet.,2026-06-19T10:17:00Z
7675,50626,wochenfeedback,17,zufriedenheit_gesamt,4,2026-06-19T10:30:00Z
7676,50626,wochenfeedback,17,tempo,3,2026-06-19T10:30:00Z
7677,50626,wochenfeedback,17,freitext,"Tempo passt für mich, gerne mehr Praxisbeispiele.",2026-06-19T10:30:00Z
6033,50499,wochenfeedback,17,zufriedenheit_gesamt,5,2026-06-19T11:05:00Z
6034,50499,wochenfeedback,17,tempo,5,2026-06-19T11:05:00Z
6035,50499,wochenfeedback,17,freitext,"Top Inhalte, besonders das SQL-Modul.",2026-06-19T11:05:00Z
880,50081,wochenfeedback,5,zufriedenheit_gesamt,2,2026-06-19T11:20:00Z
881,50081,wochenfeedback,5,tempo,3,2026-06-19T11:20:00Z
3612,50316,wochenfeedback,1,zufriedenheit_gesamt,4,2026-06-19T11:29:00Z
3613,50316,wochenfeedback,1,tempo,3,2026-06-19T11:29:00Z
3614,50316,wochenfeedback,1,freitext,Ich fühle mich gut vorbereitet.,2026-06-19T11:29:00Z
116,50010,wochenfeedback,13,zufriedenheit_gesamt,5,2026-06-19T11:41:00Z
117,50010,wochenfeedback,13,tempo,1,2026-06-19T11:41:00Z
5679,50475,wochenfeedback,13,zufriedenheit_gesamt,3,2026-06-19T11:47:00Z
5680,50475,wochenfeedback,13,tempo,4,2026-06-19T11:47:00Z
5681,50475,wochenfeedback,13,freitext,Zu wenig Feedback zu den Abgaben.,2026-06-19T11:47:00Z
4935,50421,wochenfeedback,13,zufriedenheit_gesamt,2,2026-06-19T12:07:00Z
4936,50421,wochenfeedback,13,tempo,2,2026-06-19T12:07:00Z
3934,50344,wochenfeedback,33,zufriedenheit_gesamt,2,2026-06-19T12:28:00Z
3935,50344,wochenfeedback,33,tempo,3,2026-06-19T12:28:00Z
3959,50346,wochenfeedback,9,zufriedenheit_gesamt,5,2026-06-19T13:10:00Z
3960,50346,wochenfeedback,9,tempo,3,2026-06-19T13:10:00Z
7590,50620,wochenfeedback,93,zufriedenheit_gesamt,4,2026-06-19T13:10:00Z
7591,50620,wochenfeedback,93,tempo,3,2026-06-19T13:10:00Z
7592,50620,wochenfeedback,93,freitext,"Sehr gute Betreuung, die Übungen sind praxisnah.",2026-06-19T13:10:00Z
8315,50687,wochenfeedback,53,zufriedenheit_gesamt,3,2026-06-19T13:17:00Z
8316,50687,wochenfeedback,53,tempo,4,2026-06-19T13:17:00Z
8317,50687,wochenfeedback,53,freitext,Die Plattform hatte diese Woche mehrfach Ausfälle.,2026-06-19T13:17:00Z
8186,50676,wochenfeedback,3,zufriedenheit_gesamt,5,2026-06-19T13:23:00Z
8187,50676,wochenfeedback,3,tempo,4,2026-06-19T13:23:00Z
8188,50676,wochenfeedback,3,freitext,"Tempo passt für mich, gerne mehr Praxisbeispiele.",2026-06-19T13:23:00Z
332,50032,wochenfeedback,1,zufriedenheit_gesamt,4,2026-06-19T13:25:00Z
333,50032,wochenfeedback,1,tempo,3,2026-06-19T13:25:00Z
5331,50450,wochenfeedback,5,zufriedenheit_gesamt,2,2026-06-19T13:40:00Z
5332,50450,wochenfeedback,5,tempo,5,2026-06-19T13:40:00Z
5264,50446,wochenfeedback,13,zufriedenheit_gesamt,5,2026-06-19T13:48:00Z
5265,50446,wochenfeedback,13,tempo,3,2026-06-19T13:48:00Z
1843,50164,wochenfeedback,33,zufriedenheit_gesamt,2,2026-06-19T14:05:00Z
1844,50164,wochenfeedback,33,tempo,4,2026-06-19T14:05:00Z
2285,50214,wochenfeedback,13,zufriedenheit_gesamt,5,2026-06-19T14:06:00Z
2286,50214,wochenfeedback,13,tempo,5,2026-06-19T14:06:00Z
2287,50214,wochenfeedback,13,freitext,<p>Mehr Praxis bitte!</p>,2026-06-19T14:06:00Z
6850,50566,wochenfeedback,17,zufriedenheit_gesamt,5,2026-06-19T14:17:00Z
6851,50566,wochenfeedback,17,tempo,3,2026-06-19T14:17:00Z
4685,50396,wochenfeedback,53,zufriedenheit_gesamt,4,2026-06-19T14:56:00Z
4686,50396,wochenfeedback,53,tempo,4,2026-06-19T14:56:00Z
4687,50396,wochenfeedback,53,freitext,Der Coach erklärt super verständlich.,2026-06-19T14:56:00Z
6336,50525,wochenfeedback,21,zufriedenheit_gesamt,3,2026-06-19T15:17:00Z
6337,50525,wochenfeedback,21,tempo,5,2026-06-19T15:17:00Z
6069,50502,wochenfeedback,13,zufriedenheit_gesamt,5,2026-06-19T15:38:00Z
6070,50502,wochenfeedback,13,tempo,1,2026-06-19T15:38:00Z
4705,50397,wochenfeedback,13,zufriedenheit_gesamt,5,2026-06-19T15:40:00Z
4706,50397,wochenfeedback,13,tempo,3,2026-06-19T15:40:00Z
4027,50347,wochenfeedback,85,zufriedenheit_gesamt,5,2026-06-19T15:53:00Z
4028,50347,wochenfeedback,85,tempo,3,2026-06-19T15:53:00Z
6580,50545,wochenfeedback,21,zufriedenheit_gesamt,5,2026-06-19T16:15:00Z
6581,50545,wochenfeedback,21,tempo,1,2026-06-19T16:15:00Z
7074,50586,wochenfeedback,9,zufriedenheit_gesamt,5,2026-06-19T16:21:00Z
7075,50586,wochenfeedback,9,tempo,1,2026-06-19T16:21:00Z
2705,50247,wochenfeedback,57,zufriedenheit_gesamt,5,2026-06-19T16:36:00Z
2706,50247,wochenfeedback,57,tempo,1,2026-06-19T16:36:00Z
2707,50247,wochenfeedback,57,freitext,"Sehr gute Betreuung, die Übungen sind praxisnah.",2026-06-19T16:36:00Z
1100,50101,wochenfeedback,13,zufriedenheit_gesamt,4,2026-06-19T16:39:00Z
1101,50101,wochenfeedback,13,tempo,4,2026-06-19T16:39:00Z
1102,50101,wochenfeedback,13,freitext,Die Live-Sessions sind Gold wert.,2026-06-19T16:39:00Z
7395,50612,wochenfeedback,65,zufriedenheit_gesamt,3,2026-06-19T16:44:00Z
7396,50612,wochenfeedback,65,tempo,5,2026-06-19T16:44:00Z
8023,50666,wochenfeedback,21,zufriedenheit_gesamt,4,2026-06-19T16:50:00Z
8024,50666,wochenfeedback,21,tempo,4,2026-06-19T16:50:00Z
8556,50709,wochenfeedback,5,zufriedenheit_gesamt,5,2026-06-19T17:16:00Z
8557,50709,wochenfeedback,5,tempo,5,2026-06-19T17:16:00Z
8558,50709,wochenfeedback,5,freitext,"Tempo passt für mich, gerne mehr Praxisbeispiele.",2026-06-19T17:16:00Z
8520,50702,wochenfeedback,2,zufriedenheit_gesamt,2,2026-06-26T06:43:00Z
8521,50702,wochenfeedback,2,tempo,3,2026-06-26T06:43:00Z
8522,50702,wochenfeedback,2,freitext,Die Plattform hatte diese Woche mehrfach Ausfälle.,2026-06-26T06:43:00Z
8025,50666,wochenfeedback,22,zufriedenheit_gesamt,5,2026-06-26T07:03:00Z
8026,50666,wochenfeedback,22,tempo,4,2026-06-26T07:03:00Z
2413,50225,wochenfeedback,10,zufriedenheit_gesamt,4,2026-06-26T07:08:00Z
2414,50225,wochenfeedback,10,tempo,5,2026-06-26T07:08:00Z
4312,50376,wochenfeedback,4,zufriedenheit_gesamt,4,2026-06-26T07:14:00Z
4313,50376,wochenfeedback,4,tempo,3,2026-06-26T07:14:00Z
4314,50376,wochenfeedback,4,freitext,Ich fühle mich gut vorbereitet.,2026-06-26T07:14:00Z
8318,50687,wochenfeedback,54,zufriedenheit_gesamt,4,2026-06-26T07:15:00Z
8319,50687,wochenfeedback,54,tempo,4,2026-06-26T07:15:00Z
424,50035,wochenfeedback,14,zufriedenheit_gesamt,4,2026-06-26T07:30:00Z
425,50035,wochenfeedback,14,tempo,4,2026-06-26T07:30:00Z
118,50010,wochenfeedback,14,zufriedenheit_gesamt,5,2026-06-26T07:43:00Z
119,50010,wochenfeedback,14,tempo,3,2026-06-26T07:43:00Z
120,50010,wochenfeedback,14,freitext,"Top Inhalte, besonders das SQL-Modul.",2026-06-26T07:43:00Z
6209,50513,wochenfeedback,2,zufriedenheit_gesamt,4,2026-06-26T08:22:00Z
6210,50513,wochenfeedback,2,tempo,5,2026-06-26T08:22:00Z
6582,50545,wochenfeedback,22,zufriedenheit_gesamt,2,2026-06-26T08:30:00Z
6583,50545,wochenfeedback,22,tempo,2,2026-06-26T08:30:00Z
6584,50545,wochenfeedback,22,freitext,Aufgabenstellungen sind teilweise unklar formuliert.,2026-06-26T08:30:00Z
5928,50489,wochenfeedback,6,zufriedenheit_gesamt,4,2026-06-26T08:31:00Z
5929,50489,wochenfeedback,6,tempo,4,2026-06-26T08:31:00Z
5930,50489,wochenfeedback,6,freitext,<p>Mehr Praxis bitte!</p>,2026-06-26T08:31:00Z
8559,50709,wochenfeedback,6,zufriedenheit_gesamt,3,2026-06-26T08:36:00Z
8560,50709,wochenfeedback,6,tempo,3,2026-06-26T08:36:00Z
7397,50612,wochenfeedback,66,zufriedenheit_gesamt,5,2026-06-26T08:46:00Z
7398,50612,wochenfeedback,66,tempo,1,2026-06-26T08:46:00Z
7399,50612,wochenfeedback,66,freitext,Ich fühle mich gut vorbereitet.,2026-06-26T08:46:00Z
6194,50511,wochenfeedback,14,zufriedenheit_gesamt,4,2026-06-26T08:55:00Z
6195,50511,wochenfeedback,14,tempo,3,2026-06-26T08:55:00Z
2288,50214,wochenfeedback,14,zufriedenheit_gesamt,2,2026-06-26T09:05:00Z
2289,50214,wochenfeedback,14,tempo,4,2026-06-26T09:05:00Z
4688,50396,wochenfeedback,54,zufriedenheit_gesamt,2,2026-06-26T09:24:00Z
4689,50396,wochenfeedback,54,tempo,1,2026-06-26T09:24:00Z
4690,50396,wochenfeedback,54,freitext,Zu wenig Feedback zu den Abgaben.,2026-06-26T09:24:00Z
73,50006,wochenfeedback,4,zufriedenheit_gesamt,4,2026-06-26T09:28:00Z
74,50006,wochenfeedback,4,tempo,5,2026-06-26T09:28:00Z
7220,50599,wochenfeedback,62,zufriedenheit_gesamt,4,2026-06-26T09:32:00Z
7221,50599,wochenfeedback,62,tempo,4,2026-06-26T09:32:00Z
5908,50488,wochenfeedback,34,zufriedenheit_gesamt,5,2026-06-26T09:35:00Z
5909,50488,wochenfeedback,34,tempo,4,2026-06-26T09:35:00Z
8455,50696,wochenfeedback,30,zufriedenheit_gesamt,4,2026-06-26T09:38:00Z
8456,50696,wochenfeedback,30,tempo,3,2026-06-26T09:38:00Z
3315,50299,wochenfeedback,14,zufriedenheit_gesamt,4,2026-06-26T09:55:00Z
3316,50299,wochenfeedback,14,tempo,4,2026-06-26T09:55:00Z
4059,50356,wochenfeedback,14,zufriedenheit_gesamt,4,2026-06-26T09:56:00Z
4060,50356,wochenfeedback,14,tempo,4,2026-06-26T09:56:00Z
4061,50356,wochenfeedback,14,freitext,"Top Inhalte, besonders das SQL-Modul.",2026-06-26T09:56:00Z
1181,50110,wochenfeedback,14,zufriedenheit_gesamt,2,2026-06-26T11:04:00Z
1182,50110,wochenfeedback,14,tempo,3,2026-06-26T11:04:00Z
6338,50525,wochenfeedback,22,zufriedenheit_gesamt,4,2026-06-26T11:26:00Z
6339,50525,wochenfeedback,22,tempo,1,2026-06-26T11:26:00Z
1354,50124,wochenfeedback,2,zufriedenheit_gesamt,5,2026-06-26T11:35:00Z
1355,50124,wochenfeedback,2,tempo,4,2026-06-26T11:35:00Z
5219,50443,wochenfeedback,6,zufriedenheit_gesamt,5,2026-06-26T11:41:00Z
5220,50443,wochenfeedback,6,tempo,2,2026-06-26T11:41:00Z
6228,50515,wochenfeedback,10,zufriedenheit_gesamt,4,2026-06-26T11:41:00Z
6229,50515,wochenfeedback,10,tempo,3,2026-06-26T11:41:00Z
6071,50502,wochenfeedback,14,zufriedenheit_gesamt,4,2026-06-26T14:15:00Z
6072,50502,wochenfeedback,14,tempo,2,2026-06-26T14:15:00Z
1928,50172,wochenfeedback,14,zufriedenheit_gesamt,5,2026-06-26T14:18:00Z
1929,50172,wochenfeedback,14,tempo,4,2026-06-26T14:18:00Z
1930,50172,wochenfeedback,14,freitext,Die Live-Sessions sind Gold wert.,2026-06-26T14:18:00Z
6256,50517,wochenfeedback,6,zufriedenheit_gesamt,4,2026-06-26T14:56:00Z
6257,50517,wochenfeedback,6,tempo,4,2026-06-26T14:56:00Z
7808,50635,wochenfeedback,6,zufriedenheit_gesamt,1,2026-06-26T15:00:00Z
7809,50635,wochenfeedback,6,tempo,3,2026-06-26T15:00:00Z
7922,50654,wochenfeedback,6,zufriedenheit_gesamt,4,2026-06-26T15:14:00Z
7923,50654,wochenfeedback,6,tempo,3,2026-06-26T15:14:00Z
8467,50697,wochenfeedback,4,zufriedenheit_gesamt,5,2026-06-26T15:29:00Z
8468,50697,wochenfeedback,4,tempo,1,2026-06-26T15:29:00Z
5863,50483,wochenfeedback,10,zufriedenheit_gesamt,5,2026-06-26T16:06:00Z
5864,50483,wochenfeedback,10,tempo,4,2026-06-26T16:06:00Z
6912,50570,wochenfeedback,14,zufriedenheit_gesamt,5,2026-06-26T16:19:00Z
6913,50570,wochenfeedback,14,tempo,3,2026-06-26T16:19:00Z
6914,50570,wochenfeedback,14,freitext,"Tempo passt für mich, gerne mehr Praxisbeispiele.",2026-06-26T16:19:00Z
7593,50620,wochenfeedback,94,zufriedenheit_gesamt,4,2026-06-26T16:19:00Z
7594,50620,wochenfeedback,94,tempo,5,2026-06-26T16:19:00Z
7595,50620,wochenfeedback,94,freitext,Die Live-Sessions sind Gold wert.,2026-06-26T16:19:00Z
1863,50166,wochenfeedback,22,zufriedenheit_gesamt,5,2026-06-26T16:27:00Z
1864,50166,wochenfeedback,22,tempo,3,2026-06-26T16:27:00Z
1865,50166,wochenfeedback,22,freitext,"Tempo passt für mich, gerne mehr Praxisbeispiele.",2026-06-26T16:27:00Z
5664,50474,wochenfeedback,26,zufriedenheit_gesamt,4,2026-06-26T16:30:00Z
5665,50474,wochenfeedback,26,tempo,1,2026-06-26T16:30:00Z
5825,50481,wochenfeedback,82,zufriedenheit_gesamt,5,2026-06-26T16:31:00Z
5826,50481,wochenfeedback,82,tempo,5,2026-06-26T16:31:00Z
1663,50148,wochenfeedback,30,zufriedenheit_gesamt,4,2026-06-26T16:50:00Z
1664,50148,wochenfeedback,30,tempo,5,2026-06-26T16:50:00Z
3961,50346,wochenfeedback,10,zufriedenheit_gesamt,5,2026-06-26T16:52:00Z
3962,50346,wochenfeedback,10,tempo,4,2026-06-26T16:52:00Z
7979,50662,wochenfeedback,10,zufriedenheit_gesamt,4,2026-06-26T17:01:00Z
7980,50662,wochenfeedback,10,tempo,4,2026-06-26T17:01:00Z
6182,50508,wochenfeedback,14,zufriedenheit_gesamt,5,2026-06-26T17:02:00Z
6183,50508,wochenfeedback,14,tempo,1,2026-06-26T17:02:00Z
5152,50437,wochenfeedback,38,zufriedenheit_gesamt,4,2026-06-26T17:09:00Z
5153,50437,wochenfeedback,38,tempo,2,2026-06-26T17:09:00Z
904,50083,wochenfeedback,2,zufriedenheit_gesamt,5,2026-06-26T17:15:00Z
905,50083,wochenfeedback,2,tempo,4,2026-06-26T17:15:00Z
6147,50505,wochenfeedback,58,zufriedenheit_gesamt,5,2026-06-26T17:43:00Z
6148,50505,wochenfeedback,58,tempo,5,2026-06-26T17:43:00Z
6749,50557,wochenfeedback,10,zufriedenheit_gesamt,1,2026-06-26T17:47:00Z
6750,50557,wochenfeedback,10,tempo,3,2026-06-26T17:47:00Z
6751,50557,wochenfeedback,10,freitext,Zu wenig Feedback zu den Abgaben.,2026-06-26T17:47:00Z
241,50020,wochenfeedback,7,zufriedenheit_gesamt,5,2026-07-03T06:01:00Z
242,50020,wochenfeedback,7,tempo,3,2026-07-03T06:01:00Z
2128,50197,wochenfeedback,3,zufriedenheit_gesamt,5,2026-07-03T06:02:00Z
2129,50197,wochenfeedback,3,tempo,5,2026-07-03T06:02:00Z
2130,50197,wochenfeedback,3,freitext,Die Live-Sessions sind Gold wert.,2026-07-03T06:02:00Z
5154,50437,wochenfeedback,39,zufriedenheit_gesamt,2,2026-07-03T06:13:00Z
5155,50437,wochenfeedback,39,tempo,1,2026-07-03T06:13:00Z
5156,50437,wochenfeedback,39,freitext,Aufgabenstellungen sind teilweise unklar formuliert.,2026-07-03T06:13:00Z
3027,50278,wochenfeedback,7,zufriedenheit_gesamt,3,2026-07-03T06:21:00Z
3028,50278,wochenfeedback,7,tempo,4,2026-07-03T06:21:00Z
5666,50474,wochenfeedback,27,zufriedenheit_gesamt,2,2026-07-03T06:23:00Z
5667,50474,wochenfeedback,27,tempo,3,2026-07-03T06:23:00Z
1356,50124,wochenfeedback,3,zufriedenheit_gesamt,5,2026-07-03T06:29:00Z
1357,50124,wochenfeedback,3,tempo,1,2026-07-03T06:29:00Z
2814,50257,wochenfeedback,7,zufriedenheit_gesamt,5,2026-07-03T06:36:00Z
2815,50257,wochenfeedback,7,tempo,5,2026-07-03T06:36:00Z
2816,50257,wochenfeedback,7,freitext,"Tempo passt für mich, gerne mehr Praxisbeispiele.",2026-07-03T06:36:00Z
8027,50666,wochenfeedback,23,zufriedenheit_gesamt,5,2026-07-03T06:37:00Z
8028,50666,wochenfeedback,23,tempo,2,2026-07-03T06:37:00Z
2885,50265,wochenfeedback,11,zufriedenheit_gesamt,4,2026-07-03T07:54:00Z
2886,50265,wochenfeedback,11,tempo,3,2026-07-03T07:54:00Z
2887,50265,wochenfeedback,11,freitext,Die Live-Sessions sind Gold wert.,2026-07-03T07:54:00Z
906,50083,wochenfeedback,3,zufriedenheit_gesamt,3,2026-07-03T08:16:00Z
907,50083,wochenfeedback,3,tempo,4,2026-07-03T08:16:00Z
7692,50627,wochenfeedback,23,zufriedenheit_gesamt,4,2026-07-03T08:29:00Z
7693,50627,wochenfeedback,23,tempo,3,2026-07-03T08:29:00Z
5221,50443,wochenfeedback,7,zufriedenheit_gesamt,3,2026-07-03T09:12:00Z
5222,50443,wochenfeedback,7,tempo,1,2026-07-03T09:12:00Z
5223,50443,wochenfeedback,7,freitext,Ich hätte gern mehr Live-Termine.,2026-07-03T09:12:00Z
4937,50421,wochenfeedback,15,zufriedenheit_gesamt,5,2026-07-03T09:33:00Z
4938,50421,wochenfeedback,15,tempo,1,2026-07-03T09:33:00Z
8189,50676,wochenfeedback,5,zufriedenheit_gesamt,2,2026-07-03T09:37:00Z
8190,50676,wochenfeedback,5,tempo,4,2026-07-03T09:37:00Z
8191,50676,wochenfeedback,5,freitext,Ich hätte gern mehr Live-Termine.,2026-07-03T09:37:00Z
8320,50687,wochenfeedback,55,zufriedenheit_gesamt,5,2026-07-03T09:49:00Z
8321,50687,wochenfeedback,55,tempo,4,2026-07-03T09:49:00Z
8322,50687,wochenfeedback,55,freitext,Der Coach erklärt super verständlich.,2026-07-03T09:49:00Z
4895,50417,wochenfeedback,3,zufriedenheit_gesamt,3,2026-07-03T10:25:00Z
4896,50417,wochenfeedback,3,tempo,3,2026-07-03T10:25:00Z
4897,50417,wochenfeedback,3,freitext,Statistik-Modul ist zu theoretisch.,2026-07-03T10:25:00Z
7810,50635,wochenfeedback,7,zufriedenheit_gesamt,4,2026-07-03T10:41:00Z
7811,50635,wochenfeedback,7,tempo,3,2026-07-03T10:41:00Z
75,50006,wochenfeedback,5,zufriedenheit_gesamt,4,2026-07-03T10:42:00Z
76,50006,wochenfeedback,5,tempo,3,2026-07-03T10:42:00Z
3317,50299,wochenfeedback,15,zufriedenheit_gesamt,4,2026-07-03T10:47:00Z
3318,50299,wochenfeedback,15,tempo,4,2026-07-03T10:47:00Z
1327,50119,wochenfeedback,11,zufriedenheit_gesamt,4,2026-07-03T10:57:00Z
1328,50119,wochenfeedback,11,tempo,1,2026-07-03T10:57:00Z
1329,50119,wochenfeedback,11,freitext,"<p>Die Videos sind gut, aber die Quizze sind zu leicht.</p>",2026-07-03T10:57:00Z
8561,50709,wochenfeedback,7,zufriedenheit_gesamt,4,2026-07-03T11:06:00Z
8562,50709,wochenfeedback,7,tempo,4,2026-07-03T11:06:00Z
2290,50214,wochenfeedback,15,zufriedenheit_gesamt,2,2026-07-03T11:08:00Z
2291,50214,wochenfeedback,15,tempo,5,2026-07-03T11:08:00Z
1051,50094,wochenfeedback,83,zufriedenheit_gesamt,4,2026-07-03T11:22:00Z
1052,50094,wochenfeedback,83,tempo,3,2026-07-03T11:22:00Z
2614,50236,wochenfeedback,75,zufriedenheit_gesamt,4,2026-07-03T11:24:00Z
2615,50236,wochenfeedback,75,tempo,4,2026-07-03T11:24:00Z
1103,50101,wochenfeedback,15,zufriedenheit_gesamt,5,2026-07-03T11:57:00Z
1104,50101,wochenfeedback,15,tempo,4,2026-07-03T11:57:00Z
1105,50101,wochenfeedback,15,freitext,"Sehr gute Betreuung, die Übungen sind praxisnah.",2026-07-03T11:57:00Z
3603,50314,wochenfeedback,3,zufriedenheit_gesamt,4,2026-07-03T12:15:00Z
3604,50314,wochenfeedback,3,tempo,3,2026-07-03T12:15:00Z
6757,50558,wochenfeedback,3,zufriedenheit_gesamt,4,2026-07-03T12:53:00Z
6758,50558,wochenfeedback,3,tempo,1,2026-07-03T12:53:00Z
6759,50558,wochenfeedback,3,freitext,<p>Insgesamt <strong>sehr zufrieden</strong>.</p>,2026-07-03T12:53:00Z
5333,50450,wochenfeedback,7,zufriedenheit_gesamt,4,2026-07-03T13:17:00Z
5334,50450,wochenfeedback,7,tempo,4,2026-07-03T13:17:00Z
1866,50166,wochenfeedback,23,zufriedenheit_gesamt,4,2026-07-03T14:16:00Z
1867,50166,wochenfeedback,23,tempo,5,2026-07-03T14:16:00Z
5827,50481,wochenfeedback,83,zufriedenheit_gesamt,4,2026-07-03T14:22:00Z
5828,50481,wochenfeedback,83,tempo,4,2026-07-03T14:22:00Z
5829,50481,wochenfeedback,83,freitext,Der Coach erklärt super verständlich.,2026-07-03T14:22:00Z
6585,50545,wochenfeedback,23,zufriedenheit_gesamt,4,2026-07-03T14:31:00Z
6586,50545,wochenfeedback,23,tempo,3,2026-07-03T14:31:00Z
7596,50620,wochenfeedback,95,zufriedenheit_gesamt,4,2026-07-03T14:31:00Z
7597,50620,wochenfeedback,95,tempo,4,2026-07-03T14:31:00Z
7598,50620,wochenfeedback,95,freitext,<p>Mehr Praxis bitte!</p>,2026-07-03T14:31:00Z
3615,50316,wochenfeedback,3,zufriedenheit_gesamt,5,2026-07-03T15:05:00Z
3616,50316,wochenfeedback,3,tempo,3,2026-07-03T15:05:00Z
7872,50646,wochenfeedback,19,zufriedenheit_gesamt,5,2026-07-03T15:16:00Z
7873,50646,wochenfeedback,19,tempo,3,2026-07-03T15:16:00Z
6073,50502,wochenfeedback,15,zufriedenheit_gesamt,4,2026-07-03T16:15:00Z
6074,50502,wochenfeedback,15,tempo,4,2026-07-03T16:15:00Z
667,50062,wochenfeedback,15,zufriedenheit_gesamt,3,2026-07-03T16:40:00Z
668,50062,wochenfeedback,15,tempo,5,2026-07-03T16:40:00Z
1760,50157,wochenfeedback,11,zufriedenheit_gesamt,5,2026-07-03T16:50:00Z
1761,50157,wochenfeedback,11,tempo,1,2026-07-03T16:50:00Z
1665,50148,wochenfeedback,31,zufriedenheit_gesamt,2,2026-07-03T17:16:00Z
1666,50148,wochenfeedback,31,tempo,2,2026-07-03T17:16:00Z
7119,50591,wochenfeedback,19,zufriedenheit_gesamt,5,2026-07-03T17:18:00Z
7120,50591,wochenfeedback,19,tempo,3,2026-07-03T17:18:00Z
8416,50695,wochenfeedback,19,zufriedenheit_gesamt,3,2026-07-03T17:26:00Z
8417,50695,wochenfeedback,19,tempo,3,2026-07-03T17:26:00Z
8418,50695,wochenfeedback,19,freitext,"Das Tempo ist mir zu hoch, ich komme kaum hinterher.",2026-07-03T17:26:00Z
2708,50247,wochenfeedback,59,zufriedenheit_gesamt,3,2026-07-03T17:42:00Z
2709,50247,wochenfeedback,59,tempo,2,2026-07-03T17:42:00Z
2710,50247,wochenfeedback,59,freitext,"Das Tempo ist mir zu hoch, ich komme kaum hinterher.",2026-07-03T17:42:00Z
321,50030,wochenfeedback,11,zufriedenheit_gesamt,5,2026-07-03T17:59:00Z
322,50030,wochenfeedback,11,tempo,4,2026-07-03T17:59:00Z
669,50062,abschlussfeedback,,nps,7,2026-07-06T01:00:00Z
670,50062,abschlussfeedback,,zufriedenheit_coach,4,2026-07-06T01:00:00Z
671,50062,abschlussfeedback,,weiterempfehlung_grund,"Sehr gute Betreuung, die Übungen sind praxisnah.",2026-07-06T01:00:00Z
7678,50626,abschlussfeedback,,nps,4,2026-07-06T02:00:00Z
7679,50626,abschlussfeedback,,zufriedenheit_coach,5,2026-07-06T02:00:00Z
7680,50626,abschlussfeedback,,weiterempfehlung_grund,Zu wenig Feedback zu den Abgaben.,2026-07-06T02:00:00Z
6258,50517,abschlussfeedback,,nps,9,2026-07-07T03:00:00Z
6259,50517,abschlussfeedback,,zufriedenheit_coach,3,2026-07-07T03:00:00Z
6260,50517,abschlussfeedback,,weiterempfehlung_grund,Ich hätte gern mehr Live-Termine.,2026-07-07T03:00:00Z
3259,50294,abschlussfeedback,,nps,10,2026-07-07T04:00:00Z
3260,50294,abschlussfeedback,,zufriedenheit_coach,5,2026-07-07T04:00:00Z
3261,50294,abschlussfeedback,,weiterempfehlung_grund,Statistik-Modul ist zu theoretisch.,2026-07-07T04:00:00Z
7121,50591,abschlussfeedback,,nps,9,2026-07-07T05:00:00Z
7122,50591,abschlussfeedback,,zufriedenheit_coach,5,2026-07-07T05:00:00Z
7123,50591,abschlussfeedback,,weiterempfehlung_grund,Der Coach erklärt super verständlich.,2026-07-07T05:00:00Z
4062,50356,abschlussfeedback,,nps,10,2026-07-07T21:00:00Z
4063,50356,abschlussfeedback,,zufriedenheit_coach,4,2026-07-07T21:00:00Z
4064,50356,abschlussfeedback,,weiterempfehlung_grund,"Tempo passt für mich, gerne mehr Praxisbeispiele.",2026-07-07T21:00:00Z
685,50064,abschlussfeedback,,nps,8,2026-07-07T23:00:00Z
686,50064,abschlussfeedback,,zufriedenheit_coach,5,2026-07-07T23:00:00Z
687,50064,abschlussfeedback,,weiterempfehlung_grund,"Das Tempo ist mir zu hoch, ich komme kaum hinterher.",2026-07-07T23:00:00Z
8079,50669,abschlussfeedback,,nps,8,2026-07-08T02:00:00Z
8080,50669,abschlussfeedback,,zufriedenheit_coach,5,2026-07-08T02:00:00Z
8081,50669,abschlussfeedback,,weiterempfehlung_grund,Ich hätte gern mehr Live-Termine.,2026-07-08T02:00:00Z
1449,50133,abschlussfeedback,,nps,9,2026-07-09T02:00:00Z
1450,50133,abschlussfeedback,,zufriedenheit_coach,5,2026-07-09T02:00:00Z
1451,50133,abschlussfeedback,,weiterempfehlung_grund,Ich hätte gern mehr Live-Termine.,2026-07-09T02:00:00Z
2888,50265,abschlussfeedback,,nps,7,2026-07-09T19:00:00Z
2889,50265,abschlussfeedback,,zufriedenheit_coach,5,2026-07-09T19:00:00Z
2890,50265,abschlussfeedback,,weiterempfehlung_grund,Ich fühle mich gut vorbereitet.,2026-07-09T19:00:00Z
8419,50695,abschlussfeedback,,nps,9/10,2026-07-09T23:00:00Z
8420,50695,abschlussfeedback,,zufriedenheit_coach,5,2026-07-09T23:00:00Z
8421,50695,abschlussfeedback,,weiterempfehlung_grund,Aufgabenstellungen sind teilweise unklar formuliert.,2026-07-09T23:00:00Z
6497,50536,abschlussfeedback,,nps,9,2026-07-10T00:00:00Z
6498,50536,abschlussfeedback,,zufriedenheit_coach,2,2026-07-10T00:00:00Z
6499,50536,abschlussfeedback,,weiterempfehlung_grund,Die Plattform hatte diese Woche mehrfach Ausfälle.,2026-07-10T00:00:00Z
8323,50687,wochenfeedback,56,zufriedenheit_gesamt,5,2026-07-10T06:54:00Z
8324,50687,wochenfeedback,56,tempo,3,2026-07-10T06:54:00Z
7874,50646,wochenfeedback,20,zufriedenheit_gesamt,5,2026-07-10T07:16:00Z
7875,50646,wochenfeedback,20,tempo,3,2026-07-10T07:16:00Z
4835,50411,wochenfeedback,12,zufriedenheit_gesamt,5,2026-07-10T07:22:00Z
4836,50411,wochenfeedback,12,tempo,3,2026-07-10T07:22:00Z
4837,50411,wochenfeedback,12,freitext,"<p>Die Videos sind gut, aber die Quizze sind zu leicht.</p>",2026-07-10T07:22:00Z
6587,50545,wochenfeedback,24,zufriedenheit_gesamt,4,2026-07-10T07:58:00Z
6588,50545,wochenfeedback,24,tempo,3,2026-07-10T07:58:00Z
5378,50451,wochenfeedback,40,zufriedenheit_gesamt,2,2026-07-10T08:20:00Z
5379,50451,wochenfeedback,40,tempo,3,2026-07-10T08:20:00Z
5224,50443,wochenfeedback,8,zufriedenheit_gesamt,5,2026-07-10T08:58:00Z
5225,50443,wochenfeedback,8,tempo,3,2026-07-10T08:58:00Z
1358,50124,wochenfeedback,4,zufriedenheit_gesamt,3,2026-07-10T09:16:00Z
1359,50124,wochenfeedback,4,tempo,4,2026-07-10T09:16:00Z
1053,50094,wochenfeedback,84,zufriedenheit_gesamt,4,2026-07-10T09:31:00Z
1054,50094,wochenfeedback,84,tempo,3,2026-07-10T09:31:00Z
1055,50094,wochenfeedback,84,freitext,"<p>Die Videos sind gut, aber die Quizze sind zu leicht.</p>",2026-07-10T09:31:00Z
3936,50344,wochenfeedback,36,zufriedenheit_gesamt,3,2026-07-10T09:34:00Z
3937,50344,wochenfeedback,36,tempo,5,2026-07-10T09:34:00Z
258,50024,wochenfeedback,4,zufriedenheit_gesamt,5,2026-07-10T09:46:00Z
259,50024,wochenfeedback,4,tempo,4,2026-07-10T09:46:00Z
7076,50586,wochenfeedback,12,zufriedenheit_gesamt,5,2026-07-10T09:54:00Z
7077,50586,wochenfeedback,12,tempo,3,2026-07-10T09:54:00Z
4707,50397,wochenfeedback,16,zufriedenheit_gesamt,2,2026-07-10T09:55:00Z
4708,50397,wochenfeedback,16,tempo,3,2026-07-10T09:55:00Z
4709,50397,wochenfeedback,16,freitext,"Das Tempo ist mir zu hoch, ich komme kaum hinterher.",2026-07-10T09:55:00Z
1979,50178,wochenfeedback,8,zufriedenheit_gesamt,5,2026-07-10T10:09:00Z
1980,50178,wochenfeedback,8,tempo,3,2026-07-10T10:09:00Z
4939,50421,wochenfeedback,16,zufriedenheit_gesamt,3,2026-07-10T10:09:00Z
4940,50421,wochenfeedback,16,tempo,4,2026-07-10T10:09:00Z
2193,50204,wochenfeedback,6,zufriedenheit_gesamt,5,2026-07-10T10:21:00Z
2194,50204,wochenfeedback,6,tempo,4,2026-07-10T10:21:00Z
2195,50204,wochenfeedback,6,freitext,Die Live-Sessions sind Gold wert.,2026-07-10T10:21:00Z
3963,50346,wochenfeedback,12,zufriedenheit_gesamt,5,2026-07-10T10:28:00Z
3964,50346,wochenfeedback,12,tempo,3,2026-07-10T10:28:00Z
7981,50662,wochenfeedback,12,zufriedenheit_gesamt,4,2026-07-10T10:46:00Z
7982,50662,wochenfeedback,12,tempo,3,2026-07-10T10:46:00Z
1183,50110,wochenfeedback,16,zufriedenheit_gesamt,1,2026-07-10T10:48:00Z
1184,50110,wochenfeedback,16,tempo,3,2026-07-10T10:48:00Z
1185,50110,wochenfeedback,16,freitext,Statistik-Modul ist zu theoretisch.,2026-07-10T10:48:00Z
1845,50164,wochenfeedback,36,zufriedenheit_gesamt,5,2026-07-10T10:57:00Z
1846,50164,wochenfeedback,36,tempo,3,2026-07-10T10:57:00Z
1847,50164,wochenfeedback,36,freitext,"Sehr gute Betreuung, die Übungen sind praxisnah.",2026-07-10T10:57:00Z
7599,50620,wochenfeedback,96,zufriedenheit_gesamt,4,2026-07-10T10:57:00Z
7600,50620,wochenfeedback,96,tempo,1,2026-07-10T10:57:00Z
2711,50247,wochenfeedback,60,zufriedenheit_gesamt,5,2026-07-10T11:33:00Z
2712,50247,wochenfeedback,60,tempo,3,2026-07-10T11:33:00Z
2757,50250,wochenfeedback,32,zufriedenheit_gesamt,4,2026-07-10T11:41:00Z
2758,50250,wochenfeedback,32,tempo,3,2026-07-10T11:41:00Z
2759,50250,wochenfeedback,32,freitext,<p>Mehr Praxis bitte!</p>,2026-07-10T11:41:00Z
6311,50524,wochenfeedback,12,zufriedenheit_gesamt,5,2026-07-10T11:48:00Z
6312,50524,wochenfeedback,12,tempo,4,2026-07-10T11:48:00Z
4725,50400,wochenfeedback,8,zufriedenheit_gesamt,4,2026-07-10T12:29:00Z
4726,50400,wochenfeedback,8,tempo,3,2026-07-10T12:29:00Z
4727,50400,wochenfeedback,8,freitext,Die Live-Sessions sind Gold wert.,2026-07-10T12:29:00Z
3617,50316,wochenfeedback,4,zufriedenheit_gesamt,5,2026-07-10T12:50:00Z
3618,50316,wochenfeedback,4,tempo,5,2026-07-10T12:50:00Z
3619,50316,wochenfeedback,4,freitext,Der Coach erklärt super verständlich.,2026-07-10T12:50:00Z
8029,50666,wochenfeedback,24,zufriedenheit_gesamt,3,2026-07-10T13:20:00Z
8030,50666,wochenfeedback,24,tempo,1,2026-07-10T13:20:00Z
7694,50627,wochenfeedback,24,zufriedenheit_gesamt,5,2026-07-10T14:00:00Z
7695,50627,wochenfeedback,24,tempo,5,2026-07-10T14:00:00Z
6433,50529,wochenfeedback,80,zufriedenheit_gesamt,4,2026-07-10T14:20:00Z
6434,50529,wochenfeedback,80,tempo,4,2026-07-10T14:20:00Z
6760,50558,wochenfeedback,4,zufriedenheit_gesamt,5,2026-07-10T14:23:00Z
6761,50558,wochenfeedback,4,tempo,4,2026-07-10T14:23:00Z
6196,50511,wochenfeedback,16,zufriedenheit_gesamt,4,2026-07-10T14:27:00Z
6197,50511,wochenfeedback,16,tempo,4,2026-07-10T14:27:00Z
1518,50138,wochenfeedback,44,zufriedenheit_gesamt,5,2026-07-10T14:46:00Z
1519,50138,wochenfeedback,44,tempo,2,2026-07-10T14:46:00Z
1520,50138,wochenfeedback,44,freitext,Ich fühle mich gut vorbereitet.,2026-07-10T14:46:00Z
187,50016,wochenfeedback,6,zufriedenheit_gesamt,4,2026-07-10T14:50:00Z
188,50016,wochenfeedback,6,tempo,3,2026-07-10T14:50:00Z
6672,50550,wochenfeedback,68,zufriedenheit_gesamt,4,2026-07-10T15:05:00Z
6673,50550,wochenfeedback,68,tempo,4,2026-07-10T15:05:00Z
8457,50696,wochenfeedback,32,zufriedenheit_gesamt,3,2026-07-10T15:17:00Z
8458,50696,wochenfeedback,32,tempo,5,2026-07-10T15:17:00Z
8459,50696,wochenfeedback,32,freitext,Ich hätte gern mehr Live-Termine.,2026-07-10T15:17:00Z
7909,50651,wochenfeedback,8,zufriedenheit_gesamt,4,2026-07-10T15:18:00Z
7910,50651,wochenfeedback,8,tempo,3,2026-07-10T15:18:00Z
7812,50635,wochenfeedback,8,zufriedenheit_gesamt,1,2026-07-10T15:55:00Z
7813,50635,wochenfeedback,8,tempo,3,2026-07-10T15:55:00Z
5830,50481,wochenfeedback,84,zufriedenheit_gesamt,4,2026-07-10T16:03:00Z
5831,50481,wochenfeedback,84,tempo,4,2026-07-10T16:03:00Z
8489,50699,wochenfeedback,4,zufriedenheit_gesamt,2,2026-07-10T16:06:00Z
8490,50699,wochenfeedback,4,tempo,2,2026-07-10T16:06:00Z
6340,50525,wochenfeedback,24,zufriedenheit_gesamt,3,2026-07-10T16:23:00Z
6341,50525,wochenfeedback,24,tempo,2,2026-07-10T16:23:00Z
5668,50474,wochenfeedback,28,zufriedenheit_gesamt,5,2026-07-10T17:52:00Z
5669,50474,wochenfeedback,28,tempo,3,2026-07-10T17:52:00Z
6036,50499,abschlussfeedback,,nps,6,2026-07-10T21:00:00Z
6037,50499,abschlussfeedback,,zufriedenheit_coach,5,2026-07-10T21:00:00Z
6038,50499,abschlussfeedback,,weiterempfehlung_grund,Ich fühle mich gut vorbereitet.,2026-07-10T21:00:00Z
5157,50437,abschlussfeedback,,nps,9,2026-07-10T23:00:00Z
5158,50437,abschlussfeedback,,zufriedenheit_coach,2,2026-07-10T23:00:00Z
5159,50437,abschlussfeedback,,weiterempfehlung_grund,Die Plattform hatte diese Woche mehrfach Ausfälle.,2026-07-10T23:00:00Z
6915,50570,abschlussfeedback,,nps,8,2026-07-11T03:00:00Z
6916,50570,abschlussfeedback,,zufriedenheit_coach,4,2026-07-11T03:00:00Z
6917,50570,abschlussfeedback,,weiterempfehlung_grund,"Das Tempo ist mir zu hoch, ich komme kaum hinterher.",2026-07-11T03:00:00Z
1931,50172,abschlussfeedback,,nps,7,2026-07-11T22:00:00Z
1932,50172,abschlussfeedback,,zufriedenheit_coach,4,2026-07-11T22:00:00Z
1933,50172,abschlussfeedback,,weiterempfehlung_grund,"Top Inhalte, besonders das SQL-Modul.",2026-07-11T22:00:00Z
1667,50148,abschlussfeedback,,nps,10,2026-07-12T04:00:00Z
1668,50148,abschlussfeedback,,zufriedenheit_coach,2,2026-07-12T04:00:00Z
1669,50148,abschlussfeedback,,weiterempfehlung_grund,Der Coach erklärt super verständlich.,2026-07-12T04:00:00Z
443,50037,abschlussfeedback,,nps,10/10,2026-07-15T00:00:00Z
444,50037,abschlussfeedback,,zufriedenheit_coach,3,2026-07-15T00:00:00Z
445,50037,abschlussfeedback,,weiterempfehlung_grund,Aufgabenstellungen sind teilweise unklar formuliert.,2026-07-15T00:00:00Z
6852,50566,abschlussfeedback,,nps,6,2026-07-15T02:00:00Z
6853,50566,abschlussfeedback,,zufriedenheit_coach,4,2026-07-15T02:00:00Z
6854,50566,abschlussfeedback,,weiterempfehlung_grund,Ich fühle mich gut vorbereitet.,2026-07-15T02:00:00Z
795,50072,abschlussfeedback,,nps,7,2026-07-16T02:00:00Z
796,50072,abschlussfeedback,,zufriedenheit_coach,3,2026-07-16T02:00:00Z
797,50072,abschlussfeedback,,weiterempfehlung_grund,"Tempo passt für mich, gerne mehr Praxisbeispiele.",2026-07-16T02:00:00Z
1701,50151,abschlussfeedback,,nps,8,2026-07-16T22:00:00Z
1702,50151,abschlussfeedback,,zufriedenheit_coach,4,2026-07-16T22:00:00Z
1703,50151,abschlussfeedback,,weiterempfehlung_grund,"Sehr gute Betreuung, die Übungen sind praxisnah.",2026-07-16T22:00:00Z
2196,50204,wochenfeedback,7,zufriedenheit_gesamt,4,2026-07-17T06:00:00Z
2197,50204,wochenfeedback,7,tempo,4,2026-07-17T06:00:00Z
5910,50488,wochenfeedback,37,zufriedenheit_gesamt,4,2026-07-17T06:02:00Z
5911,50488,wochenfeedback,37,tempo,3,2026-07-17T06:02:00Z
6674,50550,wochenfeedback,69,zufriedenheit_gesamt,4,2026-07-17T06:23:00Z
6675,50550,wochenfeedback,69,tempo,3,2026-07-17T06:23:00Z
6676,50550,wochenfeedback,69,freitext,Der Coach erklärt super verständlich.,2026-07-17T06:23:00Z
8395,50694,wochenfeedback,13,zufriedenheit_gesamt,3,2026-07-17T06:30:00Z
8396,50694,wochenfeedback,13,tempo,3,2026-07-17T06:30:00Z
5983,50495,wochenfeedback,1,zufriedenheit_gesamt,4,2026-07-17T06:45:00Z
5984,50495,wochenfeedback,1,tempo,2,2026-07-17T06:45:00Z
5931,50489,wochenfeedback,9,zufriedenheit_gesamt,4,2026-07-17T07:03:00Z
5932,50489,wochenfeedback,9,tempo,4,2026-07-17T07:03:00Z
5933,50489,wochenfeedback,9,freitext,Der Coach erklärt super verständlich.,2026-07-17T07:03:00Z
3327,50301,wochenfeedback,9,zufriedenheit_gesamt,5,2026-07-17T07:19:00Z
3328,50301,wochenfeedback,9,tempo,3,2026-07-17T07:19:00Z
3329,50301,wochenfeedback,9,freitext,"Tempo passt für mich, gerne mehr Praxisbeispiele.",2026-07-17T07:19:00Z
6589,50545,wochenfeedback,25,zufriedenheit_gesamt,2,2026-07-17T07:41:00Z
6590,50545,wochenfeedback,25,tempo,4,2026-07-17T07:41:00Z
503,50049,wochenfeedback,1,zufriedenheit_gesamt,5,2026-07-17T07:59:00Z
504,50049,wochenfeedback,1,tempo,5,2026-07-17T07:59:00Z
4029,50347,wochenfeedback,89,zufriedenheit_gesamt,4,2026-07-17T08:04:00Z
4030,50347,wochenfeedback,89,tempo,4,2026-07-17T08:04:00Z
4838,50411,wochenfeedback,13,zufriedenheit_gesamt,2,2026-07-17T08:50:00Z
4839,50411,wochenfeedback,13,tempo,5,2026-07-17T08:50:00Z
4840,50411,wochenfeedback,13,freitext,"Das Tempo ist mir zu hoch, ich komme kaum hinterher.",2026-07-17T08:50:00Z
6682,50551,wochenfeedback,1,zufriedenheit_gesamt,4,2026-07-17T08:54:00Z
6683,50551,wochenfeedback,1,tempo,2,2026-07-17T08:54:00Z
6684,50551,wochenfeedback,1,freitext,"Tempo passt für mich, gerne mehr Praxisbeispiele.",2026-07-17T08:54:00Z
8563,50709,wochenfeedback,9,zufriedenheit_gesamt,2,2026-07-17T09:12:00Z
8564,50709,wochenfeedback,9,tempo,2,2026-07-17T09:12:00Z
3319,50299,wochenfeedback,17,zufriedenheit_gesamt,4,2026-07-17T09:24:00Z
3320,50299,wochenfeedback,17,tempo,3,2026-07-17T09:24:00Z
2428,50227,wochenfeedback,1,zufriedenheit_gesamt,2,2026-07-17T09:33:00Z
2429,50227,wochenfeedback,1,tempo,5,2026-07-17T09:33:00Z
1360,50124,wochenfeedback,5,zufriedenheit_gesamt,5,2026-07-17T10:00:00Z
1361,50124,wochenfeedback,5,tempo,2,2026-07-17T10:00:00Z
7400,50612,wochenfeedback,69,zufriedenheit_gesamt,4,2026-07-17T10:36:00Z
7401,50612,wochenfeedback,69,tempo,3,2026-07-17T10:36:00Z
1171,50109,wochenfeedback,1,zufriedenheit_gesamt,4,2026-07-17T11:01:00Z
1172,50109,wochenfeedback,1,tempo,5,2026-07-17T11:01:00Z
1173,50109,wochenfeedback,1,freitext,Der Coach erklärt super verständlich.,2026-07-17T11:01:00Z
4036,50353,wochenfeedback,1,zufriedenheit_gesamt,4,2026-07-17T11:09:00Z
4037,50353,wochenfeedback,1,tempo,2,2026-07-17T11:09:00Z
4038,50353,wochenfeedback,1,freitext,Die Live-Sessions sind Gold wert.,2026-07-17T11:09:00Z
7039,50583,wochenfeedback,1,zufriedenheit_gesamt,5,2026-07-17T11:24:00Z
7040,50583,wochenfeedback,1,tempo,3,2026-07-17T11:24:00Z
7041,50583,wochenfeedback,1,freitext,<p>Mehr Praxis bitte!</p>,2026-07-17T11:24:00Z
4728,50400,wochenfeedback,9,zufriedenheit_gesamt,3,2026-07-17T11:49:00Z
4729,50400,wochenfeedback,9,tempo,3,2026-07-17T11:49:00Z
4730,50400,wochenfeedback,9,freitext,Die Plattform hatte diese Woche mehrfach Ausfälle.,2026-07-17T11:49:00Z
5865,50483,wochenfeedback,13,zufriedenheit_gesamt,4,2026-07-17T12:17:00Z
5866,50483,wochenfeedback,13,tempo,3,2026-07-17T12:17:00Z
5867,50483,wochenfeedback,13,freitext,"Top Inhalte, besonders das SQL-Modul.",2026-07-17T12:17:00Z
6762,50558,wochenfeedback,5,zufriedenheit_gesamt,5,2026-07-17T12:28:00Z
6763,50558,wochenfeedback,5,tempo,4,2026-07-17T12:28:00Z
426,50035,wochenfeedback,17,zufriedenheit_gesamt,4,2026-07-17T12:48:00Z
427,50035,wochenfeedback,17,tempo,2,2026-07-17T12:48:00Z
8192,50676,wochenfeedback,7,zufriedenheit_gesamt,5,2026-07-17T13:06:00Z
8193,50676,wochenfeedback,7,tempo,3,2026-07-17T13:06:00Z
5254,50445,wochenfeedback,17,zufriedenheit_gesamt,5,2026-07-17T13:09:00Z
5255,50445,wochenfeedback,17,tempo,4,2026-07-17T13:09:00Z
5256,50445,wochenfeedback,17,freitext,Der Coach erklärt super verständlich.,2026-07-17T13:09:00Z
6360,50528,wochenfeedback,1,zufriedenheit_gesamt,5,2026-07-17T13:21:00Z
6361,50528,wochenfeedback,1,tempo,1,2026-07-17T13:21:00Z
1947,50174,wochenfeedback,1,zufriedenheit_gesamt,4,2026-07-17T13:30:00Z
1948,50174,wochenfeedback,1,tempo,1,2026-07-17T13:30:00Z
5226,50443,wochenfeedback,9,zufriedenheit_gesamt,4,2026-07-17T13:40:00Z
5227,50443,wochenfeedback,9,tempo,4,2026-07-17T13:40:00Z
5228,50443,wochenfeedback,9,freitext,"Tempo passt für mich, gerne mehr Praxisbeispiele.",2026-07-17T13:40:00Z
6313,50524,wochenfeedback,13,zufriedenheit_gesamt,5,2026-07-17T13:55:00Z
6314,50524,wochenfeedback,13,tempo,3,2026-07-17T13:55:00Z
189,50016,wochenfeedback,7,zufriedenheit_gesamt,5,2026-07-17T14:03:00Z
190,50016,wochenfeedback,7,tempo,3,2026-07-17T14:03:00Z
2663,50241,wochenfeedback,13,zufriedenheit_gesamt,5,2026-07-17T14:43:00Z
2664,50241,wochenfeedback,13,tempo,5,2026-07-17T14:43:00Z
2665,50241,wochenfeedback,13,freitext,Der Coach erklärt super verständlich.,2026-07-17T14:43:00Z
7924,50654,wochenfeedback,9,zufriedenheit_gesamt,5,2026-07-17T16:03:00Z
7925,50654,wochenfeedback,9,tempo,1,2026-07-17T16:03:00Z
7926,50654,wochenfeedback,9,freitext,"Top Inhalte, besonders das SQL-Modul.",2026-07-17T16:03:00Z
1056,50094,wochenfeedback,85,zufriedenheit_gesamt,5,2026-07-17T16:19:00Z
1057,50094,wochenfeedback,85,tempo,3,2026-07-17T16:19:00Z
1058,50094,wochenfeedback,85,freitext,"Sehr gute Betreuung, die Übungen sind praxisnah.",2026-07-17T16:19:00Z
1186,50110,wochenfeedback,17,zufriedenheit_gesamt,2,2026-07-17T16:31:00Z
1187,50110,wochenfeedback,17,tempo,3,2026-07-17T16:31:00Z
3018,50276,wochenfeedback,77,zufriedenheit_gesamt,2,2026-07-17T16:33:00Z
3019,50276,wochenfeedback,77,tempo,3,2026-07-17T16:33:00Z
3020,50276,wochenfeedback,77,freitext,"Das Tempo ist mir zu hoch, ich komme kaum hinterher.",2026-07-17T16:33:00Z
4710,50397,wochenfeedback,17,zufriedenheit_gesamt,5,2026-07-17T16:50:00Z
4711,50397,wochenfeedback,17,tempo,2,2026-07-17T16:50:00Z
4712,50397,wochenfeedback,17,freitext,<p>Insgesamt <strong>sehr zufrieden</strong>.</p>,2026-07-17T16:50:00Z
2817,50257,wochenfeedback,9,zufriedenheit_gesamt,2,2026-07-17T17:21:00Z
2818,50257,wochenfeedback,9,tempo,2,2026-07-17T17:21:00Z
413,50034,wochenfeedback,61,zufriedenheit_gesamt,5,2026-07-17T17:26:00Z
414,50034,wochenfeedback,61,tempo,3,2026-07-17T17:26:00Z
6948,50576,wochenfeedback,1,zufriedenheit_gesamt,2,2026-07-17T17:27:00Z
6949,50576,wochenfeedback,1,tempo,2,2026-07-17T17:27:00Z
5380,50451,wochenfeedback,42,zufriedenheit_gesamt,5,2026-07-24T06:17:00Z
5381,50451,wochenfeedback,42,tempo,3,2026-07-24T06:17:00Z
5382,50451,wochenfeedback,42,freitext,"Tempo passt für mich, gerne mehr Praxisbeispiele.",2026-07-24T06:17:00Z
1848,50164,wochenfeedback,38,zufriedenheit_gesamt,3,2026-07-24T06:20:00Z
1849,50164,wochenfeedback,38,tempo,4,2026-07-24T06:20:00Z
6752,50557,wochenfeedback,14,zufriedenheit_gesamt,1,2026-07-24T06:40:00Z
6753,50557,wochenfeedback,14,tempo,3,2026-07-24T06:40:00Z
3029,50278,wochenfeedback,10,zufriedenheit_gesamt,4,2026-07-24T07:25:00Z
3030,50278,wochenfeedback,10,tempo,4,2026-07-24T07:25:00Z
5682,50475,wochenfeedback,18,zufriedenheit_gesamt,4,2026-07-24T07:25:00Z
5683,50475,wochenfeedback,18,tempo,3,2026-07-24T07:25:00Z
1340,50121,wochenfeedback,2,zufriedenheit_gesamt,4,2026-07-24T07:58:00Z
1341,50121,wochenfeedback,2,tempo,4,2026-07-24T07:58:00Z
1342,50121,wochenfeedback,2,freitext,"Sehr gute Betreuung, die Übungen sind praxisnah.",2026-07-24T07:58:00Z
4691,50396,wochenfeedback,58,zufriedenheit_gesamt,2,2026-07-24T08:59:00Z
4692,50396,wochenfeedback,58,tempo,3,2026-07-24T08:59:00Z
191,50016,wochenfeedback,8,zufriedenheit_gesamt,2,2026-07-24T09:02:00Z
192,50016,wochenfeedback,8,tempo,1,2026-07-24T09:02:00Z
193,50016,wochenfeedback,8,freitext,Statistik-Modul ist zu theoretisch.,2026-07-24T09:02:00Z
7222,50599,wochenfeedback,66,zufriedenheit_gesamt,5,2026-07-24T09:09:00Z
7223,50599,wochenfeedback,66,tempo,3,2026-07-24T09:09:00Z
2713,50247,wochenfeedback,62,zufriedenheit_gesamt,4,2026-07-24T09:12:00Z
2714,50247,wochenfeedback,62,tempo,1,2026-07-24T09:12:00Z
2715,50247,wochenfeedback,62,freitext,"Top Inhalte, besonders das SQL-Modul.",2026-07-24T09:12:00Z
6230,50515,wochenfeedback,14,zufriedenheit_gesamt,4,2026-07-24T09:31:00Z
6231,50515,wochenfeedback,14,tempo,3,2026-07-24T09:31:00Z
7696,50627,wochenfeedback,26,zufriedenheit_gesamt,4,2026-07-24T09:35:00Z
7697,50627,wochenfeedback,26,tempo,4,2026-07-24T09:35:00Z
1188,50110,wochenfeedback,18,zufriedenheit_gesamt,4,2026-07-24T10:14:00Z
1189,50110,wochenfeedback,18,tempo,3,2026-07-24T10:14:00Z
1190,50110,wochenfeedback,18,freitext,Der Coach erklärt super verständlich.,2026-07-24T10:14:00Z
8385,50692,wochenfeedback,94,zufriedenheit_gesamt,4,2026-07-24T10:32:00Z
8386,50692,wochenfeedback,94,tempo,3,2026-07-24T10:32:00Z
8387,50692,wochenfeedback,94,freitext,Der Coach erklärt super verständlich.,2026-07-24T10:32:00Z
6950,50576,wochenfeedback,2,zufriedenheit_gesamt,4,2026-07-24T10:39:00Z
6951,50576,wochenfeedback,2,tempo,3,2026-07-24T10:39:00Z
935,50087,wochenfeedback,2,zufriedenheit_gesamt,4,2026-07-24T10:45:00Z
936,50087,wochenfeedback,2,tempo,2,2026-07-24T10:45:00Z
798,50073,wochenfeedback,6,zufriedenheit_gesamt,4,2026-07-24T10:59:00Z
799,50073,wochenfeedback,6,tempo,3,2026-07-24T10:59:00Z
1123,50103,wochenfeedback,14,zufriedenheit_gesamt,5,2026-07-24T11:15:00Z
1124,50103,wochenfeedback,14,tempo,1,2026-07-24T11:15:00Z
1125,50103,wochenfeedback,14,freitext,"Top Inhalte, besonders das SQL-Modul.",2026-07-24T11:15:00Z
2136,50199,wochenfeedback,2,zufriedenheit_gesamt,5,2026-07-24T11:40:00Z
2137,50199,wochenfeedback,2,tempo,4,2026-07-24T11:40:00Z
1069,50097,wochenfeedback,2,zufriedenheit_gesamt,3,2026-07-24T11:52:00Z
1070,50097,wochenfeedback,2,tempo,3,2026-07-24T11:52:00Z
6685,50551,wochenfeedback,2,zufriedenheit_gesamt,2,2026-07-24T12:03:00Z
6686,50551,wochenfeedback,2,tempo,4,2026-07-24T12:03:00Z
1196,50111,wochenfeedback,10,zufriedenheit_gesamt,5,2026-07-24T12:04:00Z
1197,50111,wochenfeedback,10,tempo,3,2026-07-24T12:04:00Z
8469,50697,wochenfeedback,8,zufriedenheit_gesamt,3,2026-07-24T12:05:00Z
8470,50697,wochenfeedback,8,tempo,3,2026-07-24T12:05:00Z
4455,50387,wochenfeedback,26,zufriedenheit_gesamt,5,2026-07-24T12:14:00Z
4456,50387,wochenfeedback,26,tempo,4,2026-07-24T12:14:00Z
4457,50387,wochenfeedback,26,freitext,"Top Inhalte, besonders das SQL-Modul.",2026-07-24T12:14:00Z
3605,50314,wochenfeedback,6,zufriedenheit_gesamt,4,2026-07-24T13:16:00Z
3606,50314,wochenfeedback,6,tempo,3,2026-07-24T13:16:00Z
6435,50529,wochenfeedback,82,zufriedenheit_gesamt,4,2026-07-24T13:19:00Z
6436,50529,wochenfeedback,82,tempo,4,2026-07-24T13:19:00Z
6437,50529,wochenfeedback,82,freitext,"Tempo passt für mich, gerne mehr Praxisbeispiele.",2026-07-24T13:19:00Z
505,50049,wochenfeedback,2,zufriedenheit_gesamt,3,2026-07-24T14:10:00Z
506,50049,wochenfeedback,2,tempo,3,2026-07-24T14:10:00Z
507,50049,wochenfeedback,2,freitext,Ich hätte gern mehr Live-Termine.,2026-07-24T14:10:00Z
8194,50676,wochenfeedback,8,zufriedenheit_gesamt,5,2026-07-24T14:44:00Z
8195,50676,wochenfeedback,8,tempo,5,2026-07-24T14:44:00Z
3965,50346,wochenfeedback,14,zufriedenheit_gesamt,2,2026-07-24T14:45:00Z
3966,50346,wochenfeedback,14,tempo,4,2026-07-24T14:45:00Z
7402,50612,wochenfeedback,70,zufriedenheit_gesamt,5,2026-07-24T15:13:00Z
7403,50612,wochenfeedback,70,tempo,3,2026-07-24T15:13:00Z
2760,50250,wochenfeedback,34,zufriedenheit_gesamt,3,2026-07-24T15:30:00Z
2761,50250,wochenfeedback,34,tempo,5,2026-07-24T15:30:00Z
2762,50250,wochenfeedback,34,freitext,Aufgabenstellungen sind teilweise unklar formuliert.,2026-07-24T15:30:00Z
5934,50489,wochenfeedback,10,zufriedenheit_gesamt,5,2026-07-24T15:30:00Z
5935,50489,wochenfeedback,10,tempo,3,2026-07-24T15:30:00Z
8533,50705,wochenfeedback,2,zufriedenheit_gesamt,4,2026-07-24T16:00:00Z
8534,50705,wochenfeedback,2,tempo,3,2026-07-24T16:00:00Z
3217,50290,wochenfeedback,6,zufriedenheit_gesamt,4,2026-07-24T16:25:00Z
3218,50290,wochenfeedback,6,tempo,1,2026-07-24T16:25:00Z
3219,50290,wochenfeedback,6,freitext,Ich fühle mich gut vorbereitet.,2026-07-24T16:25:00Z
5912,50488,wochenfeedback,38,zufriedenheit_gesamt,4,2026-07-24T16:50:00Z
5913,50488,wochenfeedback,38,tempo,3,2026-07-24T16:50:00Z
5914,50488,wochenfeedback,38,freitext,Ich fühle mich gut vorbereitet.,2026-07-24T16:50:00Z
6677,50550,wochenfeedback,70,zufriedenheit_gesamt,4,2026-07-24T17:17:00Z
6678,50550,wochenfeedback,70,tempo,3,2026-07-24T17:17:00Z
6679,50550,wochenfeedback,70,freitext,<p>Insgesamt <strong>sehr zufrieden</strong>.</p>,2026-07-24T17:17:00Z
243,50020,wochenfeedback,10,zufriedenheit_gesamt,5,2026-07-24T17:19:00Z
244,50020,wochenfeedback,10,tempo,3,2026-07-24T17:19:00Z
2430,50227,wochenfeedback,2,zufriedenheit_gesamt,5,2026-07-24T17:50:00Z
2431,50227,wochenfeedback,2,tempo,3,2026-07-24T17:50:00Z
2432,50227,wochenfeedback,2,freitext,"Sehr gute Betreuung, die Übungen sind praxisnah.",2026-07-24T17:50:00Z
4315,50376,abschlussfeedback,,nps,7,2026-07-25T04:00:00Z
4316,50376,abschlussfeedback,,zufriedenheit_coach,4,2026-07-25T04:00:00Z
4317,50376,abschlussfeedback,,weiterempfehlung_grund,Die Plattform hatte diese Woche mehrfach Ausfälle.,2026-07-25T04:00:00Z
194,50016,abschlussfeedback,,nps,5,2026-07-25T19:00:00Z
195,50016,abschlussfeedback,,zufriedenheit_coach,3,2026-07-25T19:00:00Z
196,50016,abschlussfeedback,,weiterempfehlung_grund,Die Plattform hatte diese Woche mehrfach Ausfälle.,2026-07-25T19:00:00Z
2364,50220,wochenfeedback,27,zufriedenheit_gesamt,5,2026-07-31T06:02:00Z
2365,50220,wochenfeedback,27,tempo,2,2026-07-31T06:02:00Z
2366,50220,wochenfeedback,27,freitext,"Sehr gute Betreuung, die Übungen sind praxisnah.",2026-07-31T06:02:00Z
1981,50178,wochenfeedback,11,zufriedenheit_gesamt,4,2026-07-31T06:39:00Z
1982,50178,wochenfeedback,11,tempo,1,2026-07-31T06:39:00Z
1983,50178,wochenfeedback,11,freitext,Ich fühle mich gut vorbereitet.,2026-07-31T06:39:00Z
4049,50355,wochenfeedback,3,zufriedenheit_gesamt,4,2026-07-31T07:29:00Z
4050,50355,wochenfeedback,3,tempo,2,2026-07-31T07:29:00Z
4051,50355,wochenfeedback,3,freitext,Ich fühle mich gut vorbereitet.,2026-07-31T07:29:00Z
1762,50157,wochenfeedback,15,zufriedenheit_gesamt,4,2026-07-31T07:57:00Z
1763,50157,wochenfeedback,15,tempo,3,2026-07-31T07:57:00Z
1764,50157,wochenfeedback,15,freitext,Ich fühle mich gut vorbereitet.,2026-07-31T07:57:00Z
1949,50174,wochenfeedback,3,zufriedenheit_gesamt,5,2026-07-31T08:10:00Z
1950,50174,wochenfeedback,3,tempo,3,2026-07-31T08:10:00Z
1951,50174,wochenfeedback,3,freitext,"Tempo passt für mich, gerne mehr Praxisbeispiele.",2026-07-31T08:10:00Z
1071,50097,wochenfeedback,3,zufriedenheit_gesamt,4,2026-07-31T08:30:00Z
1072,50097,wochenfeedback,3,tempo,5,2026-07-31T08:30:00Z
6149,50505,wochenfeedback,63,zufriedenheit_gesamt,3,2026-07-31T09:03:00Z
6150,50505,wochenfeedback,63,tempo,1,2026-07-31T09:03:00Z
6151,50505,wochenfeedback,63,freitext,"Das Tempo ist mir zu hoch, ich komme kaum hinterher.",2026-07-31T09:03:00Z
5868,50483,wochenfeedback,15,zufriedenheit_gesamt,2,2026-07-31T09:08:00Z
5869,50483,wochenfeedback,15,tempo,1,2026-07-31T09:08:00Z
5870,50483,wochenfeedback,15,freitext,Die Plattform hatte diese Woche mehrfach Ausfälle.,2026-07-31T09:08:00Z
7601,50620,wochenfeedback,99,zufriedenheit_gesamt,4,2026-07-31T09:32:00Z
7602,50620,wochenfeedback,99,tempo,4,2026-07-31T09:32:00Z
8523,50702,wochenfeedback,7,zufriedenheit_gesamt,5,2026-07-31T09:32:00Z
8524,50702,wochenfeedback,7,tempo,4,2026-07-31T09:32:00Z
8325,50687,wochenfeedback,59,zufriedenheit_gesamt,4,2026-07-31T09:34:00Z
8326,50687,wochenfeedback,59,tempo,2,2026-07-31T09:34:00Z
8327,50687,wochenfeedback,59,freitext,<p>Mehr Praxis bitte!</p>,2026-07-31T09:34:00Z
5832,50481,wochenfeedback,87,zufriedenheit_gesamt,4,2026-07-31T09:57:00Z
5833,50481,wochenfeedback,87,tempo,3,2026-07-31T09:57:00Z
4693,50396,wochenfeedback,59,zufriedenheit_gesamt,4,2026-07-31T09:58:00Z
4694,50396,wochenfeedback,59,tempo,3,2026-07-31T09:58:00Z
7078,50586,wochenfeedback,15,zufriedenheit_gesamt,3,2026-07-31T10:33:00Z
7079,50586,wochenfeedback,15,tempo,5,2026-07-31T10:33:00Z
6184,50508,wochenfeedback,19,zufriedenheit_gesamt,4,2026-07-31T10:54:00Z
6185,50508,wochenfeedback,19,tempo,5,2026-07-31T10:54:00Z
6186,50508,wochenfeedback,19,freitext,<p>Insgesamt <strong>sehr zufrieden</strong>.</p>,2026-07-31T10:54:00Z
7778,50631,wochenfeedback,79,zufriedenheit_gesamt,3,2026-07-31T10:58:00Z
7779,50631,wochenfeedback,79,tempo,4,2026-07-31T10:58:00Z
245,50020,wochenfeedback,11,zufriedenheit_gesamt,3,2026-07-31T11:00:00Z
246,50020,wochenfeedback,11,tempo,3,2026-07-31T11:00:00Z
7138,50594,wochenfeedback,3,zufriedenheit_gesamt,3,2026-07-31T11:07:00Z
7139,50594,wochenfeedback,3,tempo,4,2026-07-31T11:07:00Z
8565,50709,wochenfeedback,11,zufriedenheit_gesamt,4,2026-07-31T11:07:00Z
8566,50709,wochenfeedback,11,tempo,3,2026-07-31T11:07:00Z
5915,50488,wochenfeedback,39,zufriedenheit_gesamt,2,2026-07-31T11:20:00Z
5916,50488,wochenfeedback,39,tempo,2,2026-07-31T11:20:00Z
5917,50488,wochenfeedback,39,freitext,Ich hätte gern mehr Live-Termine.,2026-07-31T11:20:00Z
5985,50495,wochenfeedback,3,zufriedenheit_gesamt,5,2026-07-31T11:25:00Z
5986,50495,wochenfeedback,3,tempo,4,2026-07-31T11:25:00Z
8388,50692,wochenfeedback,95,zufriedenheit_gesamt,5,2026-07-31T11:39:00Z
8389,50692,wochenfeedback,95,tempo,4,2026-07-31T11:39:00Z
3220,50290,wochenfeedback,7,zufriedenheit_gesamt,5,2026-07-31T11:42:00Z
3221,50290,wochenfeedback,7,tempo,5,2026-07-31T11:42:00Z
3826,50337,wochenfeedback,3,zufriedenheit_gesamt,5,2026-07-31T11:45:00Z
3827,50337,wochenfeedback,3,tempo,2,2026-07-31T11:45:00Z
6442,50530,wochenfeedback,3,zufriedenheit_gesamt,4,2026-07-31T11:57:00Z
6443,50530,wochenfeedback,3,tempo,3,2026-07-31T11:57:00Z
1106,50101,wochenfeedback,19,zufriedenheit_gesamt,5,2026-07-31T12:04:00Z
1107,50101,wochenfeedback,19,tempo,2,2026-07-31T12:04:00Z
4241,50371,wochenfeedback,87,zufriedenheit_gesamt,5,2026-07-31T12:05:00Z
4242,50371,wochenfeedback,87,tempo,3,2026-07-31T12:05:00Z
4243,50371,wochenfeedback,87,freitext,Ich fühle mich gut vorbereitet.,2026-07-31T12:05:00Z
937,50087,wochenfeedback,3,zufriedenheit_gesamt,4,2026-07-31T12:06:00Z
938,50087,wochenfeedback,3,tempo,3,2026-07-31T12:06:00Z
939,50087,wochenfeedback,3,freitext,"Top Inhalte, besonders das SQL-Modul.",2026-07-31T12:06:00Z
6764,50559,wochenfeedback,3,zufriedenheit_gesamt,5,2026-07-31T12:20:00Z
6765,50559,wochenfeedback,3,tempo,1,2026-07-31T12:20:00Z
6315,50524,wochenfeedback,15,zufriedenheit_gesamt,5,2026-07-31T12:54:00Z
6316,50524,wochenfeedback,15,tempo,3,2026-07-31T12:54:00Z
908,50083,wochenfeedback,7,zufriedenheit_gesamt,4,2026-07-31T12:57:00Z
909,50083,wochenfeedback,7,tempo,3,2026-07-31T12:57:00Z
7821,50637,wochenfeedback,11,zufriedenheit_gesamt,5,2026-07-31T13:13:00Z
7822,50637,wochenfeedback,11,tempo,3,2026-07-31T13:13:00Z
7823,50637,wochenfeedback,11,freitext,"Sehr gute Betreuung, die Übungen sind praxisnah.",2026-07-31T13:13:00Z
6591,50545,wochenfeedback,27,zufriedenheit_gesamt,4,2026-07-31T13:16:00Z
6592,50545,wochenfeedback,27,tempo,3,2026-07-31T13:16:00Z
1781,50160,wochenfeedback,3,zufriedenheit_gesamt,3,2026-07-31T13:17:00Z
1782,50160,wochenfeedback,3,tempo,4,2026-07-31T13:17:00Z
1783,50160,wochenfeedback,3,freitext,Aufgabenstellungen sind teilweise unklar formuliert.,2026-07-31T13:17:00Z
2198,50204,wochenfeedback,9,zufriedenheit_gesamt,5,2026-07-31T13:28:00Z
2199,50204,wochenfeedback,9,tempo,4,2026-07-31T13:28:00Z
1575,50142,wochenfeedback,15,zufriedenheit_gesamt,3,2026-07-31T13:55:00Z
1576,50142,wochenfeedback,15,tempo,3,2026-07-31T13:55:00Z
8471,50697,wochenfeedback,9,zufriedenheit_gesamt,4,2026-07-31T14:26:00Z
8472,50697,wochenfeedback,9,tempo,2,2026-07-31T14:26:00Z
3432,50303,wochenfeedback,99,zufriedenheit_gesamt,5,2026-07-31T15:36:00Z
3433,50303,wochenfeedback,99,tempo,4,2026-07-31T15:36:00Z
6342,50525,wochenfeedback,27,zufriedenheit_gesamt,5,2026-07-31T15:40:00Z
6343,50525,wochenfeedback,27,tempo,3,2026-07-31T15:40:00Z
7911,50651,wochenfeedback,11,zufriedenheit_gesamt,5,2026-07-31T15:52:00Z
7912,50651,wochenfeedback,11,tempo,2,2026-07-31T15:52:00Z
8051,50667,wochenfeedback,51,zufriedenheit_gesamt,4,2026-07-31T15:55:00Z
8052,50667,wochenfeedback,51,tempo,1,2026-07-31T15:55:00Z
8053,50667,wochenfeedback,51,freitext,<p>Insgesamt <strong>sehr zufrieden</strong>.</p>,2026-07-31T15:55:00Z
5229,50443,wochenfeedback,11,zufriedenheit_gesamt,5,2026-07-31T16:18:00Z
5230,50443,wochenfeedback,11,tempo,4,2026-07-31T16:18:00Z
7698,50627,wochenfeedback,27,zufriedenheit_gesamt,5,2026-07-31T16:29:00Z
7699,50627,wochenfeedback,27,tempo,3,2026-07-31T16:29:00Z
1343,50121,wochenfeedback,3,zufriedenheit_gesamt,4,2026-07-31T16:49:00Z
1344,50121,wochenfeedback,3,tempo,5,2026-07-31T16:49:00Z
446,50038,wochenfeedback,3,zufriedenheit_gesamt,4,2026-07-31T16:55:00Z
447,50038,wochenfeedback,3,tempo,4,2026-07-31T16:55:00Z
448,50038,wochenfeedback,3,freitext,"Sehr gute Betreuung, die Übungen sind praxisnah.",2026-07-31T16:55:00Z
8542,50707,wochenfeedback,3,zufriedenheit_gesamt,5,2026-07-31T17:16:00Z
8543,50707,wochenfeedback,3,tempo,3,2026-07-31T17:16:00Z
8544,50707,wochenfeedback,3,freitext,Ich fühle mich gut vorbereitet.,2026-07-31T17:16:00Z
7124,50592,wochenfeedback,7,zufriedenheit_gesamt,5,2026-07-31T17:20:00Z
7125,50592,wochenfeedback,7,tempo,3,2026-07-31T17:20:00Z
7126,50592,wochenfeedback,7,freitext,"Sehr gute Betreuung, die Übungen sind praxisnah.",2026-07-31T17:20:00Z
1362,50124,wochenfeedback,7,zufriedenheit_gesamt,4,2026-07-31T17:24:00Z
1363,50124,wochenfeedback,7,tempo,1,2026-07-31T17:24:00Z
2433,50227,wochenfeedback,3,zufriedenheit_gesamt,4,2026-07-31T17:27:00Z
2434,50227,wochenfeedback,3,tempo,5,2026-07-31T17:27:00Z
2435,50227,wochenfeedback,3,freitext,<p>Mehr Praxis bitte!</p>,2026-07-31T17:27:00Z
5383,50451,wochenfeedback,43,zufriedenheit_gesamt,5,2026-07-31T17:45:00Z
5384,50451,wochenfeedback,43,tempo,5,2026-07-31T17:45:00Z
5385,50451,wochenfeedback,43,freitext,Ich fühle mich gut vorbereitet.,2026-07-31T17:45:00Z
4512,50390,wochenfeedback,27,zufriedenheit_gesamt,5,2026-07-31T17:51:00Z
4513,50390,wochenfeedback,27,tempo,3,2026-07-31T17:51:00Z
3321,50299,abschlussfeedback,,nps,9,2026-08-02T02:00:00Z
3322,50299,abschlussfeedback,,zufriedenheit_coach,4,2026-08-02T02:00:00Z
3323,50299,abschlussfeedback,,weiterempfehlung_grund,Ich fühle mich gut vorbereitet.,2026-08-02T02:00:00Z
6100,50504,wochenfeedback,16,zufriedenheit_gesamt,5,2026-08-07T06:07:00Z
6101,50504,wochenfeedback,16,tempo,3,2026-08-07T06:07:00Z
7127,50592,wochenfeedback,8,zufriedenheit_gesamt,2,2026-08-07T06:13:00Z
7128,50592,wochenfeedback,8,tempo,4,2026-08-07T06:13:00Z
508,50049,wochenfeedback,4,zufriedenheit_gesamt,5,2026-08-07T06:35:00Z
509,50049,wochenfeedback,4,tempo,1,2026-08-07T06:35:00Z
4244,50371,wochenfeedback,88,zufriedenheit_gesamt,4,2026-08-07T07:10:00Z
4245,50371,wochenfeedback,88,tempo,4,2026-08-07T07:10:00Z
8031,50666,wochenfeedback,28,zufriedenheit_gesamt,3,2026-08-07T07:29:00Z
8032,50666,wochenfeedback,28,tempo,5,2026-08-07T07:29:00Z
7224,50599,wochenfeedback,68,zufriedenheit_gesamt,5,2026-08-07T08:10:00Z
7225,50599,wochenfeedback,68,tempo,1,2026-08-07T08:10:00Z
7226,50599,wochenfeedback,68,freitext,"Tempo passt für mich, gerne mehr Praxisbeispiele.",2026-08-07T08:10:00Z
431,50036,wochenfeedback,4,zufriedenheit_gesamt,3,2026-08-07T08:27:00Z
432,50036,wochenfeedback,4,tempo,5,2026-08-07T08:27:00Z
433,50036,wochenfeedback,4,freitext,<p>Mehr Praxis bitte!</p>,2026-08-07T08:27:00Z
4083,50359,wochenfeedback,4,zufriedenheit_gesamt,2,2026-08-07T08:54:00Z
4084,50359,wochenfeedback,4,tempo,1,2026-08-07T08:54:00Z
5987,50495,wochenfeedback,4,zufriedenheit_gesamt,5,2026-08-07T09:16:00Z
5988,50495,wochenfeedback,4,tempo,2,2026-08-07T09:16:00Z
5989,50495,wochenfeedback,4,freitext,"Tempo passt für mich, gerne mehr Praxisbeispiele.",2026-08-07T09:16:00Z
1577,50142,wochenfeedback,16,zufriedenheit_gesamt,4,2026-08-07T09:28:00Z
1578,50142,wochenfeedback,16,tempo,4,2026-08-07T09:28:00Z
1579,50142,wochenfeedback,16,freitext,"Sehr gute Betreuung, die Übungen sind praxisnah.",2026-08-07T09:28:00Z
415,50034,wochenfeedback,64,zufriedenheit_gesamt,5,2026-08-07T09:30:00Z
416,50034,wochenfeedback,64,tempo,5,2026-08-07T09:30:00Z
3434,50303,wochenfeedback,100,zufriedenheit_gesamt,4,2026-08-07T09:44:00Z
3435,50303,wochenfeedback,100,tempo,1,2026-08-07T09:44:00Z
4031,50347,wochenfeedback,92,zufriedenheit_gesamt,5,2026-08-07T09:56:00Z
4032,50347,wochenfeedback,92,tempo,4,2026-08-07T09:56:00Z
4033,50347,wochenfeedback,92,freitext,"<p>Die Videos sind gut, aber die Quizze sind zu leicht.</p>",2026-08-07T09:56:00Z
7780,50631,wochenfeedback,80,zufriedenheit_gesamt,4,2026-08-07T10:27:00Z
7781,50631,wochenfeedback,80,tempo,3,2026-08-07T10:27:00Z
1364,50124,wochenfeedback,8,zufriedenheit_gesamt,5,2026-08-07T10:32:00Z
1365,50124,wochenfeedback,8,tempo,4,2026-08-07T10:32:00Z
5483,50458,wochenfeedback,4,zufriedenheit_gesamt,4,2026-08-07T10:34:00Z
5484,50458,wochenfeedback,4,tempo,3,2026-08-07T10:34:00Z
5485,50458,wochenfeedback,4,freitext,Ich fühle mich gut vorbereitet.,2026-08-07T10:34:00Z
6317,50524,wochenfeedback,16,zufriedenheit_gesamt,2,2026-08-07T10:36:00Z
6318,50524,wochenfeedback,16,tempo,3,2026-08-07T10:36:00Z
6319,50524,wochenfeedback,16,freitext,Zu wenig Feedback zu den Abgaben.,2026-08-07T10:36:00Z
3330,50301,wochenfeedback,12,zufriedenheit_gesamt,5,2026-08-07T11:13:00Z
3331,50301,wochenfeedback,12,tempo,2,2026-08-07T11:13:00Z
1198,50111,wochenfeedback,12,zufriedenheit_gesamt,4,2026-08-07T11:48:00Z
1199,50111,wochenfeedback,12,tempo,5,2026-08-07T11:48:00Z
334,50032,wochenfeedback,8,zufriedenheit_gesamt,4,2026-08-07T11:51:00Z
335,50032,wochenfeedback,8,tempo,3,2026-08-07T11:51:00Z
2131,50197,wochenfeedback,8,zufriedenheit_gesamt,4,2026-08-07T12:02:00Z
2132,50197,wochenfeedback,8,tempo,5,2026-08-07T12:02:00Z
5918,50488,wochenfeedback,40,zufriedenheit_gesamt,4,2026-08-07T12:17:00Z
5919,50488,wochenfeedback,40,tempo,4,2026-08-07T12:17:00Z
3607,50314,wochenfeedback,8,zufriedenheit_gesamt,4,2026-08-07T13:34:00Z
3608,50314,wochenfeedback,8,tempo,3,2026-08-07T13:34:00Z
3609,50314,wochenfeedback,8,freitext,Der Coach erklärt super verständlich.,2026-08-07T13:34:00Z
8545,50707,wochenfeedback,4,zufriedenheit_gesamt,5,2026-08-07T13:57:00Z
8546,50707,wochenfeedback,4,tempo,3,2026-08-07T13:57:00Z
8547,50707,wochenfeedback,4,freitext,<p>Insgesamt <strong>sehr zufrieden</strong>.</p>,2026-08-07T13:57:00Z
7972,50661,wochenfeedback,12,zufriedenheit_gesamt,4,2026-08-07T14:10:00Z
7973,50661,wochenfeedback,12,tempo,1,2026-08-07T14:10:00Z
7974,50661,wochenfeedback,12,freitext,Ich fühle mich gut vorbereitet.,2026-08-07T14:10:00Z
4652,50394,wochenfeedback,92,zufriedenheit_gesamt,3,2026-08-07T14:12:00Z
4653,50394,wochenfeedback,92,tempo,3,2026-08-07T14:12:00Z
4654,50394,wochenfeedback,92,freitext,Zu wenig Feedback zu den Abgaben.,2026-08-07T14:12:00Z
8196,50676,wochenfeedback,10,zufriedenheit_gesamt,5,2026-08-07T14:49:00Z
8197,50676,wochenfeedback,10,tempo,3,2026-08-07T14:49:00Z
8198,50676,wochenfeedback,10,freitext,<p>Mehr Praxis bitte!</p>,2026-08-07T14:49:00Z
2819,50257,wochenfeedback,12,zufriedenheit_gesamt,4,2026-08-07T15:00:00Z
2820,50257,wochenfeedback,12,tempo,2,2026-08-07T15:00:00Z
6680,50550,wochenfeedback,72,zufriedenheit_gesamt,2,2026-08-07T15:58:00Z
6681,50550,wochenfeedback,72,tempo,3,2026-08-07T15:58:00Z
3021,50276,wochenfeedback,80,zufriedenheit_gesamt,5,2026-08-07T16:04:00Z
3022,50276,wochenfeedback,80,tempo,4,2026-08-07T16:04:00Z
800,50073,wochenfeedback,8,zufriedenheit_gesamt,5,2026-08-07T16:10:00Z
801,50073,wochenfeedback,8,tempo,4,2026-08-07T16:10:00Z
3828,50337,wochenfeedback,4,zufriedenheit_gesamt,3,2026-08-07T16:12:00Z
3829,50337,wochenfeedback,4,tempo,3,2026-08-07T16:12:00Z
1984,50178,wochenfeedback,12,zufriedenheit_gesamt,3,2026-08-07T16:14:00Z
1985,50178,wochenfeedback,12,tempo,1,2026-08-07T16:14:00Z
2367,50220,wochenfeedback,28,zufriedenheit_gesamt,3,2026-08-07T16:28:00Z
2368,50220,wochenfeedback,28,tempo,3,2026-08-07T16:28:00Z
2436,50227,wochenfeedback,4,zufriedenheit_gesamt,4,2026-08-07T16:38:00Z
2437,50227,wochenfeedback,4,tempo,1,2026-08-07T16:38:00Z
6687,50551,wochenfeedback,4,zufriedenheit_gesamt,4,2026-08-07T16:40:00Z
6688,50551,wochenfeedback,4,tempo,2,2026-08-07T16:40:00Z
4945,50424,wochenfeedback,4,zufriedenheit_gesamt,4,2026-08-07T17:30:00Z
4946,50424,wochenfeedback,4,tempo,1,2026-08-07T17:30:00Z
4947,50424,wochenfeedback,4,freitext,Der Coach erklärt super verständlich.,2026-08-07T17:30:00Z
8535,50705,wochenfeedback,4,zufriedenheit_gesamt,4,2026-08-07T17:33:00Z
8536,50705,wochenfeedback,4,tempo,1,2026-08-07T17:33:00Z
3938,50344,wochenfeedback,40,zufriedenheit_gesamt,3,2026-08-07T17:37:00Z
3939,50344,wochenfeedback,40,tempo,1,2026-08-07T17:37:00Z
3940,50344,wochenfeedback,40,freitext,"<p>Die Videos sind gut, aber die Quizze sind zu leicht.</p>",2026-08-07T17:37:00Z
6438,50529,wochenfeedback,84,zufriedenheit_gesamt,4,2026-08-07T17:38:00Z
6439,50529,wochenfeedback,84,tempo,5,2026-08-07T17:38:00Z
5834,50481,wochenfeedback,88,zufriedenheit_gesamt,5,2026-08-07T17:50:00Z
5835,50481,wochenfeedback,88,tempo,1,2026-08-07T17:50:00Z
6232,50515,abschlussfeedback,,nps,9,2026-08-07T22:00:00Z
6233,50515,abschlussfeedback,,zufriedenheit_coach,5,2026-08-07T22:00:00Z
6234,50515,abschlussfeedback,,weiterempfehlung_grund,Ich hätte gern mehr Live-Termine.,2026-08-07T22:00:00Z
490,50045,abschlussfeedback,,nps,7,2026-08-07T23:00:00Z
491,50045,abschlussfeedback,,zufriedenheit_coach,5,2026-08-07T23:00:00Z
492,50045,abschlussfeedback,,weiterempfehlung_grund,Ich fühle mich gut vorbereitet.,2026-08-07T23:00:00Z
428,50035,abschlussfeedback,,nps,9,2026-08-08T01:00:00Z
429,50035,abschlussfeedback,,zufriedenheit_coach,5,2026-08-08T01:00:00Z
430,50035,abschlussfeedback,,weiterempfehlung_grund,Aufgabenstellungen sind teilweise unklar formuliert.,2026-08-08T01:00:00Z
1765,50157,abschlussfeedback,,nps,7/10,2026-08-08T03:00:00Z
1766,50157,abschlussfeedback,,zufriedenheit_coach,4,2026-08-08T03:00:00Z
1767,50157,abschlussfeedback,,weiterempfehlung_grund,Ich fühle mich gut vorbereitet.,2026-08-08T03:00:00Z
1639,50147,abschlussfeedback,,nps,6,2026-08-08T22:00:00Z
1640,50147,abschlussfeedback,,zufriedenheit_coach,4,2026-08-08T22:00:00Z
1641,50147,abschlussfeedback,,weiterempfehlung_grund,Die Live-Sessions sind Gold wert.,2026-08-08T22:00:00Z
8397,50694,abschlussfeedback,,nps,9,2026-08-09T00:00:00Z
8398,50694,abschlussfeedback,,zufriedenheit_coach,3,2026-08-09T00:00:00Z
8399,50694,abschlussfeedback,,weiterempfehlung_grund,Die Live-Sessions sind Gold wert.,2026-08-09T00:00:00Z
4898,50417,abschlussfeedback,,nps,9,2026-08-09T01:00:00Z
4899,50417,abschlussfeedback,,zufriedenheit_coach,3,2026-08-09T01:00:00Z
4900,50417,abschlussfeedback,,weiterempfehlung_grund,Statistik-Modul ist zu theoretisch.,2026-08-09T01:00:00Z
1126,50103,abschlussfeedback,,nps,,2026-08-09T02:00:00Z
1127,50103,abschlussfeedback,,zufriedenheit_coach,2,2026-08-09T02:00:00Z
1128,50103,abschlussfeedback,,weiterempfehlung_grund,Aufgabenstellungen sind teilweise unklar formuliert.,2026-08-09T02:00:00Z
5257,50445,abschlussfeedback,,nps,10,2026-08-09T06:00:00Z
5258,50445,abschlussfeedback,,zufriedenheit_coach,2,2026-08-09T06:00:00Z
5259,50445,abschlussfeedback,,weiterempfehlung_grund,"Top Inhalte, besonders das SQL-Modul.",2026-08-09T06:00:00Z
1191,50110,abschlussfeedback,,nps,1,2026-08-11T03:00:00Z
1192,50110,abschlussfeedback,,zufriedenheit_coach,2,2026-08-11T03:00:00Z
1193,50110,abschlussfeedback,,weiterempfehlung_grund,Die Live-Sessions sind Gold wert.,2026-08-11T03:00:00Z
5684,50475,abschlussfeedback,,nps,10,2026-08-11T20:00:00Z
5685,50475,abschlussfeedback,,zufriedenheit_coach,4,2026-08-11T20:00:00Z
5686,50475,abschlussfeedback,,weiterempfehlung_grund,Ich fühle mich gut vorbereitet.,2026-08-11T20:00:00Z
6754,50557,abschlussfeedback,,nps,5,2026-08-11T23:00:00Z
6755,50557,abschlussfeedback,,zufriedenheit_coach,2,2026-08-11T23:00:00Z
6756,50557,abschlussfeedback,,weiterempfehlung_grund,Statistik-Modul ist zu theoretisch.,2026-08-11T23:00:00Z
3222,50290,wochenfeedback,9,zufriedenheit_gesamt,4,2026-08-14T06:26:00Z
3223,50290,wochenfeedback,9,tempo,4,2026-08-14T06:26:00Z
7913,50651,wochenfeedback,13,zufriedenheit_gesamt,2,2026-08-14T07:23:00Z
7914,50651,wochenfeedback,13,tempo,1,2026-08-14T07:23:00Z
4774,50405,wochenfeedback,5,zufriedenheit_gesamt,2,2026-08-14T08:17:00Z
4775,50405,wochenfeedback,5,tempo,3,2026-08-14T08:17:00Z
8473,50697,wochenfeedback,11,zufriedenheit_gesamt,5,2026-08-14T08:23:00Z
8474,50697,wochenfeedback,11,tempo,3,2026-08-14T08:23:00Z
8475,50697,wochenfeedback,11,freitext,"Top Inhalte, besonders das SQL-Modul.",2026-08-14T08:23:00Z
4948,50424,wochenfeedback,5,zufriedenheit_gesamt,4,2026-08-14T08:26:00Z
4949,50424,wochenfeedback,5,tempo,3,2026-08-14T08:26:00Z
4950,50424,wochenfeedback,5,freitext,<p>Insgesamt <strong>sehr zufrieden</strong>.</p>,2026-08-14T08:26:00Z
882,50081,wochenfeedback,13,zufriedenheit_gesamt,5,2026-08-14T08:32:00Z
883,50081,wochenfeedback,13,tempo,3,2026-08-14T08:32:00Z
884,50081,wochenfeedback,13,freitext,<p>Insgesamt <strong>sehr zufrieden</strong>.</p>,2026-08-14T08:32:00Z
7876,50646,wochenfeedback,25,zufriedenheit_gesamt,4,2026-08-14T09:09:00Z
7877,50646,wochenfeedback,25,tempo,3,2026-08-14T09:09:00Z
7714,50629,wochenfeedback,1,zufriedenheit_gesamt,4,2026-08-14T09:15:00Z
7715,50629,wochenfeedback,1,tempo,1,2026-08-14T09:15:00Z
7716,50629,wochenfeedback,1,freitext,<p>Mehr Praxis bitte!</p>,2026-08-14T09:15:00Z
4052,50355,wochenfeedback,5,zufriedenheit_gesamt,5,2026-08-14T09:44:00Z
4053,50355,wochenfeedback,5,tempo,2,2026-08-14T09:44:00Z
2369,50220,wochenfeedback,29,zufriedenheit_gesamt,2,2026-08-14T09:51:00Z
2370,50220,wochenfeedback,29,tempo,3,2026-08-14T09:51:00Z
2371,50220,wochenfeedback,29,freitext,Zu wenig Feedback zu den Abgaben.,2026-08-14T09:51:00Z
1952,50174,wochenfeedback,5,zufriedenheit_gesamt,4,2026-08-14T09:54:00Z
1953,50174,wochenfeedback,5,tempo,4,2026-08-14T09:54:00Z
1986,50178,wochenfeedback,13,zufriedenheit_gesamt,4,2026-08-14T10:30:00Z
1987,50178,wochenfeedback,13,tempo,2,2026-08-14T10:30:00Z
3610,50314,wochenfeedback,9,zufriedenheit_gesamt,5,2026-08-14T10:40:00Z
3611,50314,wochenfeedback,9,tempo,4,2026-08-14T10:40:00Z
5936,50489,wochenfeedback,13,zufriedenheit_gesamt,4,2026-08-14T10:59:00Z
5937,50489,wochenfeedback,13,tempo,4,2026-08-14T10:59:00Z
7227,50599,wochenfeedback,69,zufriedenheit_gesamt,5,2026-08-14T11:07:00Z
7228,50599,wochenfeedback,69,tempo,4,2026-08-14T11:07:00Z
1200,50111,wochenfeedback,13,zufriedenheit_gesamt,5,2026-08-14T11:27:00Z
1201,50111,wochenfeedback,13,tempo,3,2026-08-14T11:27:00Z
910,50083,wochenfeedback,9,zufriedenheit_gesamt,4,2026-08-14T11:41:00Z
911,50083,wochenfeedback,9,tempo,1,2026-08-14T11:41:00Z
7140,50594,wochenfeedback,5,zufriedenheit_gesamt,4,2026-08-14T12:01:00Z
7141,50594,wochenfeedback,5,tempo,3,2026-08-14T12:01:00Z
7927,50654,wochenfeedback,13,zufriedenheit_gesamt,5,2026-08-14T12:05:00Z
7928,50654,wochenfeedback,13,tempo,3,2026-08-14T12:05:00Z
8491,50699,wochenfeedback,9,zufriedenheit_gesamt,3,2026-08-14T12:05:00Z
8492,50699,wochenfeedback,9,tempo,3,2026-08-14T12:05:00Z
323,50030,wochenfeedback,17,zufriedenheit_gesamt,4,2026-08-14T12:14:00Z
324,50030,wochenfeedback,17,tempo,1,2026-08-14T12:14:00Z
325,50030,wochenfeedback,17,freitext,"Tempo passt für mich, gerne mehr Praxisbeispiele.",2026-08-14T12:14:00Z
4941,50421,wochenfeedback,21,zufriedenheit_gesamt,2,2026-08-14T13:01:00Z
4942,50421,wochenfeedback,21,tempo,3,2026-08-14T13:01:00Z
8274,50686,wochenfeedback,9,zufriedenheit_gesamt,5,2026-08-14T13:25:00Z
8275,50686,wochenfeedback,9,tempo,3,2026-08-14T13:25:00Z
8276,50686,wochenfeedback,9,freitext,"<p>Die Videos sind gut, aber die Quizze sind zu leicht.</p>",2026-08-14T13:25:00Z
8054,50667,wochenfeedback,53,zufriedenheit_gesamt,5,2026-08-14T13:43:00Z
8055,50667,wochenfeedback,53,tempo,2,2026-08-14T13:43:00Z
8056,50667,wochenfeedback,53,freitext,"<p>Die Videos sind gut, aber die Quizze sind zu leicht.</p>",2026-08-14T13:43:00Z
1868,50166,wochenfeedback,29,zufriedenheit_gesamt,3,2026-08-14T13:47:00Z
1869,50166,wochenfeedback,29,tempo,5,2026-08-14T13:47:00Z
6344,50525,wochenfeedback,29,zufriedenheit_gesamt,5,2026-08-14T13:47:00Z
6345,50525,wochenfeedback,29,tempo,2,2026-08-14T13:47:00Z
4514,50390,wochenfeedback,29,zufriedenheit_gesamt,4,2026-08-14T14:34:00Z
4515,50390,wochenfeedback,29,tempo,5,2026-08-14T14:34:00Z
1521,50138,wochenfeedback,49,zufriedenheit_gesamt,3,2026-08-14T14:48:00Z
1522,50138,wochenfeedback,49,tempo,3,2026-08-14T14:48:00Z
1523,50138,wochenfeedback,49,freitext,<p>Mehr Praxis bitte!</p>,2026-08-14T14:48:00Z
7983,50662,wochenfeedback,17,zufriedenheit_gesamt,4,2026-08-14T15:16:00Z
7984,50662,wochenfeedback,17,tempo,4,2026-08-14T15:16:00Z
6766,50559,wochenfeedback,5,zufriedenheit_gesamt,5,2026-08-14T16:04:00Z
6767,50559,wochenfeedback,5,tempo,3,2026-08-14T16:04:00Z
336,50032,wochenfeedback,9,zufriedenheit_gesamt,4,2026-08-14T16:17:00Z
337,50032,wochenfeedback,9,tempo,3,2026-08-14T16:17:00Z
592,50057,wochenfeedback,1,zufriedenheit_gesamt,4,2026-08-14T16:22:00Z
593,50057,wochenfeedback,1,tempo,4,2026-08-14T16:22:00Z
4458,50387,wochenfeedback,29,zufriedenheit_gesamt,2,2026-08-14T16:45:00Z
4459,50387,wochenfeedback,29,tempo,3,2026-08-14T16:45:00Z
4460,50387,wochenfeedback,29,freitext,Zu wenig Feedback zu den Abgaben.,2026-08-14T16:45:00Z
2666,50241,wochenfeedback,17,zufriedenheit_gesamt,4,2026-08-14T17:00:00Z
2667,50241,wochenfeedback,17,tempo,3,2026-08-14T17:00:00Z
2668,50241,wochenfeedback,17,freitext,"Sehr gute Betreuung, die Übungen sind praxisnah.",2026-08-14T17:00:00Z
1366,50124,wochenfeedback,9,zufriedenheit_gesamt,4,2026-08-14T17:08:00Z
1367,50124,wochenfeedback,9,tempo,4,2026-08-14T17:08:00Z
510,50049,wochenfeedback,5,zufriedenheit_gesamt,5,2026-08-14T17:30:00Z
511,50049,wochenfeedback,5,tempo,2,2026-08-14T17:30:00Z
512,50049,wochenfeedback,5,freitext,"Top Inhalte, besonders das SQL-Modul.",2026-08-14T17:30:00Z
4324,50377,wochenfeedback,13,zufriedenheit_gesamt,5,2026-08-14T17:39:00Z
4325,50377,wochenfeedback,13,tempo,3,2026-08-14T17:39:00Z
2200,50204,abschlussfeedback,,nps,6,2026-08-17T23:00:00Z
2201,50204,abschlussfeedback,,zufriedenheit_coach,5,2026-08-17T23:00:00Z
2202,50204,abschlussfeedback,,weiterempfehlung_grund,"Das Tempo ist mir zu hoch, ich komme kaum hinterher.",2026-08-17T23:00:00Z
1921,50171,abschlussfeedback,,nps,1,2026-08-18T01:00:00Z
1922,50171,abschlussfeedback,,zufriedenheit_coach,4,2026-08-18T01:00:00Z
1923,50171,abschlussfeedback,,weiterempfehlung_grund,Aufgabenstellungen sind teilweise unklar formuliert.,2026-08-18T01:00:00Z
77,50006,abschlussfeedback,,nps,10,2026-08-21T00:00:00Z
78,50006,abschlussfeedback,,zufriedenheit_coach,5,2026-08-21T00:00:00Z
79,50006,abschlussfeedback,,weiterempfehlung_grund,Ich fühle mich gut vorbereitet.,2026-08-21T00:00:00Z
5871,50483,wochenfeedback,18,zufriedenheit_gesamt,4,2026-08-21T06:18:00Z
5872,50483,wochenfeedback,18,tempo,3,2026-08-21T06:18:00Z
940,50087,wochenfeedback,6,zufriedenheit_gesamt,4,2026-08-21T06:45:00Z
941,50087,wochenfeedback,6,tempo,4,2026-08-21T06:45:00Z
5386,50451,wochenfeedback,46,zufriedenheit_gesamt,3,2026-08-21T07:08:00Z
5387,50451,wochenfeedback,46,tempo,5,2026-08-21T07:08:00Z
5388,50451,wochenfeedback,46,freitext,Die Plattform hatte diese Woche mehrfach Ausfälle.,2026-08-21T07:08:00Z
5266,50446,wochenfeedback,22,zufriedenheit_gesamt,2,2026-08-21T07:35:00Z
5267,50446,wochenfeedback,22,tempo,2,2026-08-21T07:35:00Z
4943,50423,wochenfeedback,6,zufriedenheit_gesamt,2,2026-08-21T07:46:00Z
4944,50423,wochenfeedback,6,tempo,3,2026-08-21T07:46:00Z
5580,50467,wochenfeedback,6,zufriedenheit_gesamt,5,2026-08-21T07:49:00Z
5581,50467,wochenfeedback,6,tempo,4,2026-08-21T07:49:00Z
5836,50481,wochenfeedback,90,zufriedenheit_gesamt,5,2026-08-21T08:02:00Z
5837,50481,wochenfeedback,90,tempo,4,2026-08-21T08:02:00Z
5838,50481,wochenfeedback,90,freitext,Die Live-Sessions sind Gold wert.,2026-08-21T08:02:00Z
1988,50178,wochenfeedback,14,zufriedenheit_gesamt,4,2026-08-21T08:05:00Z
1989,50178,wochenfeedback,14,tempo,4,2026-08-21T08:05:00Z
5920,50488,wochenfeedback,42,zufriedenheit_gesamt,4,2026-08-21T08:11:00Z
5921,50488,wochenfeedback,42,tempo,4,2026-08-21T08:11:00Z
5922,50488,wochenfeedback,42,freitext,Die Live-Sessions sind Gold wert.,2026-08-21T08:11:00Z
6593,50545,wochenfeedback,30,zufriedenheit_gesamt,2,2026-08-21T08:14:00Z
6594,50545,wochenfeedback,30,tempo,5,2026-08-21T08:14:00Z
6595,50545,wochenfeedback,30,freitext,Aufgabenstellungen sind teilweise unklar formuliert.,2026-08-21T08:14:00Z
4923,50420,wochenfeedback,2,zufriedenheit_gesamt,4,2026-08-21T08:16:00Z
4924,50420,wochenfeedback,2,tempo,4,2026-08-21T08:16:00Z
4925,50420,wochenfeedback,2,freitext,"<p>Die Videos sind gut, aber die Quizze sind zu leicht.</p>",2026-08-21T08:16:00Z
8277,50686,wochenfeedback,10,zufriedenheit_gesamt,4,2026-08-21T08:19:00Z
8278,50686,wochenfeedback,10,tempo,3,2026-08-21T08:19:00Z
8279,50686,wochenfeedback,10,freitext,"Sehr gute Betreuung, die Übungen sind praxisnah.",2026-08-21T08:19:00Z
4461,50387,wochenfeedback,30,zufriedenheit_gesamt,4,2026-08-21T08:48:00Z
4462,50387,wochenfeedback,30,tempo,1,2026-08-21T08:48:00Z
4463,50387,wochenfeedback,30,freitext,"Top Inhalte, besonders das SQL-Modul.",2026-08-21T08:48:00Z
2141,50200,wochenfeedback,2,zufriedenheit_gesamt,2,2026-08-21T08:51:00Z
2142,50200,wochenfeedback,2,tempo,5,2026-08-21T08:51:00Z
4516,50390,wochenfeedback,30,zufriedenheit_gesamt,4,2026-08-21T09:27:00Z
4517,50390,wochenfeedback,30,tempo,3,2026-08-21T09:27:00Z
8390,50692,wochenfeedback,98,zufriedenheit_gesamt,2,2026-08-21T09:38:00Z
8391,50692,wochenfeedback,98,tempo,4,2026-08-21T09:38:00Z
8392,50692,wochenfeedback,98,freitext,<p>Mehr Praxis bitte!</p>,2026-08-21T09:38:00Z
1784,50160,wochenfeedback,6,zufriedenheit_gesamt,4,2026-08-21T09:43:00Z
1785,50160,wochenfeedback,6,tempo,3,2026-08-21T09:43:00Z
1786,50160,wochenfeedback,6,freitext,Die Live-Sessions sind Gold wert.,2026-08-21T09:43:00Z
885,50081,wochenfeedback,14,zufriedenheit_gesamt,3,2026-08-21T10:40:00Z
886,50081,wochenfeedback,14,tempo,3,2026-08-21T10:40:00Z
449,50038,wochenfeedback,6,zufriedenheit_gesamt,5,2026-08-21T10:44:00Z
450,50038,wochenfeedback,6,tempo,5,2026-08-21T10:44:00Z
338,50032,wochenfeedback,10,zufriedenheit_gesamt,4,2026-08-21T10:46:00Z
339,50032,wochenfeedback,10,tempo,1,2026-08-21T10:46:00Z
340,50032,wochenfeedback,10,freitext,<p>Insgesamt <strong>sehr zufrieden</strong>.</p>,2026-08-21T10:46:00Z
7915,50651,wochenfeedback,14,zufriedenheit_gesamt,5,2026-08-21T10:59:00Z
7916,50651,wochenfeedback,14,tempo,4,2026-08-21T10:59:00Z
6075,50502,wochenfeedback,22,zufriedenheit_gesamt,4,2026-08-21T11:05:00Z
6076,50502,wochenfeedback,22,tempo,5,2026-08-21T11:05:00Z
6077,50502,wochenfeedback,22,freitext,"Top Inhalte, besonders das SQL-Modul.",2026-08-21T11:05:00Z
6440,50529,wochenfeedback,86,zufriedenheit_gesamt,4,2026-08-21T11:06:00Z
6441,50529,wochenfeedback,86,tempo,3,2026-08-21T11:06:00Z
2763,50250,wochenfeedback,38,zufriedenheit_gesamt,2,2026-08-21T11:12:00Z
2764,50250,wochenfeedback,38,tempo,3,2026-08-21T11:12:00Z
3830,50337,wochenfeedback,6,zufriedenheit_gesamt,4,2026-08-21T11:17:00Z
3831,50337,wochenfeedback,6,tempo,3,2026-08-21T11:17:00Z
6444,50530,wochenfeedback,6,zufriedenheit_gesamt,5,2026-08-21T11:34:00Z
6445,50530,wochenfeedback,6,tempo,3,2026-08-21T11:34:00Z
5550,50464,wochenfeedback,6,zufriedenheit_gesamt,5,2026-08-21T11:44:00Z
5551,50464,wochenfeedback,6,tempo,1,2026-08-21T11:44:00Z
5552,50464,wochenfeedback,6,freitext,"Top Inhalte, besonders das SQL-Modul.",2026-08-21T11:44:00Z
3620,50316,wochenfeedback,10,zufriedenheit_gesamt,4,2026-08-21T11:46:00Z
3621,50316,wochenfeedback,10,tempo,3,2026-08-21T11:46:00Z
3332,50301,wochenfeedback,14,zufriedenheit_gesamt,4,2026-08-21T11:47:00Z
3333,50301,wochenfeedback,14,tempo,4,2026-08-21T11:47:00Z
3334,50301,wochenfeedback,14,freitext,Ich fühle mich gut vorbereitet.,2026-08-21T11:47:00Z
4655,50394,wochenfeedback,94,zufriedenheit_gesamt,3,2026-08-21T11:50:00Z
4656,50394,wochenfeedback,94,tempo,3,2026-08-21T11:50:00Z
4054,50355,wochenfeedback,6,zufriedenheit_gesamt,2,2026-08-21T12:16:00Z
4055,50355,wochenfeedback,6,tempo,3,2026-08-21T12:16:00Z
3941,50344,wochenfeedback,42,zufriedenheit_gesamt,3,2026-08-21T12:17:00Z
3942,50344,wochenfeedback,42,tempo,3,2026-08-21T12:17:00Z
8057,50667,wochenfeedback,54,zufriedenheit_gesamt,3,2026-08-21T12:48:00Z
8058,50667,wochenfeedback,54,tempo,3,2026-08-21T12:48:00Z
8059,50667,wochenfeedback,54,freitext,Statistik-Modul ist zu theoretisch.,2026-08-21T12:48:00Z
2616,50236,wochenfeedback,82,zufriedenheit_gesamt,5,2026-08-21T12:57:00Z
2617,50236,wochenfeedback,82,tempo,2,2026-08-21T12:57:00Z
7824,50637,wochenfeedback,14,zufriedenheit_gesamt,4,2026-08-21T12:58:00Z
7825,50637,wochenfeedback,14,tempo,3,2026-08-21T12:58:00Z
1954,50174,wochenfeedback,6,zufriedenheit_gesamt,4,2026-08-21T13:08:00Z
1955,50174,wochenfeedback,6,tempo,3,2026-08-21T13:08:00Z
6952,50577,wochenfeedback,2,zufriedenheit_gesamt,5,2026-08-21T13:17:00Z
6953,50577,wochenfeedback,2,tempo,1,2026-08-21T13:17:00Z
6768,50559,wochenfeedback,6,zufriedenheit_gesamt,2,2026-08-21T13:28:00Z
6769,50559,wochenfeedback,6,tempo,2,2026-08-21T13:28:00Z
461,50040,wochenfeedback,2,zufriedenheit_gesamt,5,2026-08-21T13:48:00Z
462,50040,wochenfeedback,2,tempo,2,2026-08-21T13:48:00Z
463,50040,wochenfeedback,2,freitext,"Tempo passt für mich, gerne mehr Praxisbeispiele.",2026-08-21T13:48:00Z
4723,50399,wochenfeedback,2,zufriedenheit_gesamt,3,2026-08-21T14:30:00Z
4724,50399,wochenfeedback,2,tempo,3,2026-08-21T14:30:00Z
5670,50474,wochenfeedback,34,zufriedenheit_gesamt,3,2026-08-21T14:36:00Z
5671,50474,wochenfeedback,34,tempo,4,2026-08-21T14:36:00Z
5672,50474,wochenfeedback,34,freitext,Ich hätte gern mehr Live-Termine.,2026-08-21T14:36:00Z
2292,50214,wochenfeedback,22,zufriedenheit_gesamt,4,2026-08-21T14:56:00Z
2293,50214,wochenfeedback,22,tempo,4,2026-08-21T14:56:00Z
1524,50138,wochenfeedback,50,zufriedenheit_gesamt,4,2026-08-21T15:09:00Z
1525,50138,wochenfeedback,50,tempo,3,2026-08-21T15:09:00Z
8537,50705,wochenfeedback,6,zufriedenheit_gesamt,5,2026-08-21T15:21:00Z
8538,50705,wochenfeedback,6,tempo,1,2026-08-21T15:21:00Z
434,50036,wochenfeedback,6,zufriedenheit_gesamt,3,2026-08-21T15:29:00Z
435,50036,wochenfeedback,6,tempo,1,2026-08-21T15:29:00Z
8525,50703,wochenfeedback,2,zufriedenheit_gesamt,2,2026-08-21T16:13:00Z
8526,50703,wochenfeedback,2,tempo,4,2026-08-21T16:13:00Z
8527,50703,wochenfeedback,2,freitext,Zu wenig Feedback zu den Abgaben.,2026-08-21T16:13:00Z
8328,50688,wochenfeedback,2,zufriedenheit_gesamt,5,2026-08-21T16:16:00Z
8329,50688,wochenfeedback,2,tempo,1,2026-08-21T16:16:00Z
8330,50688,wochenfeedback,2,freitext,Die Live-Sessions sind Gold wert.,2026-08-21T16:16:00Z
1345,50121,wochenfeedback,6,zufriedenheit_gesamt,4,2026-08-21T16:23:00Z
1346,50121,wochenfeedback,6,tempo,3,2026-08-21T16:23:00Z
2138,50199,wochenfeedback,6,zufriedenheit_gesamt,4,2026-08-21T16:28:00Z
2139,50199,wochenfeedback,6,tempo,4,2026-08-21T16:28:00Z
2140,50199,wochenfeedback,6,freitext,Der Coach erklärt super verständlich.,2026-08-21T16:28:00Z
4034,50347,wochenfeedback,94,zufriedenheit_gesamt,3,2026-08-21T17:31:00Z
4035,50347,wochenfeedback,94,tempo,4,2026-08-21T17:31:00Z
1368,50124,wochenfeedback,10,zufriedenheit_gesamt,5,2026-08-21T17:37:00Z
1369,50124,wochenfeedback,10,tempo,4,2026-08-21T17:37:00Z
1370,50124,wochenfeedback,10,freitext,"Tempo passt für mich, gerne mehr Praxisbeispiele.",2026-08-21T17:37:00Z
2821,50257,wochenfeedback,14,zufriedenheit_gesamt,2,2026-08-21T17:47:00Z
2822,50257,wochenfeedback,14,tempo,3,2026-08-21T17:47:00Z
2823,50257,wochenfeedback,14,freitext,<p>Insgesamt <strong>sehr zufrieden</strong>.</p>,2026-08-21T17:47:00Z
6362,50528,wochenfeedback,6,zufriedenheit_gesamt,4,2026-08-21T17:51:00Z
6363,50528,wochenfeedback,6,tempo,2,2026-08-21T17:51:00Z
6364,50528,wochenfeedback,6,freitext,"Top Inhalte, besonders das SQL-Modul.",2026-08-21T17:51:00Z
467,50041,wochenfeedback,6,zufriedenheit_gesamt,4,2026-08-21T17:57:00Z
468,50041,wochenfeedback,6,tempo,2,2026-08-21T17:57:00Z
8476,50697,abschlussfeedback,,nps,8,2026-08-22T05:00:00Z
8477,50697,abschlussfeedback,,zufriedenheit_coach,5,2026-08-22T05:00:00Z
8478,50697,abschlussfeedback,,weiterempfehlung_grund,"Top Inhalte, besonders das SQL-Modul.",2026-08-22T05:00:00Z
3224,50290,wochenfeedback,11,zufriedenheit_gesamt,5,2026-08-28T06:12:00Z
3225,50290,wochenfeedback,11,tempo,2,2026-08-28T06:12:00Z
6365,50528,wochenfeedback,7,zufriedenheit_gesamt,5,2026-08-28T06:26:00Z
6366,50528,wochenfeedback,7,tempo,5,2026-08-28T06:26:00Z
6367,50528,wochenfeedback,7,freitext,Ich fühle mich gut vorbereitet.,2026-08-28T06:26:00Z
912,50083,wochenfeedback,11,zufriedenheit_gesamt,2,2026-08-28T06:32:00Z
913,50083,wochenfeedback,11,tempo,2,2026-08-28T06:32:00Z
8548,50707,wochenfeedback,7,zufriedenheit_gesamt,4,2026-08-28T06:50:00Z
8549,50707,wochenfeedback,7,tempo,3,2026-08-28T06:50:00Z
5231,50443,wochenfeedback,15,zufriedenheit_gesamt,4,2026-08-28T07:00:00Z
5232,50443,wochenfeedback,15,tempo,4,2026-08-28T07:00:00Z
5233,50443,wochenfeedback,15,freitext,Der Coach erklärt super verständlich.,2026-08-28T07:00:00Z
7700,50627,wochenfeedback,31,zufriedenheit_gesamt,5,2026-08-28T07:14:00Z
7701,50627,wochenfeedback,31,tempo,2,2026-08-28T07:14:00Z
7702,50627,wochenfeedback,31,freitext,"Top Inhalte, besonders das SQL-Modul.",2026-08-28T07:14:00Z
2765,50250,wochenfeedback,39,zufriedenheit_gesamt,4,2026-08-28T07:20:00Z
2766,50250,wochenfeedback,39,tempo,3,2026-08-28T07:20:00Z
2767,50250,wochenfeedback,39,freitext,"Sehr gute Betreuung, die Übungen sind praxisnah.",2026-08-28T07:20:00Z
7129,50592,wochenfeedback,11,zufriedenheit_gesamt,5,2026-08-28T08:00:00Z
7130,50592,wochenfeedback,11,tempo,5,2026-08-28T08:00:00Z
7131,50592,wochenfeedback,11,freitext,Die Live-Sessions sind Gold wert.,2026-08-28T08:00:00Z
942,50087,wochenfeedback,7,zufriedenheit_gesamt,4,2026-08-28T08:16:00Z
943,50087,wochenfeedback,7,tempo,3,2026-08-28T08:16:00Z
944,50087,wochenfeedback,7,freitext,"<p>Die Videos sind gut, aber die Quizze sind zu leicht.</p>",2026-08-28T08:16:00Z
8460,50696,wochenfeedback,39,zufriedenheit_gesamt,3,2026-08-28T08:22:00Z
8461,50696,wochenfeedback,39,tempo,3,2026-08-28T08:22:00Z
8462,50696,wochenfeedback,39,freitext,Aufgabenstellungen sind teilweise unklar formuliert.,2026-08-28T08:22:00Z
3031,50278,wochenfeedback,15,zufriedenheit_gesamt,4,2026-08-28T09:05:00Z
3032,50278,wochenfeedback,15,tempo,3,2026-08-28T09:05:00Z
3033,50278,wochenfeedback,15,freitext,"Sehr gute Betreuung, die Übungen sind praxisnah.",2026-08-28T09:05:00Z
464,50040,wochenfeedback,3,zufriedenheit_gesamt,2,2026-08-28T09:19:00Z
465,50040,wochenfeedback,3,tempo,4,2026-08-28T09:19:00Z
466,50040,wochenfeedback,3,freitext,Zu wenig Feedback zu den Abgaben.,2026-08-28T09:19:00Z
8331,50688,wochenfeedback,3,zufriedenheit_gesamt,4,2026-08-28T09:54:00Z
8332,50688,wochenfeedback,3,tempo,3,2026-08-28T09:54:00Z
802,50073,wochenfeedback,11,zufriedenheit_gesamt,3,2026-08-28T10:02:00Z
803,50073,wochenfeedback,11,tempo,3,2026-08-28T10:02:00Z
2618,50236,wochenfeedback,83,zufriedenheit_gesamt,2,2026-08-28T10:04:00Z
2619,50236,wochenfeedback,83,tempo,3,2026-08-28T10:04:00Z
2620,50236,wochenfeedback,83,freitext,"Das Tempo ist mir zu hoch, ich komme kaum hinterher.",2026-08-28T10:04:00Z
7042,50583,wochenfeedback,7,zufriedenheit_gesamt,4,2026-08-28T10:21:00Z
7043,50583,wochenfeedback,7,tempo,3,2026-08-28T10:21:00Z
2079,50190,wochenfeedback,7,zufriedenheit_gesamt,2,2026-08-28T10:26:00Z
2080,50190,wochenfeedback,7,tempo,2,2026-08-28T10:26:00Z
2778,50252,wochenfeedback,3,zufriedenheit_gesamt,4,2026-08-28T10:26:00Z
2779,50252,wochenfeedback,3,tempo,4,2026-08-28T10:26:00Z
2780,50252,wochenfeedback,3,freitext,"Tempo passt für mich, gerne mehr Praxisbeispiele.",2026-08-28T10:26:00Z
3436,50303,wochenfeedback,103,zufriedenheit_gesamt,4,2026-08-28T10:42:00Z
3437,50303,wochenfeedback,103,tempo,4,2026-08-28T10:42:00Z
5553,50464,wochenfeedback,7,zufriedenheit_gesamt,2,2026-08-28T10:52:00Z
5554,50464,wochenfeedback,7,tempo,2,2026-08-28T10:52:00Z
5555,50464,wochenfeedback,7,freitext,"Das Tempo ist mir zu hoch, ich komme kaum hinterher.",2026-08-28T10:52:00Z
4953,50426,wochenfeedback,1,zufriedenheit_gesamt,1,2026-08-28T10:53:00Z
4954,50426,wochenfeedback,1,tempo,4,2026-08-28T10:53:00Z
8493,50699,wochenfeedback,11,zufriedenheit_gesamt,2,2026-08-28T11:27:00Z
8494,50699,wochenfeedback,11,tempo,1,2026-08-28T11:27:00Z
887,50081,wochenfeedback,15,zufriedenheit_gesamt,2,2026-08-28T12:00:00Z
888,50081,wochenfeedback,15,tempo,5,2026-08-28T12:00:00Z
889,50081,wochenfeedback,15,freitext,Die Plattform hatte diese Woche mehrfach Ausfälle.,2026-08-28T12:00:00Z
5839,50481,wochenfeedback,91,zufriedenheit_gesamt,4,2026-08-28T12:25:00Z
5840,50481,wochenfeedback,91,tempo,1,2026-08-28T12:25:00Z
5841,50481,wochenfeedback,91,freitext,Der Coach erklärt super verständlich.,2026-08-28T12:25:00Z
6596,50545,wochenfeedback,31,zufriedenheit_gesamt,4,2026-08-28T12:30:00Z
6597,50545,wochenfeedback,31,tempo,4,2026-08-28T12:30:00Z
6598,50545,wochenfeedback,31,freitext,Der Coach erklärt super verständlich.,2026-08-28T12:30:00Z
5990,50495,wochenfeedback,7,zufriedenheit_gesamt,5,2026-08-28T13:47:00Z
5991,50495,wochenfeedback,7,tempo,3,2026-08-28T13:47:00Z
6770,50559,wochenfeedback,7,zufriedenheit_gesamt,5,2026-08-28T14:21:00Z
6771,50559,wochenfeedback,7,tempo,4,2026-08-28T14:21:00Z
6772,50559,wochenfeedback,7,freitext,Die Live-Sessions sind Gold wert.,2026-08-28T14:21:00Z
4951,50424,wochenfeedback,7,zufriedenheit_gesamt,5,2026-08-28T15:05:00Z
4952,50424,wochenfeedback,7,tempo,3,2026-08-28T15:05:00Z
7080,50586,wochenfeedback,19,zufriedenheit_gesamt,4,2026-08-28T15:09:00Z
7081,50586,wochenfeedback,19,tempo,3,2026-08-28T15:09:00Z
1580,50142,wochenfeedback,19,zufriedenheit_gesamt,4,2026-08-28T15:14:00Z
1581,50142,wochenfeedback,19,tempo,3,2026-08-28T15:14:00Z
7443,50615,wochenfeedback,1,zufriedenheit_gesamt,5,2026-08-28T15:17:00Z
7444,50615,wochenfeedback,1,tempo,3,2026-08-28T15:17:00Z
6078,50502,wochenfeedback,23,zufriedenheit_gesamt,5,2026-08-28T15:35:00Z
6079,50502,wochenfeedback,23,tempo,5,2026-08-28T15:35:00Z
2133,50197,wochenfeedback,11,zufriedenheit_gesamt,5,2026-08-28T16:02:00Z
2134,50197,wochenfeedback,11,tempo,1,2026-08-28T16:02:00Z
2135,50197,wochenfeedback,11,freitext,Ich fühle mich gut vorbereitet.,2026-08-28T16:02:00Z
2824,50257,wochenfeedback,15,zufriedenheit_gesamt,4,2026-08-28T16:08:00Z
2825,50257,wochenfeedback,15,tempo,4,2026-08-28T16:08:00Z
6198,50511,wochenfeedback,23,zufriedenheit_gesamt,4,2026-08-28T16:22:00Z
6199,50511,wochenfeedback,23,tempo,5,2026-08-28T16:22:00Z
3824,50335,wochenfeedback,3,zufriedenheit_gesamt,3,2026-08-28T16:43:00Z
3825,50335,wochenfeedback,3,tempo,2,2026-08-28T16:43:00Z
747,50069,wochenfeedback,3,zufriedenheit_gesamt,4,2026-08-28T16:49:00Z
748,50069,wochenfeedback,3,tempo,2,2026-08-28T16:49:00Z
3943,50344,wochenfeedback,43,zufriedenheit_gesamt,5,2026-08-28T16:49:00Z
3944,50344,wochenfeedback,43,tempo,4,2026-08-28T16:49:00Z
3945,50344,wochenfeedback,43,freitext,Die Live-Sessions sind Gold wert.,2026-08-28T16:49:00Z
326,50030,wochenfeedback,19,zufriedenheit_gesamt,4,2026-08-28T16:55:00Z
327,50030,wochenfeedback,19,tempo,2,2026-08-28T16:55:00Z
328,50030,wochenfeedback,19,freitext,Ich fühle mich gut vorbereitet.,2026-08-28T16:55:00Z
6320,50524,wochenfeedback,19,zufriedenheit_gesamt,4,2026-08-28T16:57:00Z
6321,50524,wochenfeedback,19,tempo,5,2026-08-28T16:57:00Z
3832,50337,wochenfeedback,7,zufriedenheit_gesamt,4,2026-08-28T17:14:00Z
3833,50337,wochenfeedback,7,tempo,3,2026-08-28T17:14:00Z
8528,50703,wochenfeedback,3,zufriedenheit_gesamt,5,2026-08-28T17:22:00Z
8529,50703,wochenfeedback,3,tempo,1,2026-08-28T17:22:00Z
5923,50488,wochenfeedback,43,zufriedenheit_gesamt,5,2026-08-28T17:36:00Z
5924,50488,wochenfeedback,43,tempo,2,2026-08-28T17:36:00Z
5925,50488,wochenfeedback,43,freitext,Der Coach erklärt super verständlich.,2026-08-28T17:36:00Z
5706,50478,wochenfeedback,7,zufriedenheit_gesamt,2,2026-08-28T17:45:00Z
5707,50478,wochenfeedback,7,tempo,3,2026-08-28T17:45:00Z
7917,50651,abschlussfeedback,,nps,,2026-08-30T21:00:00Z
7918,50651,abschlussfeedback,,zufriedenheit_coach,5,2026-08-30T21:00:00Z
7919,50651,abschlussfeedback,,weiterempfehlung_grund,Zu wenig Feedback zu den Abgaben.,2026-08-30T21:00:00Z
329,50030,abschlussfeedback,,nps,7,2026-08-31T02:00:00Z
330,50030,abschlussfeedback,,zufriedenheit_coach,4,2026-08-31T02:00:00Z
331,50030,abschlussfeedback,,weiterempfehlung_grund,"Top Inhalte, besonders das SQL-Modul.",2026-08-31T02:00:00Z
1400,50128,abschlussfeedback,,nps,5,2026-08-31T05:00:00Z
1401,50128,abschlussfeedback,,zufriedenheit_coach,2,2026-08-31T05:00:00Z
1402,50128,abschlussfeedback,,weiterempfehlung_grund,Statistik-Modul ist zu theoretisch.,2026-08-31T05:00:00Z
4955,50426,abschlussfeedback,,nps,5,2026-08-31T05:00:00Z
4956,50426,abschlussfeedback,,zufriedenheit_coach,5,2026-08-31T05:00:00Z
4957,50426,abschlussfeedback,,weiterempfehlung_grund,Statistik-Modul ist zu theoretisch.,2026-08-31T05:00:00Z
1073,50097,abschlussfeedback,,nps,4,2026-08-31T19:00:00Z
1074,50097,abschlussfeedback,,zufriedenheit_coach,5,2026-08-31T19:00:00Z
1075,50097,abschlussfeedback,,weiterempfehlung_grund,"Tempo passt für mich, gerne mehr Praxisbeispiele.",2026-08-31T19:00:00Z
1582,50142,abschlussfeedback,,nps,8,2026-09-01T01:00:00Z
1583,50142,abschlussfeedback,,zufriedenheit_coach,4,2026-09-01T01:00:00Z
1584,50142,abschlussfeedback,,weiterempfehlung_grund,"Top Inhalte, besonders das SQL-Modul.",2026-09-01T01:00:00Z
2415,50225,abschlussfeedback,,nps,9,2026-09-01T01:00:00Z
2416,50225,abschlussfeedback,,zufriedenheit_coach,5,2026-09-01T01:00:00Z
2417,50225,abschlussfeedback,,weiterempfehlung_grund,"Das Tempo ist mir zu hoch, ich komme kaum hinterher.",2026-09-01T01:00:00Z
3034,50278,abschlussfeedback,,nps,10,2026-09-01T01:00:00Z
3035,50278,abschlussfeedback,,zufriedenheit_coach,2,2026-09-01T01:00:00Z
3036,50278,abschlussfeedback,,weiterempfehlung_grund,Aufgabenstellungen sind teilweise unklar formuliert.,2026-09-01T01:00:00Z
4518,50390,abschlussfeedback,,nps,8,2026-09-01T01:00:00Z
4519,50390,abschlussfeedback,,zufriedenheit_coach,5,2026-09-01T01:00:00Z
4520,50390,abschlussfeedback,,weiterempfehlung_grund,Die Live-Sessions sind Gold wert.,2026-09-01T01:00:00Z
6102,50504,abschlussfeedback,,nps,10,2026-09-01T01:00:00Z
6103,50504,abschlussfeedback,,zufriedenheit_coach,4,2026-09-01T01:00:00Z
6104,50504,abschlussfeedback,,weiterempfehlung_grund,Aufgabenstellungen sind teilweise unklar formuliert.,2026-09-01T01:00:00Z
7082,50586,abschlussfeedback,,nps,9,2026-09-01T01:00:00Z
7083,50586,abschlussfeedback,,zufriedenheit_coach,3,2026-09-01T01:00:00Z
7084,50586,abschlussfeedback,,weiterempfehlung_grund,"Tempo passt für mich, gerne mehr Praxisbeispiele.",2026-09-01T01:00:00Z
7929,50654,abschlussfeedback,,nps,10,2026-09-01T01:00:00Z
7930,50654,abschlussfeedback,,zufriedenheit_coach,3,2026-09-01T01:00:00Z
7931,50654,abschlussfeedback,,weiterempfehlung_grund,Die Plattform hatte diese Woche mehrfach Ausfälle.,2026-09-01T01:00:00Z
7985,50662,abschlussfeedback,,nps,10,2026-09-01T01:00:00Z
7986,50662,abschlussfeedback,,zufriedenheit_coach,5,2026-09-01T01:00:00Z
7987,50662,abschlussfeedback,,weiterempfehlung_grund,"Sehr gute Betreuung, die Übungen sind praxisnah.",2026-09-01T01:00:00Z
